Name,Borough,Cuisine,Grade,Score,Inspection_Date
1.50 HOT PIZZA,Bronx,Pizza,A,13,2025-09-17
1.50 HOT PIZZA,Bronx,Pizza,B,20,2023-01-11
161 BAR & GRILL,Bronx,Latin American,B,26,2025-10-22
167 DOMINICAN DELI GROCERY INC,Bronx,Spanish,C,44,2026-01-20
167 EMPANADAS RD,Bronx,Sandwiches/Salads/Mixed Buffet,B,26,2024-04-23
2123 FRESH TORTILLAS,Bronx,Japanese,B,20,2024-02-23
241ST CAFE RESTAURANT,Bronx,American,A,11,2023-11-03
2M DELI,Bronx,Latin American,A,10,2026-06-08
3 BROS PIZZA & TACOS CORP.,Bronx,Pizza,A,13,2025-07-21
3-J RESTAURANT AND PIZZA,Bronx,Latin American,A,13,2024-11-20
3A'S LEGACY SALAD & GRILL,Bronx,Soups/Salads/Sandwiches,C,42,2023-02-24
5 STAR PIZZA,Bronx,Pizza,B,23,2023-10-10
5 STAR PIZZA,Bronx,Pizza,B,21,2026-03-23
5 STAR PIZZA,Bronx,Pizza,C,33,2025-06-17
619 BAR & RESTAURANT EL SALVADORENO,Bronx,Latin American,A,13,2026-08-26
7 SPICES,Bronx,Caribbean,A,11,2026-09-04
787 COFFEE,Bronx,Coffee/Tea,C,29,2025-08-06
787 COFFEE,Bronx,Coffee/Tea,C,30,2023-10-04
789 COCINA LATINA RESTAURANT INC.,Bronx,Spanish,A,12,2023-10-18
AA CHINESE RESTAURANT,Bronx,Chinese,B,20,2024-09-23
ADAYA AFRICAN AMERICAN RESTAURANT,Bronx,African,A,13,2025-04-07
ADAYA AFRICAN AMERICAN RESTAURANT,Bronx,African,C,39,2024-03-04
ADDEOS OF THE BRONX,Bronx,Pizza,A,10,2024-06-12
ADELA'S RESTAURANT,Bronx,Mexican,A,12,2026-07-17
ADOM CUISINE,Bronx,African,A,12,2026-04-06
AFRICAN HOME RESTAURANT,Bronx,African,A,12,2025-05-01
AGRA GRILL AND RESTAURANT,Bronx,Indian,A,12,2024-12-05
AJO & OREGANO RESTAURANT,Bronx,Latin American,B,24,2025-07-17
AJO & OREGANO RESTAURANT,Bronx,Latin American,B,27,2024-03-11
AL AQSA PARTY HALL,Bronx,Asian/Asian Fusion,A,12,2026-04-14
AL-AQSA CHINESE,Bronx,Chinese,A,9,2023-07-24
AL-AQSA RESTAURANT,Bronx,Bangladeshi,A,9,2025-05-12
AL-AQSA RESTAURANT,Bronx,Bangladeshi,C,35,2023-08-30
ALBERT'S COFFEE SHOP,Bronx,American,A,10,2024-11-18
ALCHOLOS BAKERY,Bronx,Bakery Products/Desserts,B,21,2024-05-08
ALITALIA PIZZA RESTAURANT,Bronx,Pizza,A,13,2025-12-15
ALLEN RESTAURANT,Bronx,Latin American,B,25,2023-09-01
ALLEN RESTAURANT,Bronx,Latin American,C,31,2026-06-24
ALLERTON RESTAURANT,Bronx,American,A,12,2024-04-10
ALLERTON RESTAURANT,Bronx,American,C,67,2025-07-17
ALWAHA RESTAURANT,Bronx,Middle Eastern,A,12,2026-02-11
AMAN RESTAURANT,Bronx,Indian,C,37,2023-04-17
AMAN RESTAURANT,Bronx,Indian,C,37,2025-01-06
AMINAS CAFE,Bronx,American,A,11,2025-02-14
AN BEAL BOCHT CAFE,Bronx,American,B,23,2024-05-21
ANA'S BAKERY & CAFE,Bronx,Bakery Products/Desserts,B,17,2023-02-22
ANDY'S TERIYAKI & TACO,Bronx,Tex-Mex,A,13,2026-07-28
ANGIOLINA'S RESTAURANT,Bronx,Spanish,C,46,2024-02-12
ANTOJITOS LA GARNACHA,Bronx,Spanish,A,12,2026-01-07
ANTOJITOS LA GARNACHA,Bronx,Spanish,B,20,2023-01-30
ANTOJITOS RESTAURANT & JUICE BAR,Bronx,Latin American,B,18,2025-04-15
ANTOJITOS RESTAURANT & JUICE BAR,Bronx,Latin American,C,28,2024-03-13
ANTONIO'S TRATTORIA,Bronx,Italian,B,16,2024-08-19
ANTONIO'S TRATTORIA,Bronx,Italian,B,16,2026-05-29
AOYU SUSHI,Bronx,Japanese,A,12,2025-05-30
ARNAUD STEAK & SEAFOOD,Bronx,Latin American,B,21,2026-01-17
AROMA CAFE,Bronx,Coffee/Tea,A,12,2025-02-28
AROMA RESTAURAT & BAR,Bronx,Spanish,A,12,2024-05-02
ARTH ALGANATIN,Bronx,Middle Eastern,A,13,2024-04-25
ARTH ALGANATIN,Bronx,Middle Eastern,B,21,2023-04-06
ARTHUR AVENUE CATERS,Bronx,Italian,A,10,2024-03-18
ARTURO'S PIZZA,Bronx,Pizza,B,24,2026-01-23
ARTUSO PASTRY SHOP,Bronx,Bakery Products/Desserts,A,12,2026-04-03
ARTUSO PASTRY SHOP,Bronx,Bakery Products/Desserts,A,12,2025-02-12
ASEER TIME,Bronx,"Juice, Smoothies, Fruit Salads",A,11,2026-08-25
ASIA LATINA/MAMA SUSHI/PICHIRRI,Bronx,Asian/Asian Fusion,B,25,2026-04-03
ASTOR BAR & GRILL,Bronx,Basque,C,31,2025-10-16
AT LINS GARDEN RESTAURANT,Bronx,Chinese,A,9,2026-08-10
ATIK RESTAURANT,Bronx,Mediterranean,A,6,2026-08-26
AUGIES DELI & PIZZERIA,Bronx,Sandwiches,B,18,2025-07-14
AZUL TEQUILA MEXICAN RESTAURANT,Bronx,Mexican,A,10,2026-07-30
Auntie Anne’s/ Cinnabon/ Carvel,Bronx,Frozen Desserts,A,11,2025-11-25
B.F. NATIONAL BAKERY,Bronx,Bakery Products/Desserts,A,9,2025-10-16
B.F. NATIONAL BAKERY,Bronx,Bakery Products/Desserts,C,40,2025-07-15
BAGEL CORNER,Bronx,Bagels/Pretzels,A,13,2025-11-05
BAGELS ON BARTOW,Bronx,Bagels/Pretzels,A,11,2024-11-25
BAGELS ON BARTOW,Bronx,Bagels/Pretzels,B,19,2026-01-27
BAGELS ON BARTOW,Bronx,Bagels/Pretzels,C,90,2023-09-28
BAILEY SEAFOOD MARKET & RESTAURANT,Bronx,Spanish,B,27,2024-09-04
BAKERY ROSARINA CORP,Bronx,Bakery Products/Desserts,A,10,2025-01-07
BALDOR BISTRO,Bronx,American,A,10,2023-08-03
BALLY'S GOLF LINKS,Bronx,American,A,9,2024-08-16
BALLY'S GOLF LINKS,Bronx,American,A,13,2026-05-20
BAR & RESTAURANT EL SALVADORENO,Bronx,Latin American,A,8,2023-05-17
BARINO'S MARKET CATERING,Bronx,Italian,A,10,2026-02-10
BARRIO BX,Bronx,Latin American,B,22,2025-09-12
BASES LOADED SPORTS BAR,Bronx,American,B,17,2026-07-01
BB JUICE BAR,Bronx,"Juice, Smoothies, Fruit Salads",B,21,2025-10-08
BB JUICE BAR,Bronx,"Juice, Smoothies, Fruit Salads",B,27,2025-01-13
BB JUICE BAR,Bronx,"Juice, Smoothies, Fruit Salads",C,54,2023-07-03
BB PIZZA & DINE,Bronx,Pizza,A,12,2024-01-11
BEATSTRO,Bronx,American,A,9,2024-04-25
BEDFORD CAFE & RESTAURANT,Bronx,American,B,22,2026-05-13
BEDFORD CAFE & RESTAURANT,Bronx,American,B,27,2024-08-16
BEDFORD PIZZA CAFE,Bronx,Pizza,A,13,2025-02-24
BEDFORD PIZZA CAFE,Bronx,Pizza,B,19,2024-08-19
BEHAN'S PUBLIC HOUSE,Bronx,Irish,A,11,2022-11-28
BEHAN'S PUBLIC HOUSE,Bronx,Irish,A,13,2024-04-12
BELLA CHICKEN AND BURGER,Bronx,Chicken,B,23,2025-02-03
BELLA ITALY PIZZA,Bronx,Pizza,B,21,2025-01-30
BELLA NAPOLI,Bronx,Pizza,C,47,2025-02-05
BELLA PIZZA OF BRONX,Bronx,Pizza,B,16,2025-09-05
BELLA PIZZA OF BRONX,Bronx,Pizza,C,33,2024-04-23
BEST CHINESE RESTAURANT,Bronx,Chinese,B,20,2023-12-19
BEST ITALIAN PIZZA,Bronx,Pizza,B,21,2025-03-17
BETO'S RESTAURANT,Bronx,Mexican,A,13,2024-07-03
BETTER GOURMET HEALTH KITCHEN,Bronx,American,A,10,2024-08-22
BETTER GOURMET HEALTH KITCHEN,Bronx,American,C,65,2023-04-18
BETTER HEALTH CLUB,Bronx,"Juice, Smoothies, Fruit Salads",A,10,2023-06-20
BETTER HEALTH CLUB,Bronx,"Juice, Smoothies, Fruit Salads",A,10,2024-10-31
BEVERLY HILL MANOR (Entrance on Clifford Place),Bronx,Spanish,C,35,2024-12-23
BIG CHEESE PIZZA,Bronx,Pizza,A,9,2024-10-31
BILLY BEEZ,Bronx,American,C,33,2024-04-13
BINGO,Bronx,American,A,5,2026-07-07
BLANQUITA RESTAURANT,Bronx,Latin American,A,13,2026-01-21
BLANQUITA RESTAURANT,Bronx,Latin American,B,23,2024-11-20
BOBA TEA TIME,Bronx,Coffee/Tea,A,8,2024-12-04
BOBO'S CRAB SHACK,Bronx,Seafood,A,10,2026-07-20
BOBO'S CRAB SHACK,Bronx,Seafood,B,22,2024-04-23
BOBO'S CRAB SHACK,Bronx,Seafood,B,20,2025-08-27
BOCA RESTAURANT & STEAK HOUSE,Bronx,American,A,12,2023-12-21
BOSTON ROAD CHINA,Bronx,Chinese,A,9,2024-07-02
BOSTON ROAD CHINA,Bronx,Chinese,B,21,2026-03-04
BOWLER LAND,Bronx,American,A,10,2025-07-17
BOWLER LAND,Bronx,American,A,8,2023-10-12
BRASAS RESTAURANT & BAR,Bronx,Latin American,B,19,2025-07-17
BRAVO AFRICAN RESTAURANT,Bronx,African,C,51,2024-10-21
BRAVO AFRICAN RESTAURANT,Bronx,African,C,33,2026-02-04
BRAVO AFRICAN RESTAURANT 2,Bronx,African,A,13,2023-11-20
BRISAS DEL CARIBE,Bronx,Spanish,A,13,2025-05-14
BRISAS EXPRESS,Bronx,Latin American,A,13,2025-06-30
BRISAS EXPRESS,Bronx,Latin American,B,27,2025-01-21
BROADWAY JOE'S PIZZA,Bronx,Pizza,A,12,2024-03-04
BRONX BURGER CO.,Bronx,American,A,12,2025-06-02
BRONX BURGER COMPANY,Bronx,Hamburgers,A,12,2026-07-28
BRONX NUTRITION SPOT (HERBALIFE),Bronx,"Juice, Smoothies, Fruit Salads",A,12,2023-09-19
BUBBLE TEA 101,Bronx,Coffee/Tea,A,7,2026-01-14
BUFFALO WILD WINGS GO,Bronx,Chicken,A,5,2026-01-21
BURGER KING,Bronx,Hamburgers,A,11,2024-01-30
BURGER KING,Bronx,Hamburgers,A,5,2024-03-29
BURGER KING,Bronx,Hamburgers,A,5,2024-10-17
BURGER KING,Bronx,Hamburgers,A,2,2026-04-15
BURGER KING,Bronx,Hamburgers,A,9,2026-03-27
BURGER KING,Bronx,Hamburgers,A,9,2023-06-30
BURGER KING,Bronx,Hamburgers,A,11,2025-03-26
BURGER KING,Bronx,Hamburgers,A,9,2025-12-26
BURGER KING,Bronx,Hamburgers,A,9,2025-05-19
BURGER KING,Bronx,Hamburgers,B,19,2024-07-24
"BURGER KING, POPEYES",Bronx,Hamburgers,C,29,2026-08-10
Blue Diamond Coffee Shop,Bronx,American,A,12,2023-12-08
CACHAPAS Y MAS,Bronx,Latin American,A,2,2026-08-15
CAFE BRONCO,Bronx,Coffee/Tea,B,23,2025-10-28
CAFE COLONIAL RESTAURANT & GRILL,Bronx,Latin American,A,10,2023-11-09
CAFE COLONIAL RESTAURANT & GRILL,Bronx,Latin American,A,12,2025-01-08
CAFE ITALIA,Bronx,American,A,12,2026-02-25
CAFE ROYALE,Bronx,American,A,12,2025-01-27
CAFE ROYALE,Bronx,American,B,26,2024-01-16
CAKES BY ALEJANDRO 1,Bronx,Bakery Products/Desserts,A,10,2026-04-10
CAKOR RESTAURANT,Bronx,Eastern European,A,0,2022-08-17
CAKOR RESTAURANT,Bronx,Eastern European,A,13,2025-03-12
CAKOR RESTAURANT,Bronx,Eastern European,A,12,2023-03-13
CAKOR RESTAURANT,Bronx,Eastern European,C,31,2024-11-12
CAMPESINO DOMINICANO RESTAURANT,Bronx,Spanish,A,12,2025-02-13
CAMPESINO DOMINICANO RESTAURANT,Bronx,Spanish,B,26,2023-12-20
CAMPESINO DOMINICANO RESTAURANT,Bronx,Spanish,C,39,2026-06-24
CANNELLE PATISSERIE,Bronx,French,A,10,2025-02-19
CAPRI II PIZZA,Bronx,Pizza,B,18,2024-02-14
CAPRI IV DELI,Bronx,Latin American,B,18,2024-11-29
CAPY,Bronx,Bakery Products/Desserts,A,2,2023-03-21
CARIBBEAN CONNECTION CATERING SERVICES INC RESTAURANT,Bronx,Caribbean,B,24,2025-06-11
CARIBBEAN CONNECTION CATERING SERVICES INC RESTAURANT,Bronx,Caribbean,B,25,2026-01-02
CARIDAD,Bronx,Latin American,A,13,2025-05-07
CARIDAD & LOUIE'S RESTAURANT,Bronx,Caribbean,A,9,2023-04-07
CARIDAD & LOUIE'S RESTAURANT,Bronx,Caribbean,A,7,2025-11-28
CARIDAD RESTAURANT,Bronx,Latin American,A,13,2024-11-22
CARIDAD RESTAURANT,Bronx,Latin American,A,9,2025-11-17
CARIDAD RESTAURANT,Bronx,Latin American,A,10,2024-02-15
CARIDAD RESTAURANT,Bronx,Latin American,B,27,2026-08-12
CARIDAD SEAFOOD RESTAURANT,Bronx,Latin American,A,10,2024-06-24
CARVEL,Bronx,Frozen Desserts,A,13,2023-11-06
CARVEL,Bronx,Frozen Desserts,A,7,2025-09-11
CARVEL,Bronx,Frozen Desserts,B,24,2023-01-26
CARVEL,Bronx,Frozen Desserts,B,21,2023-06-20
CCG (F6018) - STONE MILL,Bronx,Other,A,5,2025-04-02
CEA LO CAFE,Bronx,Soul Food,A,5,2024-08-14
CEA LO CAFE,Bronx,Soul Food,A,12,2026-08-18
CEDEAO AFRICAN DINER,Bronx,African,C,31,2025-03-11
CEMITAS PUEBLA RESTAURANT,Bronx,Spanish,B,14,2025-03-06
CEMITAS PUEBLA RESTAURANT,Bronx,Spanish,B,23,2023-01-27
CENTRAL CARIBBEAN BAKERY,Bronx,Bakery Products/Desserts,C,48,2023-08-24
CESTRA'S BAKERY,Bronx,Bakery Products/Desserts,A,5,2025-08-22
CESTRA'S PIZZERIA & RESTAURANT,Bronx,Pizza,A,8,2024-12-17
CESTRAS PIZZA III,Bronx,Pizza,A,9,2026-03-19
CESTRAS PIZZA III,Bronx,Pizza,C,47,2025-08-14
CHAI HWA RESTAURANT,Bronx,Chinese,A,12,2023-05-22
CHAMAN RESTAURANT,Bronx,Pakistani,C,62,2025-12-02
CHAMPION BAKERY,Bronx,Caribbean,A,12,2024-06-11
CHAMPION BAKERY,Bronx,Caribbean,B,18,2026-06-30
CHARLEYS PHILLY CHEESE STEAK&WINGS,Bronx,American,A,10,2023-09-25
CHARLIES BAR & KITCHEN,Bronx,American,B,26,2023-03-16
CHEF ROSE CARIBBEAN RESTAURANT,Bronx,Spanish,A,10,2024-04-24
CHICK-FIL-A,Bronx,American,A,9,2024-04-22
CHICKENOW,Bronx,Chicken,B,21,2024-08-15
CHINA CITY RESTAURANT,Bronx,Chinese,A,13,2024-04-24
CHINA HOUSE,Bronx,Chinese,A,11,2026-03-17
CHINA KING,Bronx,Chinese,C,39,2023-11-08
CHINA KING OGDEN RESTAURANT,Bronx,Chinese,A,10,2022-08-22
CHINA WOK,Bronx,Chinese,A,5,2023-10-23
CHINA WOK,Bronx,Chinese,B,25,2025-05-22
CHINA WOK,Bronx,Chinese,C,40,2023-10-25
CHINA WOK KING CORP,Bronx,Chinese,A,9,2026-08-03
CHINESE GOURMET,Bronx,Chinese,A,12,2024-02-20
CHIPOTLE MEXICAN GRILL #3056,Bronx,Mexican,A,11,2024-08-19
CHIPOTLE MEXICAN GRILL #3056,Bronx,Tex-Mex,A,11,2025-11-03
CHIPOTLE MEXICAN GRILL #3056,Bronx,Mexican,A,4,2025-07-18
CHIPOTLE MEXICAN GRILL #3426,Bronx,Tex-Mex,A,7,2023-04-11
CHIPOTLE MEXICAN GRILL #3426,Bronx,Tex-Mex,A,4,2024-07-29
CHIPOTLE MEXICAN GRILL #3584,Bronx,Mexican,A,4,2023-04-06
CHIPOTLE MEXICAN GRILL #3706,Bronx,Tex-Mex,A,12,2023-05-24
CHIPOTLE MEXICAN GRILL #3957,Bronx,Mexican,A,10,2023-01-23
CHIRPING CHICKEN,Bronx,Chicken,A,11,2026-06-16
CHOICE EATING TREE,Bronx,Caribbean,B,19,2026-02-04
CHRIS SUPER DELI,Bronx,Sandwiches/Salads/Mixed Buffet,A,12,2026-03-27
CHUNG CHING,Bronx,Chinese,B,27,2026-07-08
CINNABON,Bronx,Bakery Products/Desserts,A,13,2024-11-25
CINNABON,Bronx,Bakery Products/Desserts,B,18,2023-02-28
CITY ISLAND LOBSTER HOUSE,Bronx,Seafood,A,9,2025-12-04
CKA KA QELLU,Bronx,Mediterranean,A,10,2025-05-08
CKA KA QELLU,Bronx,Mediterranean,B,26,2024-08-26
COCO ROSA RESTAURANT,Bronx,Spanish,A,12,2025-09-10
COCONUT PALM BAR AND GRILL,Bronx,Caribbean,A,13,2026-06-16
CODE RED,Bronx,Caribbean,C,40,2024-02-20
COLIMA TAQUERIA,Bronx,Mexican,B,26,2026-02-05
COLIMA TAQUERIA,Bronx,Mexican,B,19,2025-08-27
COLLEGE OF MOUNT ST.VINCENT (HUDSON HEIGHTS; 1ST FL),Bronx,American,A,5,2022-10-03
COLLEGE OF MOUNT ST.VINCENT (HUDSON HEIGHTS; 1ST FL),Bronx,American,A,13,2024-04-12
COM TAM NINH KIEU RESTAURANT,Bronx,Asian/Asian Fusion,B,26,2026-03-31
CONCESSION 105,Bronx,American,A,7,2024-09-27
CONCOURSE PIZZA & PASTA,Bronx,Pizza,A,12,2024-08-07
COOLER RUNNINGS JAMAICAN RESTAURANT,Bronx,Caribbean,A,13,2025-08-15
COSMOS RESTAURANT,Bronx,American,C,35,2024-05-10
CRAB SHANTY,Bronx,Seafood,A,12,2025-06-03
CRAB SHANTY,Bronx,Seafood,A,13,2024-03-27
CRAZY FRUITS,Bronx,"Juice, Smoothies, Fruit Salads",A,12,2023-12-21
CRAZY FRUITS,Bronx,"Juice, Smoothies, Fruit Salads",C,46,2022-09-07
CREDIT LIFE BAR & GRILL,Bronx,American,A,13,2026-04-27
CREDIT LIFE BAR & GRILL,Bronx,American,C,44,2024-11-14
CREPE HOUSE,Bronx,Frozen Desserts,A,13,2025-09-30
CREPE HOUSE,Bronx,Pancakes/Waffles,B,24,2023-11-13
CREPE HOUSE,Bronx,Pancakes/Waffles,C,48,2025-10-07
CREPES NYC,Bronx,"Juice, Smoothies, Fruit Salads",A,13,2025-07-11
CROWN FRIED CHICKEN,Bronx,Chicken,A,13,2025-06-12
CROWN FRIED CHICKEN,Bronx,Chicken,C,45,2023-01-12
CUCHIFRITOS,Bronx,Spanish,C,32,2024-03-22
CULINART @ 1250 HUTCH METRO,Bronx,American,A,10,2025-12-30
CULLEN'S TAVERN,Bronx,American,B,26,2026-05-19
CUTWATER 1B BAR,Bronx,American,A,10,2024-09-27
Carvel,Bronx,Other,A,3,2024-10-09
Carvel,Bronx,Other,A,12,2026-06-10
China Wok,Bronx,Chinese,C,28,2023-07-20
D KITCHEN,Bronx,American,A,11,2026-06-29
D MARTE,Bronx,Coffee/Tea,A,13,2026-07-16
D MARTE,Bronx,Coffee/Tea,A,13,2023-10-26
D'MELTING POT,Bronx,American,C,37,2025-08-14
D'MORENA RESTAURANT CORP,Bronx,Spanish,A,12,2026-03-03
DALE DINER,Bronx,American,B,24,2024-06-10
DALLAS BBQ,Bronx,American,A,12,2026-03-09
DAMASCUS SWEETS,Bronx,Middle Eastern,A,7,2026-09-14
DARUMA,Bronx,Japanese,B,18,2026-04-22
DAVES SMASH BURGERS,Bronx,American,A,13,2025-12-15
DE LILLO PASTRY SHOP,Bronx,Bakery Products/Desserts,C,31,2025-02-07
DELI CASTILLO DE HIERRO,Bronx,Spanish,B,22,2025-10-10
DELICIAS RESTAURANT & SEAFOOD,Bronx,Latin American,A,12,2025-08-22
DELY.CIOSOS,Bronx,"Juice, Smoothies, Fruit Salads",A,11,2024-10-29
DIAMANTE POBLANO RESTAURANT,Bronx,Mexican,A,12,2025-09-18
DIAMOND CLUB,Bronx,Bottled Beverages,A,9,2023-03-10
DINO'S PIZZA,Bronx,Pizza,B,22,2026-08-17
DOMINICANA POLLO SABROSO RESTAURANT,Bronx,Latin American,A,12,2026-05-11
DOMINICANA POLLO SABROSO RESTAURANT,Bronx,Latin American,B,23,2024-02-22
DOMINICK'S BAR & RESTAURANT,Bronx,Italian,B,23,2025-01-16
DOMINO'S,Bronx,Pizza,A,10,2023-01-10
DOMINO'S,Bronx,Pizza,A,11,2024-03-27
DOMINO'S,Bronx,Pizza,A,0,2022-10-18
DOMINO'S,Bronx,Pizza,A,3,2026-04-24
DOMINO'S,Bronx,Pizza,A,12,2024-10-08
DOMINO'S,Bronx,Pizza,A,13,2026-03-03
DOMINO'S,Bronx,Pizza,B,25,2023-02-24
DOMINO'S,Bronx,Pizza,B,20,2024-04-22
DOMY PIZZA,Bronx,Pizza,B,21,2024-04-15
DON CHILE MEXICAN GRILL,Bronx,Mexican,A,12,2025-05-19
DON PICHON RESTAURANT,Bronx,Latin American,B,22,2024-08-23
DOUBLE DRAGON CHINESE RESTAURANT,Bronx,Chinese,B,24,2025-08-20
DRAGON CONCOURSE,Bronx,Chinese,A,13,2024-07-02
DRAGON KING,Bronx,Chinese,B,19,2024-12-05
DRAGON KING RESTAURANT,Bronx,Chinese,B,23,2023-08-25
DRAGON SEA,Bronx,Chinese,B,31,2024-04-01
DRAGON VILLAGE,Bronx,Chinese,A,11,2023-05-01
DRAGON YUAN,Bronx,Chinese,A,9,2025-11-05
DREAM STATION,Bronx,Chinese,B,19,2025-06-10
DUNKIN,Bronx,Donuts,A,9,2024-11-26
DUNKIN,Bronx,Donuts,A,13,2023-01-27
DUNKIN,Bronx,Donuts,A,12,2023-11-14
DUNKIN,Bronx,Donuts,A,9,2025-12-09
DUNKIN,Bronx,Donuts,A,9,2025-01-27
DUNKIN,Bronx,Donuts,A,11,2025-02-21
DUNKIN,Bronx,American,A,6,2023-10-24
DUNKIN,Bronx,Donuts,A,5,2026-04-22
DUNKIN,Bronx,Donuts,A,12,2023-11-01
DUNKIN,Bronx,Donuts,A,10,2025-10-17
DUNKIN,Bronx,Donuts,A,9,2026-07-27
DUNKIN,Bronx,Donuts,A,7,2025-07-30
DUNKIN,Bronx,Donuts,A,13,2026-02-13
DUNKIN,Bronx,Donuts,A,11,2025-09-15
DUNKIN,Bronx,Donuts,A,13,2024-08-22
DUNKIN,Bronx,Donuts,A,12,2024-06-18
DUNKIN,Bronx,Donuts,A,10,2023-04-28
DUNKIN,Bronx,Donuts,A,7,2025-11-03
DUNKIN,Bronx,Donuts,A,7,2023-09-11
DUNKIN,Bronx,Donuts,A,13,2024-11-13
DUNKIN,Bronx,Donuts,A,0,2023-06-22
DUNKIN,Bronx,Donuts,A,13,2026-06-04
DUNKIN,Bronx,Donuts,A,10,2026-06-18
DUNKIN,Bronx,Donuts,A,7,2023-03-09
DUNKIN,Bronx,Donuts,A,13,2024-10-21
DUNKIN,Bronx,Donuts,A,13,2025-03-06
DUNKIN,Bronx,Donuts,A,11,2024-09-09
DUNKIN,Bronx,Donuts,A,9,2023-06-26
DUNKIN,Bronx,Donuts,B,22,2024-09-12
DUNKIN,Bronx,Donuts,B,22,2026-06-17
DUNKIN,Bronx,Donuts,B,24,2023-10-02
DUNKIN,Bronx,Donuts,C,31,2024-10-24
DUNKIN DONUTS,Bronx,Donuts,A,12,2025-09-29
DUNKIN DONUTS,Bronx,Donuts,A,8,2023-08-31
DUNKIN DONUTS,Bronx,Coffee/Tea,B,22,2025-02-05
DUNKIN DONUTS,Bronx,Coffee/Tea,B,25,2025-10-06
DUNKIN',Bronx,American,A,7,2026-03-02
DUNKIN',Bronx,Coffee/Tea,A,8,2023-11-24
DUNKIN',Bronx,Donuts,A,8,2026-04-16
DUNKIN',Bronx,Donuts,A,8,2024-01-29
DUNKIN',Bronx,Donuts,A,11,2026-06-12
DUNKIN',Bronx,Coffee/Tea,A,12,2025-02-10
DUNKIN',Bronx,Donuts,A,12,2023-08-25
DUNKIN',Bronx,Donuts,B,18,2026-06-15
DUNKIN',Bronx,Donuts,B,17,2024-08-30
DUNKIN' BASKIN-ROBBINS',Bronx,Other,A,13,2026-03-03
DUNKIN' DONUTS,Bronx,Coffee/Tea,A,12,2023-10-18
DUNKIN' DONUTS,Bronx,Donuts,A,10,2024-12-13
"DUNKIN', BASKIN ROBBINS",Bronx,Donuts,A,12,2025-06-27
"DUNKIN', BASKIN ROBBINS",Bronx,Coffee/Tea,A,5,2023-11-24
"DUNKIN',' BASKIN ROBBINS",Bronx,American,A,12,2023-02-13
"DUNKIN',' BASKIN ROBBINS",Bronx,Donuts,A,8,2024-10-04
"DUNKIN',' BASKIN ROBBINS",Bronx,Donuts,A,11,2025-01-28
"DUNKIN',' BASKIN ROBBINS",Bronx,Donuts,B,19,2025-07-28
"DUNKIN',' BASKIN ROBBINS",Bronx,Donuts,B,25,2024-08-22
"DUNKIN',' BASKIN ROBBINS",Bronx,Donuts,B,17,2023-10-10
"DUNKIN','PIZZA HUT',' NATHANS",Bronx,Pizza,A,9,2025-04-07
DUNKIN/BASKIN ROBBINS,Bronx,Donuts,A,10,2024-12-17
DYNASTY TASTE LAM,Bronx,Chinese,C,29,2024-01-18
E & L BAKERY & COFFEE SHOP,Bronx,Bakery Products/Desserts,C,3,2025-12-05
EAST STAR RESTAURANT,Bronx,Chinese,A,9,2024-05-15
EAZY LIFE RESTAURANT,Bronx,African,A,11,2026-02-25
EL BARRIL RESTAURANT,Bronx,Not Listed/Not Applicable,C,45,2023-02-07
EL BUEN AMBIENTE,Bronx,Latin American,B,22,2023-10-13
EL BUEN SAZON DELI RESTAURANT,Bronx,Latin American,A,13,2024-05-01
EL BUEN SAZON DELI RESTAURANT,Bronx,Latin American,A,10,2025-07-18
EL CHILTEPIN INC,Bronx,Mexican,A,12,2025-04-28
EL CLUB VALLE RESTAURANT,Bronx,Spanish,A,9,2025-08-11
EL CLUB VALLE RESTAURANT,Bronx,Spanish,C,46,2023-01-17
EL CLUB VALLE RESTAURANT,Bronx,Spanish,C,3,2024-10-08
EL ECONOMICO RESTAURANT,Bronx,Latin American,B,25,2023-04-19
EL ECONOMICO RESTAURANT,Bronx,Latin American,B,23,2024-07-31
EL FOGON DOMINICANO RESTAURANT,Bronx,Latin American,A,12,2023-10-25
EL FOGON DOMINICANO RESTAURANT,Bronx,Latin American,B,27,2025-02-21
EL FOGON DOMINICANO RESTAURANT,Bronx,Latin American,B,19,2025-11-26
EL FOGON KITCHEN,Bronx,Latin American,B,26,2026-01-23
EL GRAND CHEF,Bronx,Latin American,B,19,2026-04-08
EL JOBO RESTAURANT,Bronx,Latin American,C,5,2025-08-14
EL LIDER RESTAURANT,Bronx,Latin American,A,4,2022-11-30
EL MACO RESTAURANT,Bronx,Latin American,B,27,2026-06-26
EL MACO RESTAURANT,Bronx,Latin American,C,7,2024-05-17
EL MACO RESTAURANT,Bronx,Spanish,C,43,2026-06-08
EL MESON RESTAURANT,Bronx,Spanish,A,13,2024-04-10
EL NUEVO VALLE III,Bronx,Latin American,A,10,2024-12-16
EL PUNTO DE LA CHAMA RESTAURANT & BAR,Bronx,Other,C,37,2026-04-25
EL RANCHO D'PIKETE,Bronx,Spanish,B,26,2023-07-19
EL RANCHO D'PIKETE,Bronx,Spanish,B,27,2025-04-24
EL RINCON BORICUA,Bronx,Latin American,B,26,2024-07-22
EL RINCONCITO DEL SABOR DOMINICANO,Bronx,Latin American,B,16,2024-08-29
EL SANCHO MEXICAN TORTERIA,Bronx,Mexican,A,10,2024-08-20
EL SAZON DE OLGA RESTAURANT,Bronx,Latin American,B,26,2024-08-21
EL TAMALITO,Bronx,Mexican,B,16,2026-01-07
EL TIMBIRICHI RESTAURANT,Bronx,Spanish,B,20,2025-01-10
EL TIMBIRICHI RESTAURANT,Bronx,Spanish,C,34,2024-02-14
EL VALLE JEROME,Bronx,Latin American,C,58,2025-01-06
EL VALLE RENACER,Bronx,Latin American,A,13,2026-04-13
EL VALLE RESTAURANT,Bronx,Other,A,9,2025-07-09
EL VALLE RESTAURANT,Bronx,Latin American,B,26,2024-03-04
EL VALLE RESTAURANT,Bronx,Latin American,C,44,2024-08-30
EL VIEJO GRAN CAFE,Bronx,Spanish,C,3,2024-09-03
ELLIE'S DINER & RESTAURANT,Bronx,American,A,12,2024-01-26
ELSA LA REINA DEL CHICHARRON 3,Bronx,Latin American,A,11,2026-09-10
EMILIO'S,Bronx,Pizza,C,44,2025-09-16
EMILIO'S ORIGINAL GOURMET PIZZA,Bronx,Pizza,A,12,2024-03-01
EMILIO'S ORIGINAL GOURMET PIZZA,Bronx,Pizza,A,8,2026-06-24
EMILIO'S PIZZA,Bronx,Pizza,A,11,2024-01-30
EMPANADAS RD,Bronx,Latin American,A,13,2025-04-10
EMPANADAS RD,Bronx,Spanish,A,13,2025-09-02
EMPANADAS RD,Bronx,Latin American,B,26,2025-11-13
EMPANADAS RD,Bronx,Latin American,B,16,2024-03-13
EMPIRE CHINESE RESTAURANT ZHENG,Bronx,Chinese,B,27,2024-04-18
EMPIRE WOK,Bronx,Chinese,B,17,2025-02-04
ENZO'S OF ARTHUR AVE,Bronx,Italian,C,31,2025-07-15
ENZO'S RESTAURANT,Bronx,Italian,B,0,2022-09-27
ESTRELLA BAR & RESTAURANT,Bronx,Latin American,B,21,2024-08-21
ESTRELLA BRONX RESTAURANT,Bronx,Latin American,A,7,2026-04-06
ESTRELLITA POBLANA,Bronx,Mexican,A,13,2024-06-18
ESTRELLITA POBLANA,Bronx,Mexican,A,11,2024-11-26
EXCELLENT TASTE,Bronx,Chinese,B,17,2022-12-06
EXPRESS FORDHAM FRIED SEAFOOD,Bronx,Seafood,A,7,2025-11-21
EXPRESS FORDHAM FRIED SEAFOOD,Bronx,Seafood,B,22,2023-10-10
F & J PINE RESTAURANT,Bronx,Italian,A,12,2023-08-22
F & J PINE RESTAURANT,Bronx,Italian,B,22,2025-01-06
FAMILIA PIZZA RESTAURANT,Bronx,Pizza,A,12,2023-08-01
FAMOSA PIZZA,Bronx,Pizza,B,26,2025-08-18
FAMOUS PIZZA EXPRESS,Bronx,Pizza,A,13,2023-04-19
FAMOUS PIZZA EXPRESS,Bronx,Pizza,B,25,2025-12-01
FAMOUS PIZZA EXPRESS,Bronx,Pizza,C,37,2025-07-08
FAST FOOD,Bronx,American,A,9,2025-10-23
FIESTA LOUNGE & RESTAURANT,Bronx,Spanish,B,26,2024-08-23
FIORENTINA STEAKHOUSE,Bronx,Steakhouse,A,13,2024-02-28
FISH N TING RESTAURANT,Bronx,Caribbean,A,12,2026-07-13
FISH N TING RESTAURANT,Bronx,Caribbean,A,11,2024-01-11
FISH N TING RESTAURANT,Bronx,Caribbean,C,55,2025-04-23
FISH N TING RESTAURANT,Bronx,Caribbean,C,41,2025-10-16
FIVE GUYS BURGERS AND FRIES,Bronx,American,A,12,2025-12-06
FIVE STAR KENNEDY,Bronx,Chicken,A,3,2026-05-30
FLAME HIBACHI AND SUSHI,Bronx,Japanese,C,42,2025-09-10
FLAME HIBACHI AND SUSHI,Bronx,Japanese,C,31,2025-01-29
FLAMEZ CUISINE,Bronx,Caribbean,B,19,2026-06-11
FLAMIN' WOK JAMAICAN CHINESE,Bronx,Caribbean,A,9,2024-02-01
FLAMIN' WOK JAMAICAN CHINESE,Bronx,Caribbean,C,42,2025-09-11
FLAVAS INTERNATIONAL GRILL,Bronx,Caribbean,B,23,2026-07-29
FOO HING KITCHEN,Bronx,Chinese,B,23,2025-10-21
FOO HING KITCHEN,Bronx,Chinese,B,19,2023-10-23
FOOD HAI CHINESE RESTAURANT,Bronx,Chinese,A,2,2023-05-10
FORDHAM POD EXPRESS AT KEATING HALL,Bronx,Coffee/Tea,A,7,2024-05-08
FORDHAM SEAFOOD & CHICKEN,Bronx,Chicken,A,13,2026-05-07
FOUTA HALAL FOOD,Bronx,African,B,26,2024-06-07
FOUTA HALAL FOOD,Bronx,African,B,17,2025-09-17
FRANK'S SOUP BOWL,Bronx,Caribbean,B,27,2024-04-22
FRATELLI RESTAURANT,Bronx,Italian,A,10,2026-02-10
FRATELLI RESTAURANT,Bronx,Italian,B,21,2024-11-14
FRATILLI'S PIZZA & CAFE,Bronx,Pizza,A,11,2024-06-12
FRECKLE JUICE,Bronx,"Juice, Smoothies, Fruit Salads",A,11,2024-07-12
FRESH 99 CENTS HOT PIZZA,Bronx,Pizza,B,27,2025-02-18
FRESH HOT J PIZZA,Bronx,Pizza,C,28,2025-07-22
FRESH HOT J PIZZA,Bronx,Pizza,C,30,2025-12-15
FRIDA TACOS,Bronx,Mexican,B,18,2025-07-09
FRONT PAGE,Bronx,Caribbean,B,23,2023-08-17
FRONT PAGE RESTAURANT,Bronx,Caribbean,A,13,2024-10-25
FROZEN D LITE,Bronx,Frozen Desserts,B,27,2025-06-25
FUGGEDABOUTIT PIZZERIA CAFE,Bronx,Pizza,A,10,2025-01-03
FUNICI A'PIZZA & O'CCAFFE,Bronx,Italian,A,11,2025-08-21
FUNICI A'PIZZA & O'CCAFFE,Bronx,Italian,A,10,2024-08-29
FUNICI A'PIZZA & O'CCAFFE,Bronx,Italian,C,2,2025-05-08
Florinda Restaurant,Bronx,Latin American,A,13,2026-01-16
Florinda Restaurant,Bronx,Latin American,A,7,2024-10-15
Fresh Direct Cafeteria,Bronx,American,A,5,2025-03-17
GALAGALA NY RESTAURANT,Bronx,African,B,24,2026-03-09
GALAXY COFFEE SHOP,Bronx,Coffee/Tea,A,12,2023-12-29
GARY AND GINO'S,Bronx,Pizza,B,22,2023-09-22
GEORGE'S DINER & CAFE,Bronx,American,A,10,2024-04-26
GEORGINA RESTAURANT,Bronx,Latin American,A,13,2026-04-27
GINBO'S HAMBURGER HOUSE,Bronx,Hamburgers,B,19,2024-08-23
GINO'S PASTRY SHOP & CAFE,Bronx,Bakery Products/Desserts,C,2,2025-03-03
GIO'S PIZZA & RESTAURANT,Bronx,Pizza,B,21,2024-08-23
GIO'S PIZZA & RESTAURANT,Bronx,Pizza,B,21,2026-07-08
GIOVANNI RESTAURANT,Bronx,Italian,B,19,2023-09-15
GIOVANNI RESTAURANT,Bronx,Italian,C,59,2025-08-05
GIOVANNI'S,Bronx,Pizza,C,29,2024-12-16
GIOVANNI'S,Bronx,Pizza,C,28,2025-10-28
GLEN ROY BAR AND GRILL,Bronx,American,C,32,2023-01-11
GODWIN COFFEE & TEX-MEX EATS,Bronx,American,A,11,2024-11-27
GODWIN COFFEE & TEX-MEX EATS,Bronx,American,B,18,2023-07-13
GOLD MINE CAFE,Bronx,Greek,A,12,2024-04-18
GOLD SPOON RESTAURANT LOUNGE & JERK CENTER,Bronx,Caribbean,B,14,2025-08-22
GOLD STAR JERK CENTER,Bronx,Caribbean,B,23,2024-04-24
GOLDEN CITY RESTAURANT GAO,Bronx,Chinese,B,27,2026-04-30
GOLDEN CITY RESTAURANT GAO,Bronx,Chinese,C,47,2025-08-28
GOLDEN DRAGON RESTAURANT,Bronx,Chinese,A,10,2025-01-21
GOLDEN EAGLE II,Bronx,American,A,10,2025-12-10
GOLDEN EAGLE RESTAURANT,Bronx,American,A,11,2025-03-24
GOLDEN GATE EXPRESS,Bronx,Chinese,B,19,2025-11-17
GOLDEN GATE EXPRESS,Bronx,Chinese,C,33,2024-04-24
GOLDEN KRUST CARIBBEAN BAKERY & GRILL,Bronx,Caribbean,A,12,2024-12-07
GOLDEN KRUST CARIBBEAN BAKERY & GRILL,Bronx,Caribbean,A,10,2018-01-12
GOLDEN KRUST CARIBBEAN BAKERY & GRILL,Bronx,Caribbean,A,11,2024-04-16
GOLDEN KRUST CARIBBEAN BAKERY & GRILL,Bronx,Caribbean,A,12,2024-04-30
GOLDEN KRUST CARIBBEAN BAKERY & GRILL,Bronx,Caribbean,A,12,2019-01-17
GOLDEN KRUST CARIBBEAN BAKERY & GRILL,Bronx,Caribbean,B,17,2025-07-28
GOLDEN KRUST CARIBBEAN BAKERY & GRILL,Bronx,Caribbean,B,24,2024-02-20
GOLDEN KRUST CARIBBEAN BAKERY & GRILL,Bronx,Caribbean,B,26,2025-10-23
GOLDEN KRUST CARIBBEAN BAKERY & GRILL,Bronx,Caribbean,B,26,2023-06-12
GOLDEN KRUST RESTAURANT,Bronx,Caribbean,C,32,2025-08-05
GOLDEN PALACE,Bronx,Bangladeshi,A,13,2024-06-29
GOLDEN PALACE CHINESE RESTAURANT,Bronx,Chinese,B,21,2025-08-19
GOLDEN PHOENIX,Bronx,Chinese,C,34,2026-03-24
GOLDEN PIZZA,Bronx,Pizza,C,35,2023-11-13
GOLDEN RING,Bronx,Caribbean,B,19,2026-06-02
GOLDEN RING,Bronx,Caribbean,B,24,2025-01-31
GONG CHA,Bronx,Coffee/Tea,A,13,2024-01-09
GONG CHA,Bronx,Coffee/Tea,A,12,2025-09-09
GOOD VIBES CARIBBEAN CUSINE,Bronx,Soul Food,C,33,2026-05-18
GREAT WALL,Bronx,Chinese,A,11,2024-08-22
GREAT WALL,Bronx,Chinese,B,22,2026-05-13
GREAT WALL,Bronx,Chinese,C,33,2025-07-31
GREAT WALL CHINESE RESTAURANT,Bronx,Chinese,A,9,2025-05-13
GREAT WALL KITCHEN,Bronx,Chinese,B,21,2023-12-06
GREAT WALL NYC,Bronx,Chinese,C,5,2023-02-16
GREAT WALL RESTAURANT,Bronx,Chinese,B,18,2025-01-31
GREEK EXPRESS,Bronx,Greek,A,5,2024-06-18
GREYSTONE COFFEE,Bronx,Coffee/Tea,A,12,2024-10-02
GREYSTONE COFFEE,Bronx,Coffee/Tea,A,12,2026-01-28
GRIZZLY GROUNDS,Bronx,Coffee/Tea,A,8,2019-05-29
GUATELINDA,Bronx,Spanish,A,13,2025-07-30
GUERRERO'S JUCE BAR III,Bronx,"Juice, Smoothies, Fruit Salads",A,12,2023-12-11
GUERRERO'S JUCE BAR III,Bronx,"Juice, Smoothies, Fruit Salads",B,25,2025-04-23
GUN POST LANES SNACK BAR,Bronx,American,A,12,2025-06-18
GURRA CAFE,Bronx,Coffee/Tea,A,12,2026-09-15
GYRO KING,Bronx,Greek,B,24,2025-02-18
GYRO KING,Bronx,Greek,B,26,2022-09-23
Garden Parish,Bronx,Caribbean,A,11,2026-04-15
Gun Hill Post 271,Bronx,American,B,21,2016-10-06
Gun Hill Post 271,Bronx,American,B,27,2016-03-23
Gun Hill Post 271,Bronx,American,C,63,2018-12-06
HAAGEN DAZS,Bronx,Frozen Desserts,B,27,2025-04-14
HALAL BROS GRILL,Bronx,Chicken,A,11,2024-06-18
HALAL BROS GRILL,Bronx,Chicken,B,26,2025-12-01
HALAL GYRO KING 6/SYLHETI SWEETS,Bronx,Bangladeshi,A,11,2025-12-20
HALAL MUNCHIES,Bronx,Middle Eastern,B,24,2025-10-09
HALAL MUSA CHINESE FOOD,Bronx,Chinese,A,13,2023-06-05
HALAL MUSA CHINESE FOOD,Bronx,Chinese,B,20,2025-07-02
HALALBEE'S,Bronx,American,A,13,2025-06-13
HAPPI CONE ICE CREAM AND CAFE,Bronx,Caribbean,A,11,2026-01-30
HAPPI CONE ICE CREAM AND CAFE,Bronx,Caribbean,C,46,2025-11-03
HAPPY GARDEN,Bronx,Chinese,A,12,2024-03-04
HAPPY GARDEN,Bronx,Chinese,A,13,2025-01-08
HAPPY GARDENS,Bronx,Other,A,6,2025-07-21
HEALTH IS LIFE (HERBALIFE),Bronx,"Juice, Smoothies, Fruit Salads",A,5,2024-09-06
HEALTHY FRESH 4,Bronx,"Juice, Smoothies, Fruit Salads",A,12,2026-05-08
HEALTHY IN DYCKMAN,Bronx,American,A,9,2026-03-10
HEMO'S SPOT 3,Bronx,"Juice, Smoothies, Fruit Salads",B,23,2024-08-26
HIBACHI GRILL CONCOURSE,Bronx,Chinese,A,12,2023-10-16
HIBACHI GRILL CONCOURSE,Bronx,Chinese,B,25,2024-08-23
HIBACHI GRILL CONCOURSE,Bronx,Chinese,B,21,2025-10-15
HIGHLANDERS - STAND 310,Bronx,Pizza,A,11,2024-09-27
HING WONG RESTAURANT,Bronx,Chinese,A,12,2024-02-15
HOLYFRUITS JUICE PRESS,Bronx,Vegan,B,20,2024-08-07
HOME THE BRONX STEAKHOUSE,Bronx,American,A,9,2025-12-17
HONG KONG JACKIE CHINESE RESTAURANT,Bronx,Chinese,C,42,2026-06-29
HONG KONG KITCHEN,Bronx,Chinese,B,23,2024-08-14
HONG KONG RESTAURANT,Bronx,Chinese,A,7,2022-11-21
HOOK & REEL CAJUN SEAFOOD & BAR,Bronx,Seafood,B,26,2024-03-20
HOOK & REEL CAJUN SEAFOOD & BAR,Bronx,Seafood,B,25,2026-05-12
HOOK & REEL CAJUN SEAFOOD & BAR,Bronx,Seafood,C,32,2023-09-05
HOT SPOT GRILL & JERK,Bronx,Caribbean,B,20,2025-02-04
HUARACHE TAQUERIA,Bronx,Mexican,A,11,2023-05-04
HUDSON GARDEN GRILL,Bronx,American,A,11,2025-03-27
HUNGRY BIRD,Bronx,Indian,B,22,2024-11-21
HUNTS POINT CHINESE RESTAURANT,Bronx,Chinese,A,10,2025-08-14
HUNTS POINT CHINESE RESTAURANT,Bronx,Chinese,B,19,2023-11-22
HUNTS POINT JUICE BAR & DELI,Bronx,Spanish,B,25,2023-08-11
Halal Crunchies,Bronx,American,A,13,2026-09-15
Highbridge Hotel Cafe,Bronx,Other,A,12,2026-05-19
Hot Fresh Pizza,Bronx,Pizza,A,9,2025-03-18
Hummingbird Grill & Bar,Bronx,Caribbean,B,23,2024-07-26
IHOP,Bronx,Pancakes/Waffles,B,16,2026-01-05
IHOP,Bronx,Pancakes/Waffles,B,18,2024-07-31
IHOP,Bronx,Pancakes/Waffles,B,21,2025-01-29
ILLUSIONS HOOKAH & MIXOLOGY LOUNGE,Bronx,Not Listed/Not Applicable,A,12,2022-05-19
INSOMNIA COOKIES,Bronx,Other,A,2,2023-12-27
IRIE CORNER DUMPLIN SHOP,Bronx,Caribbean,A,12,2023-06-27
ISIS RESTAURANT,Bronx,Mexican,B,23,2024-08-27
ISTANBUL CAFE OF WHITE PLAINS,Bronx,Coffee/Tea,A,7,2023-11-15
ITALIAN LOVERS PIZZA,Bronx,Pizza,B,20,2024-04-23
Ikon Caterers,Bronx,Caribbean,A,11,2024-04-02
J.E. BAKERY,Bronx,Bakery Products/Desserts,B,19,2025-02-05
J.E. BAKERY,Bronx,Bakery Products/Desserts,C,36,2026-05-11
JACQUELINE'S BAKERY RESTAURANT,Bronx,Bakery Products/Desserts,B,25,2023-12-13
JADE JOY,Bronx,Chinese,B,24,2025-01-28
JADE PALACE,Bronx,Chinese,B,20,2025-02-10
JALISCO TACO'S,Bronx,Tex-Mex,A,7,2024-04-25
JALLOH FAMILY RESTAURANT,Bronx,African,C,30,2025-01-13
JANNAT ADEN RESTAURANT,Bronx,Middle Eastern,B,26,2024-03-07
JARTO E SUSHI,Bronx,Fusion,A,6,2026-03-02
JEN'S FRENCH TOAST,Bronx,Spanish,C,50,2025-08-15
JEN'S RESTAURANT,Bronx,Chinese,B,26,2024-03-20
JEN'S RESTAURANT,Bronx,Chinese,B,22,2025-07-21
JERRY'S PIZZA,Bronx,Pizza,B,21,2026-02-02
JERRY'S PIZZA,Bronx,Pizza,C,40,2024-11-15
JIMBO'S HAMBURGER PALACE,Bronx,Hamburgers,A,13,2023-06-16
JIMBO'S HAMBURGER PALACE,Bronx,Hamburgers,A,7,2022-08-12
JIMBO'S HAMBURGER PALACE,Bronx,Hamburgers,B,19,2025-08-05
JIMBO'S HAMBURGER PALACE,Bronx,Hamburgers,B,23,2025-02-06
JIMBO'S HAMBURGER PLACE,Bronx,Hamburgers,A,9,2024-08-12
JIMBO'S HAMBURGERS,Bronx,Hamburgers,A,7,2025-07-17
JING XIN CHINESE FOOD TAKE OUT,Bronx,Chinese,A,9,2026-08-10
JO JO PIZZA,Bronx,Pizza,B,23,2025-07-23
JO JO PIZZA,Bronx,Pizza,C,41,2024-08-21
JOE'S BRICK OVEN PIZZA,Bronx,Pizza,A,7,2023-07-05
JOE'S LITTLE ITALY PIZZA,Bronx,Pizza,B,22,2024-11-25
JOE'S PIZZA,Bronx,Pizza,B,20,2024-04-20
JOE'S PIZZA,Bronx,Pizza,B,23,2024-03-22
JOE'S PIZZA,Bronx,Pizza,B,20,2025-06-11
JOHN & JOE PIZZERIA & RESTAURANT,Bronx,Pizza,A,12,2025-01-06
JOHN & JOE PIZZERIA & RESTAURANT,Bronx,Pizza,C,61,2025-08-05
JOHN MULLIGAN'S FIRESIDE PUB,Bronx,Irish,A,9,2025-12-03
JOHN'S DINER,Bronx,American,B,17,2024-07-24
JOHNNY'S BAKERY,Bronx,Bakery Products/Desserts,B,17,2022-12-01
JOHNNY'S FRIED CHICKEN,Bronx,Chicken,B,19,2025-02-05
JOHNNY'S PIZZA RESTAURANT,Bronx,Pizza,B,22,2025-08-01
JOHNSON DINER,Bronx,American,B,15,2025-09-30
JOLLY TINKER,Bronx,American,B,17,2022-11-03
JS PERRY'S DINER,Bronx,American,A,7,2025-04-21
JS PERRY'S DINER,Bronx,American,A,13,2024-03-21
JUANITO RESTAURANT,Bronx,Spanish,B,25,2024-03-11
JUANITO RESTAURANT,Bronx,Spanish,C,51,2026-04-23
JUANITO RESTAURANT,Bronx,Spanish,C,2,2025-10-22
JUICE BAR TROPPI FRUTTI STREET FOOD,Bronx,Fruits/Vegetables,A,7,2025-12-22
JUICES FOR LIFE,Bronx,"Juice, Smoothies, Fruit Salads",A,8,2024-03-18
JUST ONE TAVERN,Bronx,Irish,A,10,2024-05-13
K & L RESTAURANT AND CATERING SERVICE,Bronx,Caribbean,B,23,2022-12-06
K & L RESTAURANT AND CATERING SERVICE,Bronx,Caribbean,B,26,2024-08-20
K & Q RESTAURANT,Bronx,Chinese,A,11,2026-01-28
K & Q RESTAURANT,Bronx,Chinese,C,28,2024-07-31
K & Q RESTAURANT,Bronx,Chinese,C,33,2025-10-01
KA WAH,Bronx,Chinese,B,19,2025-02-11
KAI SUSHI ASIAN FUSION,Bronx,Asian/Asian Fusion,A,6,2026-08-18
KAIETEUR RESTAURANT,Bronx,Caribbean,A,4,2026-03-03
KARIBBEAN KRAVE,Bronx,Caribbean,C,37,2023-10-30
KEE WANG RESTAURANT,Bronx,Chinese,A,10,2023-09-25
KEENANS,Bronx,Irish,B,16,2024-11-26
KENEDY CHICKEN & PIZZA,Bronx,Chicken,B,20,2024-03-18
KENNEDY CHICKEN,Bronx,Chicken,A,12,2025-09-26
KENNEDY CHICKEN & BURGERS,Bronx,Chicken,A,5,2026-05-26
KENNEDY CHICKEN & BURGERS,Bronx,Chicken,A,12,2023-10-04
KENNEDY CHICKEN & GRILL,Bronx,Chicken,B,22,2024-02-12
KENNEDY CHICKEN & PIZZA,Bronx,Chicken,B,18,2026-02-11
KENNEDY CHICKEN & PIZZA,Bronx,Chicken,C,28,2025-10-09
KENNEDY CHICKEN AND PIZZA,Bronx,Chicken,A,13,2026-04-30
KENNEDY CHICKEN PIZZA & BURGER,Bronx,Chicken,A,9,2024-11-18
KENNEDY FRIED CHICKEN,Bronx,Chicken,A,9,2025-09-30
KENNEDY FRIED CHICKEN,Bronx,Chicken,A,12,2026-07-22
KENNEDY FRIED CHICKEN,Bronx,Chicken,A,12,2025-09-25
KENNEDY FRIED CHICKEN,Bronx,Chicken,A,12,2025-09-30
KENNEDY FRIED CHICKEN,Bronx,Chicken,A,7,2025-02-24
KENNEDY FRIED CHICKEN,Bronx,Chicken,A,6,2023-02-23
KENNEDY FRIED CHICKEN,Bronx,Chicken,A,11,2024-11-18
KENNEDY FRIED CHICKEN,Bronx,Chicken,A,13,2025-12-10
KENNEDY FRIED CHICKEN,Bronx,Chicken,A,7,2026-04-14
KENNEDY FRIED CHICKEN,Bronx,Chicken,A,13,2024-01-18
KENNEDY FRIED CHICKEN,Bronx,Chicken,A,10,2025-04-29
KENNEDY FRIED CHICKEN,Bronx,Chicken,A,4,2024-08-22
KENNEDY FRIED CHICKEN,Bronx,Chicken,A,9,2023-03-01
KENNEDY FRIED CHICKEN,Bronx,Other,A,11,2023-02-22
KENNEDY FRIED CHICKEN,Bronx,Chicken,A,10,2023-06-28
KENNEDY FRIED CHICKEN,Bronx,Chicken,A,9,2024-04-05
KENNEDY FRIED CHICKEN,Bronx,Chicken,B,25,2024-07-10
KENNEDY FRIED CHICKEN,Bronx,Chicken,B,24,2023-09-13
KENNEDY FRIED CHICKEN,Bronx,Chicken,B,26,2025-07-15
KENNEDY FRIED CHICKEN,Bronx,Chicken,B,18,2024-11-14
KENNEDY FRIED CHICKEN,Bronx,Chicken,B,20,2024-02-06
KENNEDY FRIED CHICKEN,Bronx,Chicken,B,16,2023-01-10
KENNEDY FRIED CHICKEN,Bronx,Chicken,C,31,2025-11-18
KENNEDY FRIED CHICKEN,Bronx,Chicken,C,41,2025-01-27
KENNEDY FRIED CHICKEN,Bronx,American,C,28,2023-04-03
KENNEDY FRIED CHICKEN,Bronx,Chicken,C,29,2025-01-30
KENNEDY FRIED CHICKEN,Bronx,Chicken,C,2,2025-08-11
KENNEDY FRIED CHICKEN & SALAD BAR,Bronx,Chicken,B,20,2025-05-05
KENNEDY FRIED CHICKEN & SALAD BAR,Bronx,Chicken,C,40,2023-11-13
KENNEDY FRIED CHICKEN & SALAD BAR,Bronx,Chicken,C,47,2025-01-02
KETOLAND & SERIE 54,Bronx,Latin American,B,23,2024-12-23
KETOLAND & SERIE 54,Bronx,Latin American,B,17,2023-09-22
KETSIE GROCERY,Bronx,Latin American,C,28,2024-11-19
KEUR AISHA SANTE YALLAH AFRICAN RESTAURANT,Bronx,African,B,18,2025-04-23
KFC,Bronx,Chicken,A,10,2022-11-09
KFC,Bronx,American,A,6,2025-05-08
KFC,Bronx,American,C,3,2024-08-29
"KFC, TACO BELL",Bronx,Tex-Mex,A,4,2025-10-20
KING DRAGON,Bronx,Chinese,A,13,2024-01-12
KING HING,Bronx,Chinese,B,25,2024-12-12
KING HOUSE,Bronx,Chinese,C,38,2023-06-13
KING HUMMINGBIRD,Bronx,Caribbean,B,16,2025-06-09
KING HUMMINGBIRD,Bronx,Caribbean,C,40,2025-01-07
KING SUNSHINE #2 JERK CENTER,Bronx,Caribbean,A,13,2024-07-01
KING'S CHEF CHINESE RESTAURANT,Bronx,Chinese,A,12,2024-10-16
KINGSBRIDGE COFFEE SHOP,Bronx,Sandwiches/Salads/Mixed Buffet,B,24,2023-09-21
KIRAKU SUSHI JAPANESE RESTAURANT,Bronx,Japanese,A,13,2024-04-20
KLASSIQUE,Bronx,Caribbean,B,25,2023-11-27
KOFEE,Bronx,Coffee/Tea,B,25,2025-07-21
KORI'S EAT,Bronx,Caribbean,C,30,2023-01-25
KRAZY GRILL,Bronx,Chicken,A,11,2024-11-07
KRAZY GRILL,Bronx,Chicken,A,13,2026-02-04
KRISPY FRIED CHICKEN & PIZZA,Bronx,Chicken,C,59,2024-10-16
KRISTY'S RESTAURANT,Bronx,Chinese,B,16,2026-02-04
KUMASI RESTURANT,Bronx,African,A,13,2025-09-22
KUMASI RESTURANT,Bronx,African,B,17,2024-12-09
KUNG FU TEA,Bronx,Coffee/Tea,C,63,2026-05-18
KUTTY,Bronx,American,A,12,2024-06-27
Kennedy Fried Chicken,Bronx,Chicken,A,10,2026-02-11
Kennedy Fried Chicken,Bronx,Chicken,B,16,2026-02-19
LA CASA DE FRIDA,Bronx,Mexican,A,9,2023-12-15
LA CUEVA,Bronx,Mexican,B,27,2025-05-08
LA ESQUINITA DEL SAZON JUICE BAR,Bronx,Latin American,C,43,2025-01-21
LA FONDITA,Bronx,Mexican,A,5,2022-08-24
LA FONDITA,Bronx,Mexican,A,10,2025-05-14
LA IGUANA,Bronx,American,C,42,2024-11-25
LA ISLA CUCHIFRITOS,Bronx,Latin American,C,51,2023-12-26
LA JEFA RESTAURANT,Bronx,Mexican,A,10,2025-09-30
LA JEFA RESTAURANT,Bronx,Mexican,A,10,2024-03-19
LA MONEDA RESTAURANT,Bronx,Latin American,B,26,2023-01-21
LA MORADA RESTAURANT,Bronx,Mexican,A,12,2024-09-11
LA NUEVA ESTRELLA (LNE),Bronx,Latin American,B,27,2024-04-24
LA NUEVA ESTRELLA (LNE),Bronx,Latin American,B,27,2025-08-28
LA PASTORA BAKERY,Bronx,Bakery Products/Desserts,A,13,2024-05-30
LA PLAZA DEL POLLO,Bronx,Mexican,B,21,2025-09-22
LA POSADA MEXICANA,Bronx,Mexican,B,21,2025-07-17
LA SALLE BAKERY,Bronx,Bakery Products/Desserts,A,11,2026-01-30
LA SORPRESA,Bronx,Spanish,C,33,2024-08-27
LA VILLA RESTAURANT,Bronx,Mexican,B,25,2024-04-08
LAILEILEI JUICE & SNACK BAR,Bronx,Latin American,A,13,2025-05-19
LAILEILEI JUICE & SNACK BAR,Bronx,Latin American,B,24,2023-11-08
LAS CHATAS TAQUERIA & DELI GROCERY,Bronx,Mexican,A,9,2024-03-27
LAS CHATAS TAQUERIA & DELI GROCERY,Bronx,Mexican,A,11,2025-02-25
LAS CHATAS TAQUERIA & DELI GROCERY,Bronx,Mexican,A,13,2026-03-25
LAS MARAVILLAS DE MEXICO RESTAURANT,Bronx,Mexican,A,13,2026-08-19
LASH SWEET AND TINGS,Bronx,"Juice, Smoothies, Fruit Salads",C,50,2024-11-25
LASH WEST INDIAN & AMERICAN CUISINE,Bronx,Caribbean,B,25,2025-08-13
LAVA HOUSE CREPES & CAFE,Bronx,Bakery Products/Desserts,B,26,2026-05-05
LECHONERA POLLO SABROSO DEL VALLE,Bronx,Spanish,B,26,2024-08-13
LECHONERA POLLO SABROSO DEL VALLE RESTAURANT,Bronx,Spanish,C,35,2023-09-20
LECHONERA POLLO SABROSO DEL VALLE RESTAURANT,Bronx,Spanish,C,48,2026-06-24
LEE'S DELI,Bronx,Sandwiches/Salads/Mixed Buffet,A,11,2026-03-25
LEE'S KITCHEN,Bronx,Chinese,C,50,2025-09-11
LENA'S RESTAURANT,Bronx,Latin American,A,13,2025-06-12
LES Q CARIBBEAN RESTAURANT,Bronx,Caribbean,B,19,2024-11-12
LES Q CARIBBEAN RESTAURANT,Bronx,Caribbean,B,20,2025-05-21
LETTUCE EAT,Bronx,American,A,5,2022-09-02
LETTUCE EAT,Bronx,American,A,8,2024-02-06
LIANG'S GARDEN,Bronx,Chinese,A,13,2026-01-07
LIANG'S GARDEN,Bronx,Chinese,B,26,2024-11-25
LIBERATO RESTAURANT,Bronx,Latin American,A,12,2024-06-27
LIBERTY DINER,Bronx,American,C,42,2024-09-24
LIEBMAN'S DELI,Bronx,Jewish/Kosher,A,12,2024-08-13
LILI'S BUREK,Bronx,Mediterranean,A,12,2026-09-01
LIN HOME CHINESE RESTAURANT,Bronx,Chinese,A,13,2026-08-03
LIN'S ASIAN CUISINE,Bronx,Asian/Asian Fusion,A,13,2025-11-20
LIN'S GARDEN,Bronx,Chinese,B,14,2023-02-15
LINCOLN FRIED CHICKEN,Bronx,Chicken,C,41,2025-02-10
LINCOLN HOT PIZZA,Bronx,Pizza,B,17,2025-01-27
LINCOLN HOT PIZZA,Bronx,Pizza,C,40,2023-12-26
LINDA'S PIZZA,Bronx,Pizza,B,26,2024-04-04
LINDA'S PIZZA,Bronx,Pizza,C,52,2025-07-14
LIT. BOOKBAR,Bronx,American,A,9,2023-12-14
LITTLE CAESARS,Bronx,Pizza,A,11,2026-06-03
LITTLE CAESARS,Bronx,Pizza,A,12,2025-01-27
LITTLE CAESARS,Bronx,Pizza,A,13,2026-07-27
LITTLE CAESARS,Bronx,Pizza,A,6,2026-01-14
LITTLE CAESARS,Bronx,Pizza,B,25,2025-08-27
LITTLE GREECE,Bronx,Mediterranean,A,12,2025-03-17
LITTLE NEGRIL JAMAICAN CUISINE,Bronx,Caribbean,A,12,2023-05-16
LOADED PLATTERS,Bronx,Chicken,B,17,2025-10-29
LORENZO'S PIZZERIA,Bronx,Pizza,A,12,2023-03-20
LOS 2 SABORES RESTAURANT,Bronx,Mexican,B,21,2025-04-09
LOS ALTOS CAFE & RESTAURANT,Bronx,Latin American,A,12,2025-12-20
LOS AMIGOS RESTAURANT,Bronx,Spanish,A,13,2024-10-18
LOS CATRACHOS,Bronx,Spanish,C,28,2026-08-13
LOS MANGOS BAR & GRILL,Bronx,Spanish,B,22,2025-10-01
LOS MUNCHIES,Bronx,Latin American,C,49,2025-07-01
LOS NISPEROS PERUVIAN RESTAURANT,Bronx,Peruvian,B,20,2024-03-04
LOS PRIMOS,Bronx,Mexican,B,22,2024-04-12
LOTUS LOUNGE,Bronx,Middle Eastern,A,12,2024-10-10
LOTUS LOUNGE,Bronx,Middle Eastern,A,11,2025-10-24
LOVE & SOUL FOOD,Bronx,Caribbean,C,2,2025-04-15
LUCCHESE FOOD SERVICE,Bronx,American,B,27,2025-02-07
LUCIANO'S PIZZA,Bronx,Pizza,B,20,2024-11-26
LUCKY GARDEN,Bronx,Chinese,A,11,2026-01-30
LUCKY GARDEN,Bronx,Chinese,B,18,2024-08-22
LUCKY RESTAURANT,Bronx,Chinese,A,11,2024-06-07
LUEN HING RESTAURANT,Bronx,Chinese,B,20,2023-11-27
LULO RESTAURANT BRONX,Bronx,Spanish,A,12,2024-12-17
LULO RESTAURANT BRONX,Bronx,Spanish,A,13,2026-05-02
LULU'S COFFEE SHOP,Bronx,Coffee/Tea,B,27,2023-12-05
LULU'S COFFEE SHOP,Bronx,Coffee/Tea,B,24,2025-04-28
LULU'S COFFEE SHOP,Bronx,Coffee/Tea,C,31,2024-12-23
LUNA PIZZA,Bronx,Pizza,B,26,2024-03-11
LYDIG COFFEE HOUSE,Bronx,American,A,12,2026-04-06
LYDIG COFFEE HOUSE,Bronx,American,B,27,2024-02-26
M & G RESTAURANT,Bronx,American,A,11,2025-07-15
M AND G RESTAURANT,Bronx,American,A,10,2025-09-23
MADE IN PUERTO RICO,Bronx,Latin American,B,18,2023-11-28
MADISON CAFE,Bronx,American,B,25,2024-02-20
MADISON'S DELICIOUS PIZZA CAFE,Bronx,Pizza,A,8,2024-04-17
MADISON'S DELICIOUS PIZZA CAFE,Bronx,Pizza,B,27,2023-04-17
MAESTRO CATERERS,Bronx,American,A,13,2025-10-16
MAISONETTA,Bronx,Mexican,B,22,2023-11-14
MALINA'S KITCHEN,Bronx,African,C,4,2024-11-08
MAMA BAKERY,Bronx,Bakery Products/Desserts,A,11,2026-04-22
MAMA BAKERY,Bronx,Bakery Products/Desserts,B,23,2025-03-04
MAMA DORA RESTAURANT,Bronx,Latin American,A,11,2026-07-24
MAMA G AFRICAN KITCHEN,Bronx,African,B,26,2024-11-14
MAMA SUSHI,Bronx,Japanese,A,7,2024-04-22
MAMMA ROSA'S,Bronx,Sandwiches,A,2,2023-03-23
MAMi CHEFI DELI JUICE,Bronx,"Juice, Smoothies, Fruit Salads",A,9,2025-04-02
MANOS AMIGAS NUTRITION,Bronx,"Juice, Smoothies, Fruit Salads",C,38,2023-09-21
MARCONIS PIZZA,Bronx,Pizza,A,9,2025-06-17
MARIA BONITA BAKERY JUICE BAR,Bronx,Bakery Products/Desserts,A,13,2025-02-10
MARIBELLA SPORTS BAR,Bronx,Latin American,B,18,2024-08-14
MARINA DEL REY,Bronx,American,A,8,2022-04-14
MARIO'S RESTAURANT,Bronx,Italian,B,15,2025-08-20
MARISCO CENTRO SEAFOOD RESTAURANT & BAR,Bronx,Seafood,A,13,2026-04-08
MARKETPLACE AT MCGINLEY CENTER FORDHAM UNIVERSITY,Bronx,American,A,13,2025-02-25
MARTIN'S FOODZ 2 GO,Bronx,Caribbean,A,11,2026-04-17
MARY'S PALACE,Bronx,Latin American,B,17,2023-08-14
MC BAKERY AND COFFEE SHOP,Bronx,Bakery Products/Desserts,A,12,2025-11-24
MC BAKERY AND COFFEE SHOP II,Bronx,Bakery Products/Desserts,A,12,2024-06-26
MCDONALD'S,Bronx,Hamburgers,A,10,2025-06-23
MCDONALD'S,Bronx,Hamburgers,A,12,2025-01-27
MCDONALD'S,Bronx,Hamburgers,A,13,2025-03-18
MCDONALD'S,Bronx,Hamburgers,A,10,2023-06-23
MCDONALD'S,Bronx,Hamburgers,A,5,2023-10-13
MCDONALD'S,Bronx,Hamburgers,A,9,2025-04-09
MCDONALD'S,Bronx,Hamburgers,A,11,2024-04-19
MCDONALD'S,Bronx,Hamburgers,A,9,2026-03-23
MCDONALD'S,Bronx,Hamburgers,A,10,2024-02-02
MCDONALD'S,Bronx,Hamburgers,A,6,2024-10-03
MCDONALD'S,Bronx,American,A,5,2024-12-10
MCDONALD'S,Bronx,Hamburgers,A,12,2025-01-30
MCDONALD'S,Bronx,Hamburgers,A,12,2024-07-01
MCDONALD'S,Bronx,Hamburgers,A,8,2026-04-24
MCDONALD'S,Bronx,Hamburgers,A,10,2023-12-27
MCDONALD'S,Bronx,Hamburgers,A,10,2026-02-03
MCDONALD'S,Bronx,Hamburgers,A,11,2026-07-15
MCDONALD'S,Bronx,Hamburgers,B,23,2025-10-08
MCDONALD'S,Bronx,Hamburgers,C,2,2023-10-19
MCDONALD'S,Bronx,Hamburgers,C,42,2023-01-27
MCDONALD'S,Bronx,Hamburgers,C,33,2024-02-22
MEI CHUNG MEI RESTAURANT,Bronx,Chinese,B,22,2023-12-21
MEI CHUNG MEI RESTAURANT,Bronx,Chinese,B,24,2025-07-09
MELA'S CAFE,Bronx,Spanish,B,25,2025-07-14
MENCHIES,Bronx,Frozen Desserts,A,12,2024-02-29
MERRY LAND BUFFET,Bronx,Chinese,A,12,2026-05-04
MERRY LAND BUFFET,Bronx,Chinese,B,26,2024-03-07
MERRY LAND BUFFET,Bronx,Chinese,B,20,2025-07-14
MERRYLAND BUFFET,Bronx,Chinese,B,27,2023-08-28
MESS HALL,Bronx,American,C,45,2024-03-27
MESS HALL,Bronx,American,C,33,2026-06-18
METATE and Parmesan Pizza,Bronx,Mexican,A,12,2026-01-12
MEXICAN FAST FOOD,Bronx,Mexican,C,36,2023-11-14
MEXICANA DELI GROCERY,Bronx,Mexican,A,11,2026-05-11
MEZAMIX SHAWARMA,Bronx,Middle Eastern,C,35,2025-08-06
MG 54 BAR AND LOUNGE,Bronx,Spanish,B,20,2023-04-13
MI BAKERY & CAFE,Bronx,Bakery Products/Desserts,A,12,2026-07-28
MI BAKERY & CAFE,Bronx,Bakery Products/Desserts,B,17,2025-07-17
MI CASA BAKERY,Bronx,Bakery Products/Desserts,A,13,2024-01-31
MI CASA BAKERY,Bronx,Bakery Products/Desserts,A,12,2023-05-30
MI LINDO SAN MIGUELITO,Bronx,Mexican,A,10,2025-01-13
MI PUEBLITO COMIDA TIPICA MEXICANA,Bronx,Mexican,A,7,2024-07-02
MI ROMANCE ECUATORIANO,Bronx,Spanish,A,13,2025-12-09
MICHAEL ANGELO'S BRICK OVEN,Bronx,Italian,A,5,2025-03-04
MIKE'S DELI,Bronx,Italian,B,23,2025-08-27
MIKE'S DELI,Bronx,Italian,B,26,2023-04-06
MIKE'S DELI,Bronx,Italian,C,28,2024-12-13
MILANO PIZZA & FRIED CHICKEN,Bronx,Chicken,C,30,2025-02-07
MINATO,Bronx,Mexican,A,13,2025-12-15
MIRADOR RESTAURANT,Bronx,Latin American,A,12,2026-06-10
MIRADOR RESTAURANT,Bronx,Latin American,B,20,2023-06-14
MIRELI RESTAURANT,Bronx,Latin American,A,13,2025-09-18
MIS ANTOJITOS AND NATURAL JUICE BAR,Bronx,"Juice, Smoothies, Fruit Salads",A,11,2026-05-05
MIS ANTOJITOS AND NATURAL JUICE BAR,Bronx,"Juice, Smoothies, Fruit Salads",B,19,2024-08-19
MOCHA CAFE,Bronx,American,C,35,2023-04-13
MOE'S SOUTHWEST GRILL,Bronx,Mexican,A,9,2025-12-30
MOISE'S RISTORANTE,Bronx,Italian,A,13,2024-08-29
MONTE GRAB & GO MARKET,Bronx,American,A,12,2023-11-02
MONTESPINO RESTAURANT,Bronx,Latin American,B,25,2025-11-14
MONTESPINO RESTAURANT,Bronx,Latin American,B,26,2024-04-12
MONTESPINO RESTAURANT,Bronx,Latin American,C,31,2025-07-23
MONTEZUMA RESTAURANT,Bronx,Mexican,B,16,2023-06-05
MONTEZUMA RESTAURANT,Bronx,Mexican,C,30,2025-02-05
MOON STAR GRILL,Bronx,Asian/Asian Fusion,B,21,2025-08-13
MORA BAKERY,Bronx,Bakery Products/Desserts,A,12,2023-12-29
MORA BAKERY,Bronx,Bakery Products/Desserts,C,36,2025-08-27
MORENA RESTAURANT,Bronx,Latin American,B,19,2025-01-21
MORRIS PARK PIZZA,Bronx,Pizza,B,22,2025-02-04
MOTTLEY KITCHEN,Bronx,Moroccan,C,47,2025-09-02
MR. PIZZA,Bronx,Pizza,A,11,2023-01-17
MR. PIZZA,Bronx,Pizza,A,5,2025-09-02
MR.PIZZERIA,Bronx,Pizza,A,12,2026-05-20
MS CARIDAD RESTAURANT,Bronx,Latin American,A,13,2025-05-23
MS CARIDAD RESTAURANT,Bronx,Latin American,A,7,2023-02-22
MSMA PUEBLA,Bronx,Mexican,A,13,2024-08-13
"MY KITCHEN FLAVOR CATERING, LLC.",Bronx,Latin American,C,38,2024-09-23
MY PIZZA,Bronx,Pizza,C,32,2026-08-03
MY PIZZA,Bronx,Pizza,C,29,2023-09-11
MY VALLE,Bronx,Spanish,A,10,2026-08-19
MZ INEZ JERK HUT,Bronx,Caribbean,A,12,2026-07-09
Mario's Pizza,Bronx,Italian,B,17,2024-11-18
NABAYA AFRICAN AMERICAN RESTUARANT,Bronx,African,B,19,2024-08-21
NABAYA AFRICAN AMERICAN RESTUARANT,Bronx,African,C,54,2026-06-11
NATHAN'S FAMOUS,Bronx,American,B,19,2025-01-29
NATIONAL BAKERY,Bronx,Bakery Products/Desserts,A,11,2026-01-23
NATIONAL BAKERY,Bronx,Bakery Products/Desserts,A,10,2025-12-02
NATIONAL BAKERY,Bronx,Bakery Products/Desserts,A,12,2024-09-03
NATIONAL BAKERY,Bronx,Bakery Products/Desserts,B,25,2024-11-14
NATIONAL BAKERY,Bronx,Bakery Products/Desserts,B,20,2024-03-25
NATIONAL DINER,Bronx,American,A,10,2025-02-21
NATIONAL DINER,Bronx,American,B,26,2024-08-07
NB. NATIONAL BAKERY,Bronx,Bakery Products/Desserts,A,12,2025-04-18
NEEROB RESTAURANT,Bronx,Bangladeshi,C,34,2023-03-17
NEW CHINA HOUSE,Bronx,Chinese,B,26,2024-12-23
NEW CHINA HOUSE,Bronx,Chinese,B,19,2026-06-18
NEW DRAGON SEA CHINESE RESTAURANT,Bronx,Chinese,A,12,2024-06-06
NEW DYNASTY CHINESE RESTAURANT,Bronx,Chinese,B,22,2023-10-19
NEW GARDEN,Bronx,Chinese,B,16,2023-03-30
NEW GOLDEN DRAGON CHINESE,Bronx,Chinese,A,13,2026-08-18
NEW HONG KONG KITCHEN,Bronx,Chinese,A,12,2026-05-04
NEW KENNEDY CHICKEN & GYRO,Bronx,Chicken,A,7,2024-11-27
NEW KING DRAGON RESTAURANT,Bronx,Chinese,A,13,2023-06-01
NEW LI'S KITCHEN,Bronx,Chinese,B,21,2025-09-23
NEW LI'S KITCHEN,Bronx,Chinese,C,36,2024-11-12
NEW LITTLE CHOPSTICKS,Bronx,Chinese,A,13,2022-07-28
NEW LITTLE CHOPSTICKS,Bronx,Chinese,A,10,2025-06-18
NEW PEARL OF CHINA,Bronx,Chinese,B,16,2023-01-09
NEW PEARL OF CHINA,Bronx,Chinese,C,30,2024-11-15
NEW PEKING RESTAURANT,Bronx,Chinese,B,17,2025-01-21
NEW SPRING GARDEN,Bronx,Chinese,B,20,2025-11-25
NEW SPRING GARDEN,Bronx,Chinese,C,2,2025-06-06
NEW WAH KITCHEN,Bronx,Chinese,C,46,2025-12-02
NEW WOK,Bronx,Chinese,A,12,2026-09-10
NEW WOK,Bronx,Chinese,B,19,2023-09-19
NEW YANKEE SK PIZZA,Bronx,Pizza,A,12,2024-08-21
NICKS PIZZA LOUNGE,Bronx,Pizza,B,27,2023-08-22
NICKS PIZZA LOUNGE,Bronx,Pizza,C,39,2025-08-13
NICKY'S COFFEE SHOP,Bronx,American,B,20,2025-01-17
NO 1 WOK,Bronx,Chinese,A,11,2023-10-31
NO 1 WOK,Bronx,Chinese,A,10,2025-05-28
NO FORK,Bronx,Pizza,B,23,2024-11-25
NO. 1 CHINA GARDEN KITCHEN,Bronx,Chinese,B,26,2025-10-15
NO. 1 CHINA GARDEN KITCHEN,Bronx,Chinese,C,41,2024-11-14
NO. 1 CHINESE RESTAURANT,Bronx,Chinese,A,12,2024-08-21
NO. 1 KITCHEN,Bronx,Chinese,B,22,2024-03-22
NO.8 CHINESE RESTAURANT,Bronx,Chinese,A,11,2026-06-10
NOCHES MEXICANAS,Bronx,Mexican,A,13,2024-06-05
NONIS COFFEE SHOP,Bronx,American,B,16,2024-08-23
NORA PIZZA,Bronx,Pizza,B,26,2023-05-15
NORRIS INCLUSIVE CATERING CUISINES LLC,Bronx,Caribbean,A,12,2026-04-09
NORTH STAR CAFE,Bronx,American,B,25,2025-07-16
NPR FOOD SOLUTIONS,Bronx,American,A,13,2024-04-16
NPR FOOD SOLUTIONS,Bronx,American,A,12,2025-07-28
NUEVO THREE WAY RESTAURANT,Bronx,Spanish,B,21,2024-12-23
NUEVO TULCINGO AZTECA,Bronx,Mexican,B,16,2023-01-12
NUEVO TULCINGO AZTECA,Bronx,Mexican,B,21,2024-11-21
NUEVO TULCINGO AZTECA,Bronx,Mexican,B,21,2025-06-09
NUTRICION SIEMPRE SALUDABLE,Bronx,"Juice, Smoothies, Fruit Salads",A,7,2025-04-15
New Boe Lee,Bronx,Chinese,A,11,2025-04-09
OASIS COFFEE SHOP,Bronx,Mexican,A,11,2025-04-01
OASIS COFFEE SHOP,Bronx,Mexican,C,74,2024-04-01
OCKY FRIED CHICKEN & PIZZA,Bronx,Chicken,C,51,2025-10-02
OCKY FRIED CHICKEN & PIZZA,Bronx,Chicken,C,31,2024-08-22
OLI 99¢ FRESH PIZZA,Bronx,Pizza,C,2,2023-09-15
OLIVE GARDEN,Bronx,Italian,B,25,2023-03-22
ORIGINAL JOE'S PIZZA,Bronx,Pizza,A,12,2024-03-20
ORRICO'S ITALIAN RESTAURANT,Bronx,Italian,A,13,2025-12-30
OSU-R.E GRILL,Bronx,African,C,49,2025-09-11
Orchard Beach Grill (section 7),Bronx,American,A,12,2025-07-11
P.J. BRADY'S TAVERN,Bronx,American,A,10,2024-04-15
P.J. BRADY'S TAVERN,Bronx,American,A,13,2025-06-16
PABELLON,Bronx,Chinese,B,21,2025-01-14
PAK CHANDNI CHOWK RESTAURANT,Bronx,Pakistani,B,27,2025-05-05
PALACE OF JAPAN,Bronx,Japanese,B,26,2023-08-30
PALACE OF JAPAN,Bronx,Japanese,B,18,2025-06-02
PANADERIA IXTAPAN,Bronx,Bakery Products/Desserts,B,20,2024-04-24
PANADERIA IXTAPAN,Bronx,Bakery Products/Desserts,C,32,2025-08-13
PANERA BREAD,Bronx,Sandwiches,A,13,2024-07-26
PAPA JOHN'S,Bronx,Pizza,A,4,2026-08-11
PAPA JOHN'S,Bronx,Pizza,B,20,2024-02-05
PAPA JOHN'S,Bronx,Pizza,B,21,2024-06-12
PAPA JOHN'S PIZZA,Bronx,Pizza,A,12,2023-11-02
PAPA JOHN'S PIZZA,Bronx,Pizza,A,9,2024-11-25
PAPA JOHN'S PIZZA,Bronx,Pizza,A,13,2025-05-13
PAPA YE RESTAURANT,Bronx,African,A,13,2023-12-11
PAPA YE RESTAURANT,Bronx,African,A,11,2025-07-15
PAPAYE DINER,Bronx,African,A,10,2024-10-15
PARRILLA LATINA,Bronx,Spanish,B,26,2024-08-27
PARRILLA LATINA SPORTS BAR,Bronx,Latin American,C,30,2025-07-14
PARRILLA LATINA SPORTS BAR,Bronx,Latin American,C,36,2024-02-15
PASQUALE'S RIGOLETTO RESTAURANT,Bronx,Italian,C,38,2023-05-02
PASQUALE'S RIGOLETTO RESTAURANT,Bronx,Italian,C,2,2025-03-14
PASTA PASTA RESTAURANT,Bronx,Italian,A,10,2023-10-18
PATRICIA'S,Bronx,Italian,A,12,2025-01-30
PATRICIA'S,Bronx,Italian,B,22,2023-05-03
PEPPINO'S PIZZA,Bronx,Pizza,B,25,2026-06-30
PEPPINO'S PIZZA,Bronx,Pizza,C,41,2025-08-18
PEPPINO'S PIZZA,Bronx,Pizza,C,41,2025-01-09
PEREZ BAKERY,Bronx,Bakery Products/Desserts,A,12,2025-04-21
PEREZ BAKERY,Bronx,Bakery Products/Desserts,B,25,2024-04-16
PERRY'S COFFEE SHOP,Bronx,American,A,7,2024-10-18
PETE'S CAFE,Bronx,American,A,9,2025-03-21
PETE'S CAFE,Bronx,American,A,11,2024-08-26
PETE'S RESTAURANT & DONUT SHOP,Bronx,Coffee/Tea,A,12,2026-05-15
PICANTE PICANTE RESTAURANT,Bronx,Mexican,B,22,2025-01-03
PIO PIO,Bronx,Peruvian,A,5,2023-05-25
PIZZA,Bronx,Pizza,A,9,2025-06-17
PIZZA CHEF,Bronx,Pizza,B,17,2025-01-08
PIZZA HUT,Bronx,Pizza,A,12,2024-04-09
PIZZA ITALIA,Bronx,Pizza,A,11,2024-05-16
PIZZERIA LAS MARGARITA’S,Bronx,Pizza,A,13,2023-06-21
PIZZERIA SAN DIEGO,Bronx,Pizza,B,16,2023-05-08
PLAZA CAFE,Bronx,American,B,27,2026-01-27
PLAZA CAFE,Bronx,American,B,21,2025-02-11
POPEYES,Bronx,Chicken,A,10,2024-12-27
POPEYES,Bronx,Chicken,A,11,2024-05-09
POPEYES,Bronx,Chicken,A,11,2024-10-09
POPEYES,Bronx,Chicken,A,10,2026-02-06
POPEYES,Bronx,American,A,11,2025-05-07
POPEYES,Bronx,Chicken,A,10,2024-05-30
POPEYES,Bronx,Chicken,A,12,2025-05-22
POPEYES,Bronx,Chicken,A,6,2024-06-18
POPEYES,Bronx,Chicken,A,11,2026-01-13
POPEYES,Bronx,Chicken,A,0,2024-10-15
POPEYES,Bronx,Chicken,B,25,2024-12-24
POPEYES,Bronx,Chicken,C,58,2024-07-22
POPEYES LOUISIANA KITCHEN,Bronx,Chicken,B,19,2024-08-02
PORTO SALVO,Bronx,Italian,B,20,2023-09-27
PORTOFINO CAFE,Bronx,Bottled Beverages,A,12,2025-01-31
POUR CHOICES,Bronx,Bottled Beverages,A,7,2026-04-24
PREMIUM SWEETS & RESTAURANT,Bronx,Indian,A,11,2026-04-06
PRINCE COFFEE HOUSE,Bronx,Coffee/Tea,A,9,2024-05-02
PRINCE COFFEE HOUSE,Bronx,Coffee/Tea,B,15,2025-04-23
PRIZRENI GRILL,Bronx,Eastern European,B,26,2026-04-27
PUENTE DEL REY PIZZA Y PICA POLLO RESTAURANT,Bronx,Spanish,B,19,2026-06-12
PUGSLEY PIZZA,Bronx,Pizza,C,31,2024-03-04
PUNTO DE SABOR EXPRESS,Bronx,Latin American,B,21,2026-04-17
PUPUSERIA SALVADORENA,Bronx,Spanish,A,6,2023-03-30
QUALITY GRILL & GYRO,Bronx,Greek,A,12,2026-07-22
QUE SABROSURA!,Bronx,Latin American,C,29,2025-03-26
QUIET BAR & BISTRO,Bronx,Latin American,B,26,2023-06-15
RANCH JAMAICAN RESTAURANT,Bronx,Caribbean,A,13,2026-02-02
RANCH JAMAICAN RESTAURANT,Bronx,Caribbean,A,12,2025-05-02
RANCH RESTAURANT,Bronx,Caribbean,A,10,2025-12-22
RANCH RESTAURANT,Bronx,Caribbean,B,26,2023-03-14
RANCH RESTAURANT,Bronx,Caribbean,B,26,2023-05-17
RANCHO ESTRELLA RESTAURANT,Bronx,Mexican,B,21,2024-03-28
RAY'S PIZZA RESTUARANT,Bronx,Pizza,A,11,2024-05-24
RED BEAR LOUNGE,Bronx,Coffee/Tea,A,9,2024-09-16
RED FLOWER,Bronx,Chinese,A,13,2025-03-07
RESIDENCE INN BY MARRIOTT BRONX,Bronx,American,A,12,2024-04-22
RICURAS ECUDORIAN BAKERY,Bronx,Spanish,B,16,2023-10-02
RINCON LATINO RESTAURANT,Bronx,Latin American,C,28,2023-02-09
RIVERDALE BAGELS,Bronx,American,B,23,2025-09-12
RIVERDALE BAGELS,Bronx,American,B,27,2024-08-27
RIVERDALE SECOND HELPING,Bronx,Jewish/Kosher,B,17,2025-02-21
RIVERDALE STEAK HOUSE,Bronx,Steakhouse,A,5,2026-07-22
RIVERDALE STEAK HOUSE,Bronx,Steakhouse,B,20,2024-12-18
RIVERDALE YACHT CLUB,Bronx,American,A,13,2024-10-10
ROB'S KITCHEN,Bronx,Caribbean,B,24,2026-01-30
ROCA TONE SEAFOOD RESTAURANT,Bronx,Caribbean,B,20,2022-08-24
ROCCO'S PIZZERIA,Bronx,Pizza,C,76,2025-04-14
ROMANS PIZZA,Bronx,Pizza,B,14,2025-07-23
ROSE FLOWER KITCHEN,Bronx,Chinese,A,10,2025-11-12
ROSE FLOWER KITCHEN,Bronx,Chinese,A,13,2024-06-11
RUTA 55 RESTAURANT,Bronx,Spanish,A,10,2024-08-16
SABANA LOUNGE,Bronx,Spanish,A,7,2026-04-30
SABANA LOUNGE,Bronx,Spanish,B,21,2024-03-01
SABBA'S CHICKEN,Bronx,Chicken,B,25,2023-03-03
SABOR DE MI ABUELA MAR Y TIERRA RESTAURANT,Bronx,Spanish,C,33,2026-02-03
SALSA ZONE,Bronx,American,A,5,2019-06-07
SALSA ZONE,Bronx,American,B,19,2017-06-16
SALVATORE'S NY PIZZA,Bronx,Pizza,A,12,2024-05-06
SALVATORE'S NY PIZZA,Bronx,Pizza,B,23,2025-12-02
SAMMY'S ORIGINAL SHRIMP BOX,Bronx,Seafood,A,12,2025-11-26
SAN JOSE RESTAURANT,Bronx,Mexican,A,10,2025-01-28
SAN JOSE RESTAURANT,Bronx,Mexican,B,18,2024-03-26
SAN MARCOS CAFE,Bronx,Latin American,B,20,2024-11-14
SAN MARCOS CAFE,Bronx,Latin American,B,23,2026-06-24
SANBRA DOOR RESTAURANT,Bronx,African,A,7,2024-05-01
SANTA FE GRILL & BAR,Bronx,Mexican,A,9,2024-04-03
SARKU JAPAN,Bronx,Japanese,B,17,2023-05-31
SARKU JAPAN,Bronx,Japanese,C,34,2024-10-28
SAVOR COFFEE AND MORE,Bronx,Sandwiches,A,12,2023-07-24
SAVOR COFFEE AND MORE,Bronx,Sandwiches,A,12,2024-08-29
SAVOR COFFEE AND MORE,Bronx,Sandwiches,B,18,2025-04-22
SEA BREEE DELI,Bronx,Sandwiches,A,12,2026-03-05
SEAFOOD SOUL AND TINGZ,Bronx,American,B,19,2025-01-29
SEASHORE RESTAURANT,Bronx,Seafood,A,13,2025-06-26
SECTION 5 PIZZA,Bronx,American,A,12,2026-02-25
SEDGWICK PIZZA,Bronx,Pizza,A,7,2024-05-23
SEIS VECINOS RESTAURANT,Bronx,Spanish,A,13,2025-04-15
SERIE 69 BAR & RESTAURANT,Bronx,Latin American,B,23,2023-04-24
SERIE 69 BAR & RESTAURANT,Bronx,Latin American,C,36,2025-01-31
SHAH'S HALAL FOOD,Bronx,Middle Eastern,A,8,2025-04-21
SHILA BAR & WINE,Bronx,Coffee/Tea,A,7,2023-03-13
SIMON'S,Bronx,Sandwiches/Salads/Mixed Buffet,A,13,2025-04-24
SIMON'S,Bronx,Sandwiches/Salads/Mixed Buffet,A,11,2026-07-15
SING FEI CHINESE RESTAURANT,Bronx,Chinese,A,13,2026-03-18
SING LONG ZHU KITCHEN,Bronx,Chinese,A,4,2025-10-27
SIRENAS MEXICAN RESTAURANT BAR,Bronx,Mexican,B,25,2025-01-08
SMASHBURGER #1714,Bronx,American,A,12,2024-07-10
SNACK BAR (LOCATED BETWEEN A-B BETWEEN FANCY FOOD AND MASTERS),Bronx,American,A,8,2024-04-09
SOBREDOSIS D' AMOR RESTAURANT,Bronx,Spanish,B,20,2025-06-13
SOCIAL 101 CAFE,Bronx,American,A,13,2025-12-16
SOLIMAR GRILL,Bronx,Spanish,A,5,2025-01-17
SOSUA SEAFOOD,Bronx,Seafood,A,10,2022-07-05
SOUTHSIDE CAFE (Produce Market),Bronx,Latin American,A,13,2025-08-01
ST BESS RESTAURANT,Bronx,Caribbean,A,13,2025-10-30
ST BESS RESTAURANT,Bronx,Caribbean,B,19,2023-02-15
STALLY & JOSIE'S CARIBBEAN KITCHEN,Bronx,Bakery Products/Desserts,A,12,2025-01-22
STAND 127 FOOD COURT,Bronx,American,A,12,2024-09-27
STAND 205,Bronx,American,A,5,2024-09-27
STAND 232,Bronx,American,A,0,2024-09-27
STARBUCKS,Bronx,Coffee/Tea,A,12,2025-12-26
STARBUCKS COFFEE,Bronx,Coffee/Tea,A,13,2024-10-07
STARBUCKS COFFEE #49450,Bronx,Coffee/Tea,B,22,2025-04-30
STARBUCKS COFFEE COMPANY,Bronx,Coffee/Tea,A,5,2025-07-17
STEVEN RESTAURANT,Bronx,Latin American,A,7,2025-10-03
STEVEN RESTAURANT,Bronx,Latin American,A,7,2023-02-13
STEVEN RESTAURANT,Bronx,Latin American,A,12,2024-06-07
STEVEN RESTAURANT,Bronx,Latin American,C,52,2025-07-03
STOP AT THE STOP SWEET POT RESTAURANT & COCKTAIL,Bronx,Caribbean,A,8,2024-06-03
SUBWAY,Bronx,Sandwiches,A,4,2024-09-10
SUBWAY,Bronx,Sandwiches,A,12,2025-10-27
SUBWAY,Bronx,Sandwiches,A,12,2024-12-24
SUBWAY,Bronx,Sandwiches,A,13,2023-08-30
SUBWAY,Bronx,Sandwiches,A,12,2024-06-10
SUBWAY,Bronx,Sandwiches,A,12,2024-12-27
SUBWAY,Bronx,Sandwiches,A,13,2026-05-13
SUBWAY,Bronx,Sandwiches,A,10,2023-05-12
SUBWAY,Bronx,Sandwiches,A,12,2025-01-27
SUBWAY,Bronx,Sandwiches,A,7,2025-11-17
SUBWAY,Bronx,Sandwiches,A,7,2026-04-06
SUBWAY,Bronx,Sandwiches,A,9,2023-11-27
SUBWAY,Bronx,Sandwiches,B,18,2023-07-11
SUBWAY,Bronx,Sandwiches,B,19,2024-08-19
SUBWAY,Bronx,Sandwiches,B,19,2024-04-11
SUBWAY,Bronx,Sandwiches,B,25,2023-04-04
SUBWAY,Bronx,Sandwiches,B,17,2024-08-22
SUBWAY,Bronx,Sandwiches,B,23,2023-02-23
SUBWAY,Bronx,Sandwiches,C,30,2026-03-23
SUGAR BOY BAKERY II,Bronx,Bakery Products/Desserts,A,13,2023-10-27
SUGAR BOY BAKERY II,Bronx,Bakery Products/Desserts,A,13,2026-08-19
SUGAR BOY BAKERY II,Bronx,Bakery Products/Desserts,B,22,2025-05-06
SUITE PANTRY SUITE 4,Bronx,American,A,0,2024-09-27
SUNDAY'S BAKERY 2,Bronx,Bakery Products/Desserts,B,25,2026-07-29
SUNDAYS OFF CAFE,Bronx,Coffee/Tea,A,12,2026-04-07
SUPER KENNEDY FRIED CHICKEN,Bronx,Chicken,A,12,2024-06-17
SUPER KENNEDY FRIED CHICKEN,Bronx,Chicken,B,14,2023-02-13
SUPER KENNEDY'S CHICKEN & SANDWICH,Bronx,Chicken,B,24,2025-04-24
SUYO GASTROFUSION,Bronx,Latin American,A,13,2025-03-11
SUYO GASTROFUSION,Bronx,Latin American,C,32,2024-04-17
Selfcare Sips,Bronx,Coffee/Tea,A,7,2026-08-21
Selfcare Sips,Bronx,Coffee/Tea,A,12,2026-01-22
Soundview Slices NYC,Bronx,Pizza,A,5,2025-04-22
Sushi Q,Bronx,Japanese,B,20,2023-02-24
TACO BELL,Bronx,American,A,7,2024-07-12
TACO BELL,Bronx,Mexican,A,11,2024-12-31
TACO BELL,Bronx,Tex-Mex,A,10,2023-07-05
TACO BELL,Bronx,Tex-Mex,A,7,2023-04-10
TACO BELL,Bronx,Tex-Mex,A,4,2025-03-07
TACO BELL,Bronx,Tex-Mex,A,9,2024-12-04
TACO BELL,Bronx,Tex-Mex,A,12,2023-09-26
TACO BELL CANTINA,Bronx,Tex-Mex,A,9,2024-08-27
TACO BELL CANTINA,Bronx,Tex-Mex,A,2,2024-09-06
TACO EXPRESS MEXICAN GRILL,Bronx,Tex-Mex,C,4,2024-12-05
TACO INN,Bronx,Mexican,A,10,2025-02-21
TACO VELOZ MX RESTAURANT,Bronx,Mexican,B,19,2025-08-04
TACOS EL CHULETON,Bronx,Mexican,A,9,2025-12-10
TACOS EL COYOTE RESTAURANT,Bronx,Mexican,B,24,2024-01-09
TACOS PUEBLA RESTAURANT,Bronx,Tex-Mex,B,23,2025-01-06
TACOS SAN LUCAS II,Bronx,Mexican,B,22,2026-06-04
TACOS SAN LUCAS II,Bronx,Mexican,B,27,2024-08-26
TAICHI BUBBLE TEA,Bronx,Japanese,A,12,2026-08-05
TALVERA CANTINA,Bronx,Mexican,A,13,2025-10-01
TAMAL EXPRESS,Bronx,Mexican,A,13,2025-07-21
TAMAL EXPRESS,Bronx,Mexican,A,11,2024-05-01
TANA THAI RESTAURANT,Bronx,Thai,A,11,2024-10-30
TAQUERIA ATLIXCO,Bronx,Mexican,A,12,2026-07-29
TAQUERIA EL CEBOLLIN,Bronx,Spanish,A,11,2024-12-11
TAQUERIA EL CEBOLLIN,Bronx,Spanish,B,27,2023-04-24
TAQUERIA GUERRERO,Bronx,Mexican,B,27,2024-02-28
TAQUERIA MUNOZ,Bronx,Mexican,A,12,2026-04-06
TAQUERIA SINALOENSE,Bronx,Mexican,A,11,2026-02-12
TAQUERIA TLAXCALLI,Bronx,Mexican,A,12,2025-10-23
TASTY CHOICE,Bronx,Middle Eastern,A,13,2025-09-08
TASTY PICKS,Bronx,American,A,10,2025-07-31
TASTY PICKS II,Bronx,Sandwiches,B,27,2024-08-28
TASTY PICS I,Bronx,American,A,8,2025-04-18
TCR CAFE,Bronx,American,B,25,2024-11-14
TEHUACAN DELI GROCERY & TAQUERIA,Bronx,Mexican,A,13,2023-07-26
TEHUACAN DELI GROCERY & TAQUERIA,Bronx,Mexican,C,34,2025-07-11
TEN TAN,Bronx,Chinese,B,25,2025-01-07
TEN TAN,Bronx,Chinese,C,55,2023-12-21
TENARES RESTAURANT,Bronx,Spanish,A,12,2022-05-20
TEPANGOS PIZZA & MEXICAN FOOD,Bronx,Pizza,A,7,2023-10-12
TERESA'S GOURMET,Bronx,Bakery Products/Desserts,A,8,2025-05-07
TERIYAKI ONE,Bronx,Japanese,A,13,2025-11-12
TERIYAKI ONE,Bronx,Japanese,A,7,2026-07-28
TERIYAKI ONE,Bronx,Japanese,A,8,2024-08-06
TERIYAKI ONE,Bronx,Japanese,B,26,2024-11-14
TERIYAKI ONE JAPANESE GRILL,Bronx,Japanese,A,11,2025-09-24
TERIYAKI ONE JAPANESE GRILL,Bronx,Japanese,A,9,2026-07-23
TESSEY'S INTERNATIONAL KITCHEN,Bronx,Soul Food,A,5,2024-02-08
TEXAS CHICKEN & BURGER,Bronx,Chicken,B,20,2024-08-01
TEXAS CHICKEN & BURGERS,Bronx,Chicken,A,13,2025-07-21
TEXAS CHICKEN & BURGERS,Bronx,Chicken,B,20,2024-07-29
TEXAS CHICKEN & BURGERS,Bronx,Chicken,B,14,2023-01-25
THAI MAX,Bronx,Thai,B,18,2026-04-28
THAI MAX,Bronx,Thai,C,35,2025-04-22
THAI MAX,Bronx,Thai,C,49,2023-09-28
THAI MAX,Bronx,Thai,C,35,2025-10-08
THE 6,Bronx,Caribbean,B,19,2026-01-12
THE BARBECUE PIT,Bronx,Barbecue,A,12,2025-06-05
THE BARBECUE PIT,Bronx,Barbecue,A,11,2024-02-07
THE BRONX BEER HALL,Bronx,Italian,C,28,2024-11-20
THE DUMPLING COVE,Bronx,Caribbean,B,25,2025-05-21
THE GRILL HOUSE,Bronx,Middle Eastern,A,11,2025-04-07
THE LITTLE CUPCAKE PASTRY SHOP,Bronx,Bakery Products/Desserts,A,10,2023-12-21
THE NEW SOUL CAFE,Bronx,Soul Food,A,10,2023-01-30
THE OAKLEAF,Bronx,Irish,B,22,2025-09-13
THE PALMS WEST INDIAN & AMERICAN CUISINE,Bronx,Caribbean,C,50,2024-10-09
THE PECKING ORDER (THE BRONX ZOO),Bronx,American,A,10,2024-08-28
THE PIZZA BLOCK,Bronx,Jewish/Kosher,A,13,2025-07-25
THE PIZZA PLACE,Bronx,Pizza,A,7,2026-02-04
THERE SHOULD ALWAYS BE CAKE,Bronx,Bakery Products/Desserts,A,7,2023-11-03
TIBBETT DINER,Bronx,American,A,13,2026-04-27
TIBBETT DINER,Bronx,American,A,11,2024-04-08
TIGRE'S PIZZA & RESTAURANT,Bronx,American,C,2,2024-12-09
TINA RESTAURANT,Bronx,American,A,11,2022-11-16
TINY'S DINER,Bronx,American,B,16,2024-11-14
TOMMY'S PIZZA,Bronx,Pizza,A,11,2025-04-09
TOMMY'S PIZZA,Bronx,Pizza,A,13,2026-08-28
TONY & TINA'S PIZZA,Bronx,Pizza,B,23,2025-02-24
TONY'S BILLARD CAFE,Bronx,Spanish,A,6,2024-09-24
TONYS PIZZERIA,Bronx,Pizza,B,23,2024-11-26
TOP OF THE HILL CUISINE,Bronx,Caribbean,B,27,2025-08-04
TOP OF THE HILL CUISINE,Bronx,Caribbean,C,29,2024-08-27
TORTILLERIA Y TAQUERIA LENCHITA,Bronx,Mexican,A,10,2023-07-25
TORTOISE & HARE,Bronx,American,A,9,2026-03-10
TOTOPOS,Bronx,Mexican,A,12,2023-08-02
TOYOTA TERRACE BAR,Bronx,American,A,7,2024-09-27
TRA DI NOI,Bronx,Italian,A,12,2023-08-31
TREMONT DINER,Bronx,American,A,10,2025-04-07
TREMONT DINER,Bronx,American,A,13,2024-06-21
TRIPLE 8 RESTAURANT,Bronx,Chinese,B,15,2024-05-07
TRIPLE 8 RESTAURANT,Bronx,Chinese,C,49,2025-10-28
TRIPLE DEUCE,Bronx,Caribbean,C,93,2025-10-16
TRIPLE DEUCE,Bronx,Caribbean,C,46,2025-04-22
TRIPLE DEUCE,Bronx,Caribbean,C,39,2024-05-10
TRIPLE J PIZZERIA,Bronx,Pizza,B,27,2025-04-09
TRIPLE J PIZZERIA,Bronx,Pizza,B,14,2024-03-07
TRIPLE JS RESTAURANT,Bronx,Caribbean,A,9,2024-03-06
TROPILYZ B RESTAURANT,Bronx,Spanish,B,26,2023-02-13
TULCIMEX MEXICAN RESTAURANT,Bronx,Mexican,A,13,2025-10-16
TURNER CATERING,Bronx,American,A,12,2024-06-28
TURTLE COVE GOLF CENTER,Bronx,American,A,13,2022-07-19
TURTLE COVE GOLF CENTER,Bronx,American,A,4,2025-06-03
TWIN DONUTS,Bronx,American,A,11,2023-12-22
TWIN DONUTS,Bronx,American,B,22,2025-01-10
TWO BROTHERS PIZZA,Bronx,Pizza,B,19,2023-09-28
TWO IN ONE AMERICAN AND MEXICAN FOOD,Bronx,American,A,9,2024-01-30
TWO IN ONE AMERICAN AND MEXICAN FOOD,Bronx,American,A,13,2025-05-22
Texas Chicken and Burger,Bronx,Chicken,A,12,2026-05-13
Texas Chicken and Burger,Bronx,Chicken,A,13,2023-10-26
Texas Chicken and Burger,Bronx,Chicken,B,18,2025-04-21
UNCLE LOUIE G'S,Bronx,Frozen Desserts,A,12,2025-05-28
UNDERGROUND LOUNGE,Bronx,American,B,19,2025-04-24
US KENNEDY FRIED CHICKEN PIZZA,Bronx,Chicken,B,24,2023-05-17
VALENCIA COFFEE ROOM,Bronx,Coffee/Tea,A,13,2025-03-18
VENICE,Bronx,Italian,B,23,2024-12-16
VENICE,Bronx,Italian,C,34,2026-07-20
VERONA PIZZA,Bronx,Pizza,B,21,2025-01-27
VIBEZ N JUICE,Bronx,"Juice, Smoothies, Fruit Salads",B,17,2024-03-15
VIDA VERDE CAFE,Bronx,Coffee/Tea,B,21,2026-06-16
VILLA BARONE MANOR,Bronx,American,B,15,2023-11-16
VILLANO PIZZA,Bronx,Pizza,C,36,2026-05-12
VISTA HERMOSA RESTAURANT,Bronx,Mexican,A,13,2023-06-21
VISTA HERMOSA RESTAURANT,Bronx,Mexican,A,7,2026-02-05
VOGUE RESTAURANT & LOUNGE,Bronx,Spanish,A,12,2026-07-26
VPHO PIZZERIA & RESTAURANT,Bronx,Pizza,A,13,2025-01-16
VYBES CUISINE,Bronx,Caribbean,C,55,2024-12-17
WAH YONG KITCHEN,Bronx,Chinese,C,31,2024-04-17
WAI KANG CHINESE RESTAURANT,Bronx,Chinese,A,12,2025-10-28
WAI KANG CHINESE RESTAURANT,Bronx,Chinese,A,12,2023-05-02
WALNUT BUS STOP RESTAURANT,Bronx,American,B,27,2024-11-25
WALNUT BUS STOP RESTAURANT,Bronx,American,B,22,2026-03-17
WANG EASTERN OF ZHANG,Bronx,Chinese,A,2,2024-04-16
WANG EASTERN OF ZHANG,Bronx,Chinese,A,7,2026-02-04
WEBSTER CAFE,Bronx,American,B,21,2023-01-05
WEBSTER CAFE,Bronx,American,B,20,2024-12-06
WEBSTER CAFE,Bronx,American,B,23,2025-08-20
WEMBLEY ATHLETIC CLUB,Bronx,American,A,10,2017-10-24
WENDY'S,Bronx,Hamburgers,A,13,2025-09-16
WENDY'S,Bronx,Hamburgers,A,7,2023-04-20
WENDY'S,Bronx,American,A,12,2024-12-27
WENDYS,Bronx,Hamburgers,A,12,2026-08-24
WESTCHESTER LATIN RESTAURANT,Bronx,Latin American,A,12,2026-05-07
WHITE CASTLE,Bronx,Hamburgers,A,10,2025-04-07
WHITE CASTLE,Bronx,Hamburgers,A,13,2023-09-28
WHITE CASTLE,Bronx,Hamburgers,A,11,2024-04-19
WHITE CASTLE,Bronx,Hamburgers,A,10,2025-03-04
WHITE CASTLE,Bronx,Hamburgers,A,13,2024-10-23
WHITE CASTLE,Bronx,Hamburgers,A,5,2023-09-22
WHITE CASTLE,Bronx,Hamburgers,B,18,2026-04-27
WILLIAMSBRIDGE COFFEE,Bronx,Coffee/Tea,B,20,2023-11-06
WING LING,Bronx,Chinese,A,12,2024-09-20
WING STOP,Bronx,American,A,13,2026-05-12
WINGSTOP,Bronx,Chicken,A,13,2026-09-08
WINGSTOP,Bronx,Chicken,A,8,2025-05-01
WINGSTOP,Bronx,Chicken,B,18,2024-04-10
WINGSTOP,Bronx,Chicken,B,23,2025-01-06
WINGSTOP,Bronx,Chicken,C,31,2023-05-04
WOK WOK RESTAURANT,Bronx,Chinese,B,17,2024-08-20
WOK WOK RESTAURANT,Bronx,Chinese,B,23,2023-03-23
WUARACHE RESTAURANT,Bronx,Mexican,A,11,2023-11-27
WingStop,Bronx,Chicken,B,27,2024-04-18
XIME RESTAURANT,Bronx,Mexican,B,24,2024-11-12
XIME RESTAURANT,Bronx,Mexican,C,37,2026-04-23
XIN HI CHINESE BUFFETT,Bronx,Chinese,B,27,2025-08-25
XIN HI CHINESE BUFFETT,Bronx,Chinese,B,17,2024-08-15
XIN RONG,Bronx,Chinese,A,13,2023-12-07
XIN RONG,Bronx,Chinese,C,38,2025-02-07
XIN XING RESTAURANT,Bronx,Chinese,B,20,2024-05-07
XIN XING RESTAURANT,Bronx,Chinese,B,20,2025-09-17
XING HUI LINDA KITCHEN,Bronx,Chinese,B,20,2024-03-07
XING LONG CHINESE RESTAURANT,Bronx,Chinese,A,12,2025-06-03
XING WANG NO.1,Bronx,Chinese,A,12,2024-05-06
XING WANG NO.1,Bronx,Chinese,A,12,2026-07-09
XOKOTL,Bronx,Mexican,B,24,2023-01-09
XOKOTL,Bronx,Mexican,C,33,2025-05-02
XOKOTL,Bronx,Mexican,C,30,2024-11-15
Xolo Mexican Grill,Bronx,Mexican,A,11,2025-03-06
Xolo Mexican Grill,Bronx,Mexican,B,19,2026-06-22
YANG'S GOOD TASTE,Bronx,Chinese,B,24,2023-08-28
YANKEES CLUBHOUSE KITCHEN,Bronx,American,A,0,2024-09-27
YOLY RESTAURANT,Bronx,Spanish,A,11,2025-05-05
YUMMI BAKERY,Bronx,Bakery Products/Desserts,A,13,2025-04-30
YUMMI BAKERY,Bronx,Bakery Products/Desserts,A,13,2023-02-22
YUMMI BAKERY,Bronx,Bakery Products/Desserts,C,46,2024-08-30
ZAITOON KITCHEN,Bronx,Afghan,A,12,2026-04-26
ZENY'S PIZZA,Bronx,Pizza,A,12,2024-06-24
ZHONG ZHONG NOODLES,Bronx,Asian/Asian Fusion,C,39,2024-11-20
#1 GARDEN CHINESE RESTAURANT,Brooklyn,Chinese,A,13,2024-07-02
$1.50  UTICA HOT PIZZA,Brooklyn,Pizza,B,17,2025-04-21
$1.50  UTICA HOT PIZZA,Brooklyn,Pizza,C,58,2023-11-16
$1.50 HOT PIZZA,Brooklyn,Pizza,B,16,2025-09-10
100% MR. LIN,Brooklyn,Chinese,A,7,2025-08-13
101 WILSON BAR,Brooklyn,American,A,7,2026-03-28
101 WILSON BAR,Brooklyn,American,C,29,2023-10-06
101 WILSON BAR,Brooklyn,American,C,48,2025-10-25
104-01 FOSTER AVENUE COFFEE SHOP(UPS),Brooklyn,Coffee/Tea,A,0,2022-09-08
12 CHAIRS CAFE,Brooklyn,Middle Eastern,B,21,2025-01-03
16 HANDLES,Brooklyn,"Juice, Smoothies, Fruit Salads",C,32,2025-09-30
168 GOODY KITCHEN,Brooklyn,Chinese,A,11,2023-10-19
18 BAKERY,Brooklyn,Bakery Products/Desserts,B,24,2025-10-16
19.EI / MD FRIED CHICKEN / COTTI COFFEE EXPRESS,Brooklyn,Asian/Asian Fusion,A,9,2025-07-18
1982 COFFEE ROASTERS,Brooklyn,Coffee/Tea,B,25,2025-08-08
1982 COFFEE ROASTERS,Brooklyn,Coffee/Tea,C,31,2023-11-13
2 MIRO SUSHI,Brooklyn,Japanese,A,12,2025-06-23
234 CHINA CITY,Brooklyn,Chinese,A,12,2025-11-20
3 IN 1 KITCHEN,Brooklyn,American,C,28,2022-12-01
3 TIMES,Brooklyn,Chinese,C,44,2025-04-09
333 LOUNGE,Brooklyn,Caribbean,C,39,2024-02-16
357 HONG KONG CAFE,Brooklyn,Chinese,A,12,2023-12-28
36 LUNAR KITCHEN,Brooklyn,Asian/Asian Fusion,A,13,2025-01-21
375 CHICKEN,Brooklyn,Chicken,B,27,2023-10-05
375 CHICKEN,Brooklyn,Chicken,C,37,2025-10-16
3rd & 7,Brooklyn,American,B,27,2023-04-03
401 LUCKY STAR RESTAURANT,Brooklyn,Chinese,A,13,2025-01-21
401 LUCKY STAR RESTAURANT,Brooklyn,Chinese,B,25,2024-05-06
5 STAR VILLAGE CAFE,Brooklyn,Russian,A,0,2025-07-02
5 STAR VILLAGE CAFE,Brooklyn,Russian,B,26,2024-01-30
55 THOMAS CAFE,Brooklyn,American,A,13,2023-05-09
624 KAM HAI CHINESE FOOD,Brooklyn,Chinese,A,12,2024-05-16
624 KAM HAI CHINESE FOOD,Brooklyn,Chinese,A,13,2022-11-15
750 MYRTLE DINER,Brooklyn,Japanese,C,42,2024-05-07
786 CROWN CHICKEN & PIZZA,Brooklyn,Chicken,C,41,2023-09-26
787 COFFEE,Brooklyn,Coffee/Tea,A,7,2025-10-24
787 COFFEE,Brooklyn,Coffee/Tea,C,48,2025-01-30
7TH STREET BURGER,Brooklyn,Hamburgers,A,12,2026-04-15
8 BIT BITES,Brooklyn,American,A,12,2026-04-17
8-BIT BITES,Brooklyn,American,A,12,2023-08-10
8-BIT BITES,Brooklyn,American,A,13,2024-05-15
8-BIT BITES,Brooklyn,American,C,37,2025-08-21
95 SOUTH,Brooklyn,American,A,2,2022-04-14
98K HAMBURGER,Brooklyn,Chicken,A,11,2025-04-28
98K HAMBURGER,Brooklyn,Chicken,A,13,2024-08-20
99 CENT PIZZA,Brooklyn,Pizza,B,26,2026-07-16
99 CENT SUPREME PIZZA,Brooklyn,Pizza,C,0,2023-09-21
99 CENTS SUPREME PIZZA,Brooklyn,Pizza,B,26,2025-03-19
A & A BAKE AND DOUBLE SHOP,Brooklyn,Caribbean,B,21,2025-06-27
A BAR,Brooklyn,Coffee/Tea,C,44,2024-08-30
A SHEN ZHOU,Brooklyn,Chinese,B,22,2024-09-26
A&R HOT BAGELS,Brooklyn,Bagels/Pretzels,A,4,2024-06-07
A+ CRAB,Brooklyn,Seafood,A,5,2026-05-21
A-POU'S TASTE,Brooklyn,Asian/Asian Fusion,C,38,2026-01-12
A-POU'S TASTE,Brooklyn,Asian/Asian Fusion,C,28,2025-01-15
A-POU'S TASTE,Brooklyn,Asian/Asian Fusion,C,40,2025-08-06
A-UN,Brooklyn,Japanese,A,13,2026-04-22
A-UN,Brooklyn,Japanese,B,16,2023-05-19
ABBY'S COFFEE SHOP,Brooklyn,American,A,7,2025-09-05
ABE SUSHI,Brooklyn,Japanese,A,5,2026-07-28
ABE SUSHI,Brooklyn,Japanese,B,23,2025-03-11
ABOUT COFFEE,Brooklyn,Coffee/Tea,A,10,2023-06-13
ABOUT COFFEE,Brooklyn,Coffee/Tea,B,25,2024-09-11
AC BENTO,Brooklyn,Asian/Asian Fusion,B,22,2025-09-10
ACE'S PIZZA,Brooklyn,Pizza,B,15,2024-05-07
ACRE,Brooklyn,Japanese,A,7,2026-07-17
ADOBO MEXICAN GRILL,Brooklyn,Mexican,A,13,2025-12-03
AFRICAN PRIDE RESTAURANT,Brooklyn,African,C,37,2026-04-14
AGAVE DELI GROCERY,Brooklyn,Mexican,A,9,2026-02-17
AHMANI'S JUS JUICE & HEALTH KITCHEN,Brooklyn,"Juice, Smoothies, Fruit Salads",A,7,2026-08-20
AJ DELI & CAFE,Brooklyn,Mexican,A,9,2026-08-18
AJ PIZZERIA,Brooklyn,Pizza,C,34,2024-04-15
AKARU SUSHI,Brooklyn,Japanese,C,54,2025-02-19
AKSARAY TURKISH CAFE AND RESTAURANT,Brooklyn,Turkish,A,12,2026-06-15
AL AQSA BAKERY & RESTAURANT,Brooklyn,Middle Eastern,B,21,2024-03-11
AL AQSA BAKERY & RESTAURANT,Brooklyn,Middle Eastern,C,34,2025-12-01
AL BAIT BAITAK,Brooklyn,Egyptian,C,36,2022-09-19
AL BAIT BAITAK,Brooklyn,Egyptian,C,65,2024-12-23
AL DI LA TRATTORIA,Brooklyn,Italian,A,9,2024-06-20
AL HORNO LEAN MEXICAN KITCHEN,Brooklyn,Mexican,C,34,2023-03-22
AL SHAM RESTAURANT,Brooklyn,Middle Eastern,A,12,2024-10-02
ALAMO DRAFTHOUSE CINEMA,Brooklyn,American,A,13,2026-09-10
ALAMO DRAFTHOUSE CINEMA,Brooklyn,American,A,13,2025-01-21
ALAMO DRAFTHOUSE CINEMA,Brooklyn,American,B,20,2023-10-06
ALASKA KING CRAB,Brooklyn,Seafood,A,12,2023-09-21
ALASKA KING CRAB,Brooklyn,Seafood,A,12,2025-07-17
ALEGRITO ESPRESSO BAR,Brooklyn,Coffee/Tea,A,11,2024-07-12
ALEX LUNCHEONETTE,Brooklyn,Latin American,A,12,2025-06-27
ALI ROTI,Brooklyn,Caribbean,B,26,2024-08-12
ALI'S ROTI SHOP,Brooklyn,Caribbean,B,17,2025-01-07
ALI'S ROTI SHOP,Brooklyn,Caribbean,C,3,2024-08-26
ALIBI CLUB,Brooklyn,American,B,22,2026-07-18
ALIOTTA BAKE SHOP,Brooklyn,Bakery Products/Desserts,C,39,2024-05-23
ALLIGATOR LOUNGE,Brooklyn,Pizza,A,13,2026-04-15
ALMAR,Brooklyn,American,B,27,2024-10-29
ALMONDINE BAKERY,Brooklyn,Bakery Products/Desserts,A,12,2023-04-27
ALNOOR HALAL DELI,Brooklyn,Middle Eastern,A,12,2025-09-24
ALNOOR HALAL DELI,Brooklyn,Middle Eastern,A,12,2023-02-01
ALPINE CINEMAS,Brooklyn,American,A,12,2023-06-13
ALTAR,Brooklyn,Tapas,A,10,2024-09-14
ALYTORI,Brooklyn,Chicken,A,12,2025-11-18
AMANO BROOKLYN,Brooklyn,Coffee/Tea,A,10,2025-01-16
AMAR BARI,Brooklyn,Bangladeshi,C,55,2025-08-27
AMASTERDAM BURGER,Brooklyn,Jewish/Kosher,B,26,2023-09-19
AMERICAN CHEEZ,Brooklyn,American,A,4,2025-11-15
AMERICAN COFFEE SHOP,Brooklyn,Latin American,C,42,2026-06-24
AMERICAN WINGS AND PIZZA,Brooklyn,American,A,13,2024-08-08
AMERICAN WINGS AND PIZZA,Brooklyn,American,B,21,2026-06-18
ANAIS,Brooklyn,American,B,15,2023-11-24
ANARKALI,Brooklyn,Indian,A,11,2025-10-14
ANDALUCIA BAR & LOUNGE,Brooklyn,Italian,A,12,2026-07-10
ANDY'S CAFE,Brooklyn,American,A,10,2026-06-11
ANGELA'S BAKERY,Brooklyn,Bakery Products/Desserts,A,12,2026-08-05
ANGELES BAKERY,Brooklyn,Bakery Products/Desserts,B,27,2026-03-18
ANGELES BAKERY,Brooklyn,Bakery Products/Desserts,B,19,2024-10-15
ANGELICA PIZZERIA,Brooklyn,Pizza,A,12,2024-06-13
ANGELOS PIZZERIA,Brooklyn,Pizza,B,18,2025-10-14
ANITA'S LUNCHEONETTE,Brooklyn,Mexican,C,44,2024-08-22
ANNA'S CAFE,Brooklyn,American,A,4,2025-05-21
ANTI CO. CAFE,Brooklyn,American,A,5,2025-05-27
ANTOJITOS ACATLAN,Brooklyn,Mexican,B,27,2025-08-04
ANTOJITOS DELI FOOD,Brooklyn,Latin American,B,23,2025-01-06
ANTOJITOS ECUATORIANOS,Brooklyn,Latin American,A,13,2026-08-07
ANTOJITOS ECUATORIANOS,Brooklyn,Latin American,C,30,2024-08-19
ANTOJITOS MEXICANOS,Brooklyn,Mexican,B,26,2023-05-10
ANTOJITOS MEXICANOS,Brooklyn,Mexican,C,68,2025-10-15
ANTOJITOS MEXICANOS DELI,Brooklyn,Mexican,B,19,2024-09-04
ANTOJITOS MEXICANOS DELI,Brooklyn,Mexican,C,36,2026-04-23
APANI,Brooklyn,Eastern European,B,23,2025-04-23
APANI,Brooklyn,Eastern European,B,23,2022-12-14
APERION PRODUCTION,Brooklyn,Jewish/Kosher,B,23,2023-01-17
APPLE TREE GOURMET,Brooklyn,American,B,27,2023-10-04
ARABICA COFFEE,Brooklyn,Coffee/Tea,A,10,2025-08-28
ARBERIA GRILL AND CAFE,Brooklyn,Mediterranean,A,11,2023-03-08
ARBERIA GRILL AND CAFE,Brooklyn,Mediterranean,A,12,2024-06-24
ARBUZ CAFE,Brooklyn,"Juice, Smoothies, Fruit Salads",A,2,2024-09-18
ARCOS DE PUEBLA,Brooklyn,Mexican,A,8,2023-12-20
ARCOS DE PUEBLA,Brooklyn,Mexican,A,2,2025-09-23
ARIS POLLOS A LA BRASA,Brooklyn,Latin American,B,27,2025-01-17
ARIS POLLOS A LA BRASA,Brooklyn,Latin American,C,44,2026-06-10
ARMANDO'S PIZZA,Brooklyn,Pizza,B,20,2023-12-11
ARMANDO'S PIZZA,Brooklyn,Pizza,B,20,2025-04-15
ART COLLECTIVE CAFE,Brooklyn,Coffee/Tea,B,21,2025-02-07
ARTICHOKE BASILLE'S PIZZA,Brooklyn,Pizza,A,12,2024-02-05
ARTICHOKE BASILLE'S PIZZA,Brooklyn,Italian,A,7,2025-09-08
AS YOU LIKE,Brooklyn,Coffee/Tea,A,13,2025-07-10
ASHOKA GRILL,Brooklyn,Indian,B,22,2025-11-12
ASIA HARBOR,Brooklyn,Other,A,13,2023-12-04
ASIA PALACE,Brooklyn,Jewish/Kosher,A,4,2025-01-09
ASIAN KABAB & CURRY,Brooklyn,Indian,B,17,2025-09-26
ASIAN KABAB & CURRY,Brooklyn,Indian,C,32,2024-04-08
ASIAN KABAB & CURRY,Brooklyn,Indian,C,66,2024-12-24
ASIAN KING NEW WIN WAY CHINESE RESTAURANT,Brooklyn,Asian/Asian Fusion,B,26,2025-02-05
ATHENA,Brooklyn,Greek,A,11,2022-09-06
ATITHI INDIAN CUISINE,Brooklyn,Indian,A,12,2024-01-09
ATOMIC WINGS,Brooklyn,Chicken,B,26,2025-02-14
ATOMIC WINGS,Brooklyn,Chicken,C,31,2026-06-25
ATTI,Brooklyn,Korean,A,12,2023-07-20
ATTI,Brooklyn,Korean,A,12,2025-10-22
AUNTIE ANNE'S PRETZELS,Brooklyn,Bagels/Pretzels,C,39,2022-12-01
AUNTIE ANNE'S/CINNABON,Brooklyn,Donuts,A,13,2026-05-05
AUNTIE ANNE'S/CINNABON,Brooklyn,Donuts,A,13,2026-08-24
AUNTS ET UNCLES,Brooklyn,Vegan,B,24,2024-04-22
AURA COCINA,Brooklyn,Fusion,A,12,2023-01-18
AUTHENTIC SZECHUAN,Brooklyn,Chinese,B,23,2024-03-04
AUTHENTIC SZECHUAN,Brooklyn,Chinese,C,0,2025-06-09
AVAS'S LIFELINE,Brooklyn,Vegan,A,9,2024-05-17
AVE J PIZZA,Brooklyn,Jewish/Kosher,A,11,2026-05-05
AVE P COFFEE SHOP,Brooklyn,American,A,13,2025-12-12
AVENUE P APPETIZER,Brooklyn,Jewish/Kosher,B,27,2024-02-22
AVENUE PIZZA,Brooklyn,Pizza,C,37,2024-08-29
AVENUE S CAFE,Brooklyn,Coffee/Tea,A,11,2025-03-24
AVLEE GREEK KITCHEN,Brooklyn,Greek,B,24,2025-02-13
AVOCADOS MEXICAN GRILL,Brooklyn,Mexican,A,11,2026-04-21
AWASH ETHIOPIAN RESTAURANT,Brooklyn,Ethiopian,A,11,2025-02-12
AYAT,Brooklyn,Middle Eastern,C,31,2025-07-21
AZTEC SOUL,Brooklyn,Mexican,A,9,2026-06-23
BAADSHAH RESTAURANT & SWEETS,Brooklyn,Pakistani,C,45,2024-09-06
BABA COOL,Brooklyn,American,B,23,2025-05-07
BABA COOL,Brooklyn,American,B,17,2024-05-29
BABA ON WITHERS,Brooklyn,New American,A,12,2026-06-27
BABA ON WITHERS,Brooklyn,New American,B,27,2024-12-18
BABY BLUES,Brooklyn,American,A,10,2025-05-02
BACK HOME BAKERY,Brooklyn,Bakery Products/Desserts,B,22,2025-07-15
BAGEL NEST,Brooklyn,American,B,19,2024-08-12
BAGEL PUB,Brooklyn,American,B,18,2024-06-14
BAGEL PUB 7TH AVE,Brooklyn,Bagels/Pretzels,A,8,2024-12-16
BAGEL PUB 7TH AVE,Brooklyn,Bagels/Pretzels,A,11,2023-10-31
BAGEL ROAD,Brooklyn,Bagels/Pretzels,A,12,2024-09-11
BAGEL SUPREME,Brooklyn,Sandwiches,A,12,2024-11-12
BAGELSMITH,Brooklyn,Bagels/Pretzels,A,12,2025-08-15
BAGELSMITH,Brooklyn,Bagels/Pretzels,A,12,2023-08-21
BAHIA RESTAURANT & CAFE,Brooklyn,Latin American,B,22,2023-10-24
BAHIA RESTAURANT & CAFE,Brooklyn,Latin American,B,27,2025-01-21
BAI LI CHINESE RESTAURANT,Brooklyn,Chinese,B,25,2024-08-29
BAKE & SCOOP,Brooklyn,Bakery Products/Desserts,A,5,2026-05-14
BAKE & THINGS RESTAURANT,Brooklyn,Caribbean,A,12,2023-12-04
BAKE AND THINGS RESTAURANT,Brooklyn,Caribbean,B,26,2023-11-08
BAKE AND THINGS RESTAURANT,Brooklyn,Caribbean,B,26,2025-04-21
BAKE SHOP,Brooklyn,American,C,40,2025-07-16
BAKER WAH,Brooklyn,Bakery Products/Desserts,A,13,2026-07-22
BAKER'S DOZEN,Brooklyn,Bagels/Pretzels,A,9,2025-04-10
BAKER'S DOZEN,Brooklyn,Bagels/Pretzels,A,13,2024-05-08
BAKERI,Brooklyn,Bakery Products/Desserts,A,11,2024-04-15
BAKERI,Brooklyn,Bakery Products/Desserts,A,8,2024-05-01
BAKU NIGHTS,Brooklyn,Mediterranean,A,9,2025-11-01
BAKU NIGHTS,Brooklyn,Mediterranean,A,13,2024-01-11
BALERA,Brooklyn,Pizza,A,13,2026-05-01
BAMBOO GARDEN RESTAURANT,Brooklyn,Fusion,A,13,2023-04-10
BAMBOO GARDEN RESTAURANT,Brooklyn,Fusion,A,11,2025-01-16
BAMONTE'S,Brooklyn,Italian,A,12,2023-12-06
BANGKOK BAR,Brooklyn,Thai,B,24,2025-06-05
BANGKOK DEGREE,Brooklyn,Thai,B,24,2024-08-14
BANHMI-PRO,Brooklyn,Asian/Asian Fusion,C,38,2025-04-10
BANHMIGOS,Brooklyn,Southeast Asian,A,7,2024-10-29
BANHMIGOS,Brooklyn,Sandwiches,C,40,2024-08-28
BANTER,Brooklyn,American,A,13,2024-12-08
BAO HOUSE,Brooklyn,Chinese,B,19,2024-08-23
BAO HOUSE,Brooklyn,Chinese,B,16,2026-01-14
BAOZI,Brooklyn,Chinese,C,43,2025-09-03
BAR AMERICANO,Brooklyn,Spanish,A,10,2024-06-26
BAR BASERRI,Brooklyn,Spanish,B,19,2026-01-23
BAR BAYEUX,Brooklyn,American,A,5,2023-03-16
BAR BAYEUX,Brooklyn,American,A,8,2024-03-21
BAR BIRBA,Brooklyn,Italian,A,10,2024-10-11
BAR CAMILLO,Brooklyn,Italian,A,10,2024-06-05
BAR GREAT HARRY,Brooklyn,American,A,12,2024-10-15
BAR MADONNA,Brooklyn,Italian,A,9,2024-08-09
BAR MARIO,Brooklyn,Italian,A,10,2023-07-28
BARANO,Brooklyn,Italian,A,9,2026-02-28
BARANO,Brooklyn,Italian,A,9,2023-03-22
BARBES,Brooklyn,American,A,10,2026-03-04
"BARCLAYS 40, 40 CLUB BAR",Brooklyn,American,A,13,2023-12-02
BARLEY TIME,Brooklyn,Bakery Products/Desserts,A,13,2024-06-07
BARLEY TIME,Brooklyn,Bakery Products/Desserts,B,18,2025-07-17
BASS & BOURBON,Brooklyn,Jewish/Kosher,A,11,2024-03-18
BASS & BOURBON,Brooklyn,Jewish/Kosher,B,15,2023-04-04
BASSETT CATERERS,Brooklyn,American,A,13,2023-04-03
BASSOUL'S GOURMET KITCHEN,Brooklyn,Jewish/Kosher,B,20,2025-08-15
BATATA,Brooklyn,Mediterranean,A,7,2026-03-31
BAY RIDGE HOUSE OF WINGS,Brooklyn,Chicken,B,17,2024-12-23
BAYA BAR,Brooklyn,"Juice, Smoothies, Fruit Salads",A,0,2024-10-18
BAYA BAR,Brooklyn,"Juice, Smoothies, Fruit Salads",A,9,2025-12-10
BAYA BAR,Brooklyn,"Juice, Smoothies, Fruit Salads",A,8,2026-03-23
BAYA BAR,Brooklyn,"Juice, Smoothies, Fruit Salads",A,10,2023-07-03
BAYA BAR,Brooklyn,"Juice, Smoothies, Fruit Salads",B,16,2025-11-14
BAYRIDGE SUSHI,Brooklyn,Japanese,B,16,2025-05-29
BB'S BURGER FACTORY,Brooklyn,Caribbean,A,6,2026-03-25
BCAKENY,Brooklyn,Bakery Products/Desserts,A,11,2023-10-13
BEAN POST PUB,Brooklyn,American,B,16,2025-11-08
BEAN POST PUB,Brooklyn,American,C,45,2024-12-11
BEBE FRITAY,Brooklyn,Creole,B,27,2023-10-18
BEBE FRITAY,Brooklyn,Creole,C,43,2025-10-15
BEBE FRITAY,Brooklyn,Creole,C,48,2024-08-19
BEBE FRITAY,Brooklyn,Creole,C,2,2022-11-18
BEBE FRITAY RESTAURANT,Brooklyn,Creole,B,19,2023-11-14
BEBE FRITAY RESTAURANT,Brooklyn,Creole,C,29,2025-07-30
BED STUY FISH FRY,Brooklyn,Soul Food,A,13,2025-01-28
BED STUY FISH FRY,Brooklyn,Soul Food,A,2,2026-08-06
BED STUY FISH FRY,Brooklyn,Soul Food,C,36,2024-08-19
BEDAWI CAFE,Brooklyn,Mediterranean,A,10,2023-04-12
BEDS THAI,Brooklyn,Thai,B,25,2025-07-25
BEEF BERGUR,Brooklyn,Bakery Products/Desserts,B,19,2025-05-05
BEEF BERGUR,Brooklyn,Bakery Products/Desserts,B,27,2024-06-25
BEERLAND,Brooklyn,Bottled Beverages,A,10,2025-02-18
BEETS AND CARROTS,Brooklyn,American,A,5,2024-05-20
BEL NEGES,Brooklyn,Creole,B,26,2024-04-11
BELLA ROMA PIZZA,Brooklyn,Pizza,A,11,2025-09-26
BELLA VITA NUTRITION,Brooklyn,"Juice, Smoothies, Fruit Salads",A,9,2024-07-12
BELLYFUL RESTAURANT AND BAR,Brooklyn,Caribbean,A,12,2023-10-18
BENNY'S BRICK OVEN,Brooklyn,Jewish/Kosher,A,11,2024-11-20
BENNY'S FAMOUS PIZZA,Brooklyn,Pizza,A,8,2026-02-04
BENSION KOHEN,Brooklyn,Jewish/Kosher,B,27,2022-11-16
BERGEN BAGELS,Brooklyn,Bagels/Pretzels,A,12,2025-11-24
BERGEN BAGELS,Brooklyn,Bagels/Pretzels,B,18,2025-08-27
BERIKONI / GH RESTAURANT & BAR,Brooklyn,Middle Eastern,B,21,2024-04-16
BERNIE'S,Brooklyn,American,A,9,2025-03-13
BERRY PARK,Brooklyn,German,A,9,2025-01-15
BESITO,Brooklyn,Mexican,A,9,2023-11-13
BESO RESTAURANT AND BAR,Brooklyn,Caribbean,C,33,2025-02-10
BEST BAKERY 828,Brooklyn,Bakery Products/Desserts,A,13,2024-07-08
BEST DOUBLE DRAGON RESTAURANT,Brooklyn,Chinese,B,20,2023-10-10
BEST PIZZA,Brooklyn,Pizza,A,13,2024-07-22
BEST PIZZA,Brooklyn,Pizza,C,7,2024-03-26
BEST WINGS & PIZZA,Brooklyn,Chicken,B,16,2024-01-18
BEST WOK,Brooklyn,Chinese,B,20,2024-12-09
BEST WOK NO1,Brooklyn,Chinese,A,12,2024-02-29
BEST WOK NO1,Brooklyn,Chinese,A,13,2025-06-09
BIERWAX,Brooklyn,American,B,19,2023-09-22
BIG JOHN'S COFFEE SHOP & GRILL,Brooklyn,American,A,10,2024-04-05
BIG JOHN'S COFFEE SHOP & GRILL,Brooklyn,American,A,10,2026-05-27
BILL'S BAR,Brooklyn,American,A,12,2023-03-29
BIONIC BAGELS,Brooklyn,Bagels/Pretzels,B,27,2025-08-20
BIONIC BAGELS,Brooklyn,Bagels/Pretzels,B,27,2026-06-24
BIONIC BAGELS,Brooklyn,Bagels/Pretzels,C,39,2024-07-25
BIONIC BAGELS,Brooklyn,Bagels/Pretzels,C,32,2025-04-21
BIRDS OF A FEATHER,Brooklyn,Chinese,A,9,2024-07-19
BIRDS OF A FEATHER,Brooklyn,Chinese,A,13,2026-06-09
BIRDY'S,Brooklyn,American,A,5,2024-06-18
BISCOTTI,Brooklyn,Jewish/Kosher,C,45,2024-03-28
BISON & BOURBON,Brooklyn,Jewish/Kosher,B,23,2026-04-29
BITTER MONK,Brooklyn,New American,A,10,2026-06-04
BK BAGELS,Brooklyn,Coffee/Tea,B,20,2024-02-09
BK HALAL GRILL,Brooklyn,Chicken,A,12,2024-10-09
BK JANI,Brooklyn,Pakistani,B,22,2023-07-06
BK JANI,Brooklyn,Pakistani,B,18,2024-04-24
BK PIZZA,Brooklyn,Pizza,A,13,2024-10-01
BK TOP-NOTCH RESTAURANT,Brooklyn,Chinese,C,36,2024-03-19
BK9,Brooklyn,Caribbean,C,47,2022-11-17
BK9,Brooklyn,Caribbean,C,35,2025-02-07
BKLYN CREPE,Brooklyn,"Juice, Smoothies, Fruit Salads",B,16,2026-02-14
BKLYN CREPE,Brooklyn,"Juice, Smoothies, Fruit Salads",B,34,2025-08-11
BKLYN PIZZA,Brooklyn,Pizza,C,47,2025-09-26
BKLYN'S PIZZA,Brooklyn,Pizza,B,27,2023-02-27
BLACK BRICK,Brooklyn,Coffee/Tea,B,16,2024-02-14
BLACK FLAMINGO,Brooklyn,Mexican,A,2,2024-10-20
BLACK HORSES TAVERN,Brooklyn,American,B,22,2024-12-17
BLACK MOUNTAIN,Brooklyn,American,A,10,2024-12-27
BLACK RABBIT,Brooklyn,American,A,12,2025-09-03
BLACK SEED BAGELS,Brooklyn,Bagels/Pretzels,A,12,2024-11-04
BLACK SEED BAGELS,Brooklyn,American,A,9,2023-11-06
BLACK STAR BAKERY & CAFE,Brooklyn,Coffee/Tea,A,2,2023-03-10
BLANK STREET,Brooklyn,Coffee/Tea,A,12,2023-07-18
BLANK STREET,Brooklyn,Coffee/Tea,A,9,2023-08-29
BLANK STREET COFFEE,Brooklyn,Coffee/Tea,A,9,2026-04-29
BLEND WILLIAMSBURG,Brooklyn,Latin American,A,13,2025-02-13
BLEND WILLIAMSBURG,Brooklyn,Latin American,B,24,2023-07-20
BLEUNUK,Brooklyn,Caribbean,A,10,2026-05-22
BLOSSOM CARIBBEAN RESTURANT,Brooklyn,Caribbean,B,27,2025-04-16
BLOSSOM’S SOUL FOOD FUSION,Brooklyn,Soul Food,C,33,2025-12-31
BLUE AGAVE,Brooklyn,Mexican,A,12,2022-03-03
BLUE BOTTLE COFFEE,Brooklyn,Coffee/Tea,A,13,2026-06-29
BLUE BOTTLE COFFEE,Brooklyn,Coffee/Tea,B,27,2025-11-05
BLUE DOOR SOUVLAKIA,Brooklyn,Greek,A,12,2022-05-18
BLUE MOUNTAIN REST & BAKERY,Brooklyn,Caribbean,A,9,2025-08-29
BO BO KITCHEN CHINESE RESTAURANT,Brooklyn,Chinese,C,36,2023-10-25
BOBO'S SMOOTHIES,Brooklyn,"Juice, Smoothies, Fruit Salads",A,13,2026-08-27
BODY BY BROOKLYN,Brooklyn,Thai,A,11,2022-09-02
BOEUF & BUN,Brooklyn,Jewish/Kosher,A,12,2025-03-11
BOEUF & BUN,Brooklyn,Jewish/Kosher,A,11,2022-04-12
BOEUF & BUN,Brooklyn,Jewish/Kosher,C,9,2024-02-23
BOGOTA LATIN BISTRO,Brooklyn,Latin American,B,17,2023-09-06
BOHEMIEN,Brooklyn,New American,B,23,2023-02-03
BOITHAK KHANA KITCHEN & SWEETS,Brooklyn,Bangladeshi,A,13,2023-09-11
BOITHAK KHANA KITCHEN & SWEETS,Brooklyn,Bangladeshi,C,57,2025-01-21
BOITHAK KHANA KITCHEN & SWEETS,Brooklyn,Bangladeshi,C,40,2025-08-29
BOITHAK KHANA KITCHEN & SWEETS,Brooklyn,Bangladeshi,C,39,2026-03-23
BOJANGLES,Brooklyn,American,A,9,2026-05-14
BOMBAY GRILL,Brooklyn,Indian,A,7,2025-07-15
BOMBAY GRILL HOUSE,Brooklyn,Indian,B,22,2025-01-09
BOMBAY KABAB,Brooklyn,Indian,C,35,2025-01-21
BOMBAY KITCHEN,Brooklyn,Indian,B,18,2023-03-01
BOMBERINO,Brooklyn,Coffee/Tea,A,10,2024-09-05
BOMBERINO,Brooklyn,Coffee/Tea,C,32,2026-01-16
BON SOIR CATERERS,Brooklyn,American,A,4,2024-06-26
BONAFIDE CAFE & DELI,Brooklyn,Sandwiches,A,13,2024-02-16
BONCHON,Brooklyn,Korean,A,13,2025-05-01
BOND ST COFFEE & GOODS,Brooklyn,Coffee/Tea,A,11,2024-11-06
BONDI SUSHI,Brooklyn,Japanese,B,14,2024-07-17
BONNIE'S GRILL,Brooklyn,American,B,26,2026-05-14
BOOBIE TRAP,Brooklyn,American,A,12,2023-08-28
BOOTLEG BAR,Brooklyn,American,B,18,2026-06-17
BORA BORA SMOOTHIE CAFE / SHEEL & MASHI,Brooklyn,Middle Eastern,C,29,2026-01-30
BORN THAI,Brooklyn,Thai,A,12,2025-04-16
BORN THAI,Brooklyn,Thai,B,23,2024-11-23
BOSTON FOOD & GRILL,Brooklyn,Caribbean,C,2,2024-10-01
BOU'OTE,Brooklyn,Jewish/Kosher,C,40,2024-03-12
BOUQUET,Brooklyn,American,A,12,2026-02-06
BOUTROS,Brooklyn,American,A,9,2024-11-13
BOZU,Brooklyn,Japanese,A,11,2022-12-05
BRADO THIN CRUST PIZZA,Brooklyn,Pizza,A,2,2024-10-01
BRAIN FOOD THE SMART KITCHEN,Brooklyn,American,C,40,2022-11-29
BREAD & JOE,Brooklyn,Coffee/Tea,A,13,2023-05-11
BREADS BAKERY,Brooklyn,Coffee/Tea,A,11,2026-07-02
BREEZE CAFE,Brooklyn,Frozen Desserts,A,13,2024-05-23
BRENIZ RESTAURANT,Brooklyn,Tex-Mex,A,13,2025-11-13
BRENNAN & CARR,Brooklyn,American,A,12,2026-06-08
BREUKLYN TEQUILA,Brooklyn,Mexican,B,27,2023-01-04
BREW AND BITE,Brooklyn,Sandwiches/Salads/Mixed Buffet,A,11,2026-01-23
BREWER'S ROW,Brooklyn,American,A,10,2023-09-25
BRICKLYN PIZZA,Brooklyn,Pizza,A,12,2023-12-14
BROADWAY PIZZA,Brooklyn,Pizza,A,11,2024-07-02
BROADWAY PIZZA,Brooklyn,Pizza,A,7,2026-03-02
BROKEN LAND,Brooklyn,American,B,27,2024-03-07
BROOKLYN ARTISAN BAKEHOUSE,Brooklyn,Other,B,23,2026-02-19
BROOKLYN BALL FACTORY,Brooklyn,Japanese,A,10,2026-04-25
BROOKLYN BILLIARDS,Brooklyn,American,A,8,2023-04-20
BROOKLYN BREAD,Brooklyn,American,C,36,2026-02-20
BROOKLYN BREAD,Brooklyn,American,C,62,2025-08-07
BROOKLYN BRIDGE DINER,Brooklyn,American,B,22,2025-05-06
BROOKLYN BURGERS & BEER,Brooklyn,American,A,10,2025-10-11
BROOKLYN CAFE,Brooklyn,American,A,13,2024-03-22
BROOKLYN CHCKN 'N' LBSTR,Brooklyn,Soul Food,C,29,2026-04-11
BROOKLYN DOP,Brooklyn,Pizza,C,29,2025-01-07
BROOKLYN FARMACY & SODA FOUNTAIN,Brooklyn,Frozen Desserts,A,11,2024-10-09
BROOKLYN FRENCH BAKERS,Brooklyn,Bakery Products/Desserts,A,12,2025-05-20
BROOKLYN HALAL GRILL,Brooklyn,Middle Eastern,B,27,2024-04-19
BROOKLYN HERO SHOP,Brooklyn,Sandwiches/Salads/Mixed Buffet,B,16,2025-06-05
BROOKLYN HERO SHOP,Brooklyn,Sandwiches/Salads/Mixed Buffet,C,48,2024-07-08
BROOKLYN KURA,Brooklyn,Japanese,A,5,2026-07-31
BROOKLYN LIFESTYLE ATHLETIC CLUB,Brooklyn,American,A,13,2018-09-12
BROOKLYN MOON,Brooklyn,Caribbean,C,36,2024-02-22
BROOKLYN PARAMOUNT,Brooklyn,American,A,7,2024-09-30
BROOKLYN PERK,Brooklyn,Coffee/Tea,A,12,2024-05-10
BROOKLYN PERK COFFEE,Brooklyn,Coffee/Tea,A,13,2025-06-06
BROOKLYN PUBLIC HOUSE,Brooklyn,American,B,23,2026-04-15
BROOKLYN PUTNAM ARMORY,Brooklyn,American,A,12,2026-04-01
BROOKLYN PUTNAM ARMORY,Brooklyn,American,B,24,2024-09-25
BROOKLYN ROASTING COMPANY,Brooklyn,Coffee/Tea,C,30,2026-05-21
BROOKLYN ROASTNG COMPANY,Brooklyn,Coffee/Tea,A,13,2025-05-27
BROOKLYN ROOTS ITALIAN,Brooklyn,Italian,A,13,2023-06-15
BROOKLYN STANDARD,Brooklyn,Sandwiches,B,18,2025-09-02
BROOKLYN STANDARD,Brooklyn,Sandwiches,C,30,2024-08-27
BROOKLYN SUYA,Brooklyn,African,A,13,2024-10-06
BROOKLYN SUYA,Brooklyn,African,B,23,2023-04-05
BROOKLYN SWEET SPOT,Brooklyn,Bakery Products/Desserts,C,43,2014-10-30
BROOKLYN TEA,Brooklyn,Coffee/Tea,A,12,2023-11-02
BROOKLYN WAFFLE HOUSE,Brooklyn,Caribbean,B,16,2022-11-02
BROOKLYN WINE CELLAR,Brooklyn,American,A,0,2022-04-25
BROOKLYN WING HOUSE,Brooklyn,American,A,12,2026-05-12
BROOKVIN,Brooklyn,New American,A,12,2026-01-28
BROTHERS PIZZA,Brooklyn,Pizza,A,9,2025-09-25
BROWN BUTTER,Brooklyn,American,A,12,2025-09-09
BROWN BUTTER,Brooklyn,American,A,13,2024-05-29
BROWN BUTTER CREAMERY,Brooklyn,Frozen Desserts,A,9,2025-08-26
BROWNSVILLE NITA FISH AND FRY,Brooklyn,Caribbean,B,15,2022-11-03
BRUNO'S PIZZA,Brooklyn,Pizza,A,12,2026-05-26
BUCK-IT SPORTS BAR AND LATIN GRILL,Brooklyn,Latin American,C,46,2026-05-30
BUCKLEY'S BAR & RESTAURANT,Brooklyn,American,B,19,2024-08-30
BUFF PATTY RESTAURANT & BAKERY,Brooklyn,Caribbean,B,22,2025-08-22
BUFF PATTY RESTAURANT & BAKERY,Brooklyn,Caribbean,B,24,2026-06-30
BUFFALO BOSS,Brooklyn,Hotdogs,A,6,2025-01-25
BUFFALO WILD WINGS,Brooklyn,Chicken,A,8,2025-01-06
BUFFALO WILD WINGS GO,Brooklyn,Chicken,A,10,2026-04-27
BUFFALO WINGS,Brooklyn,Chicken,B,26,2025-10-27
BUNTON'S WORLD FAMOUS,Brooklyn,Bottled Beverages,A,13,2023-06-04
BUNTON'S WORLD FAMOUS,Brooklyn,Bottled Beverages,A,12,2024-06-29
BUONISSIMA PIZZERIA,Brooklyn,Pizza,A,6,2026-01-20
BURGER KING,Brooklyn,Hamburgers,A,7,2023-10-30
BURGER KING,Brooklyn,Hamburgers,A,5,2026-08-12
BURGER KING,Brooklyn,Hamburgers,A,9,2024-05-13
BURGER KING,Brooklyn,Hamburgers,A,13,2026-08-17
BURGER KING,Brooklyn,Hamburgers,A,11,2026-03-02
BURGER KING,Brooklyn,Hamburgers,A,10,2025-04-14
BURGER KING,Brooklyn,Hamburgers,A,7,2025-02-19
BURGER KING,Brooklyn,Hamburgers,A,7,2026-04-06
BURGER KING,Brooklyn,Hamburgers,A,3,2026-03-25
BURGER KING,Brooklyn,Hamburgers,A,12,2025-12-23
BURGER KING,Brooklyn,Hamburgers,A,13,2022-09-02
BURGER KING,Brooklyn,Hamburgers,A,12,2024-08-02
BURGER KING,Brooklyn,Hamburgers,A,10,2023-08-03
BURGER KING,Brooklyn,American,A,4,2024-10-11
BURGER KING,Brooklyn,Hamburgers,B,27,2026-08-03
"BURGER KING, POPEYES",Brooklyn,Hamburgers,A,12,2024-12-04
"BURGER KING, POPEYES",Brooklyn,Hamburgers,A,11,2024-03-26
"BURGER KING, POPEYES",Brooklyn,American,B,24,2024-05-10
BURGER URWAY,Brooklyn,Hamburgers,B,22,2019-05-02
BURGER VILLAGE,Brooklyn,Hamburgers,B,16,2026-07-15
BURMESE HARP,Brooklyn,Asian/Asian Fusion,A,12,2026-05-01
BURRITO LOCO DELI & GROCERY,Brooklyn,Mexican,A,12,2026-04-11
BUSHNIWA,Brooklyn,Japanese,B,25,2024-11-18
BUSHWICK BURGER CO.,Brooklyn,Hamburgers,B,20,2026-04-16
BUSHWICK BURGER CO.,Brooklyn,Hamburgers,C,77,2025-07-16
BUSHWICK ICE HOUSE,Brooklyn,American,A,2,2023-04-27
BUSHWICK TACO COMPANY,Brooklyn,Tex-Mex,A,13,2024-05-30
BUTLER,Brooklyn,American,C,52,2024-12-19
BUTTERMILK,Brooklyn,American,A,12,2024-06-01
Brooklyn Suya,Brooklyn,African,B,26,2026-01-20
C & L NEW YORK TRADING INC,Brooklyn,Chinese,A,13,2026-03-21
C & L NEW YORK TRADING INC,Brooklyn,Chinese,B,26,2024-09-23
C & T CUISINE,Brooklyn,Caribbean,C,40,2019-11-07
C.M. COFFEE SHOP,Brooklyn,American,A,12,2024-05-08
CACHAPA'S BROOKLYN,Brooklyn,Latin American,A,13,2022-06-08
CAFE 101,Brooklyn,Coffee/Tea,A,6,2025-08-27
CAFE 58 PIZZERIA & GRILL,Brooklyn,Pizza,B,27,2025-05-16
CAFE BAR J.F,Brooklyn,Latin American,A,6,2026-05-15
CAFE BOSSA,Brooklyn,Coffee/Tea,A,10,2025-08-12
CAFE BY THE GIRLS,Brooklyn,Latin American,A,13,2026-08-19
CAFE CALACA,Brooklyn,Coffee/Tea,B,23,2025-12-05
CAFE COLETTE,Brooklyn,American,A,7,2026-03-26
CAFE COLETTE,Brooklyn,American,A,10,2024-09-30
CAFE CON PAN BAKERY,Brooklyn,Bakery Products/Desserts,A,10,2025-10-16
CAFE D'AVIGNON,Brooklyn,Bakery Products/Desserts,A,7,2026-06-26
CAFE GRUMPY,Brooklyn,Coffee/Tea,A,9,2025-07-01
CAFE LA MORENA & DELI,Brooklyn,Latin American,C,42,2024-10-25
CAFE LILY,Brooklyn,Fusion,B,27,2024-11-21
CAFE LULUC,Brooklyn,American,A,13,2025-03-14
CAFE MADELINE,Brooklyn,Coffee/Tea,A,12,2023-04-07
CAFE MADELINE,Brooklyn,Coffee/Tea,A,13,2024-10-04
CAFE MADELINE,Brooklyn,Coffee/Tea,B,22,2026-03-20
CAFE MARTIN,Brooklyn,Coffee/Tea,A,13,2023-05-11
CAFE MARTIN,Brooklyn,Coffee/Tea,A,12,2025-12-11
CAFE MIA,Brooklyn,Coffee/Tea,C,41,2026-03-06
CAFE MIX,Brooklyn,Bottled Beverages,A,8,2023-04-25
CAFE ON 7TH,Brooklyn,American,C,33,2025-03-05
CAFE PARIS,Brooklyn,Jewish/Kosher,A,7,2025-07-17
CAFE POBEDA,Brooklyn,Eastern European,A,7,2024-01-31
CAFE PRI,Brooklyn,American,A,11,2025-11-21
CAFE RENDEZ VOUS,Brooklyn,American,C,31,2025-09-26
CAFE ROSE,Brooklyn,Jewish/Kosher,B,22,2025-10-21
CAFE ROSE,Brooklyn,Jewish/Kosher,C,33,2025-01-28
CAFE RUE DIX,Brooklyn,African,B,27,2024-01-02
CAFE RUE DIX,Brooklyn,African,C,41,2022-08-25
CAFE UZBEGIM,Brooklyn,Russian,A,2,2023-04-13
CAFE ZONA SUR,Brooklyn,Latin American,A,13,2024-10-06
CAFFE CAFE,Brooklyn,Coffee/Tea,A,7,2025-03-17
CAFFE CAFE,Brooklyn,Coffee/Tea,A,10,2026-08-21
CAFFE CAFE,Brooklyn,Coffee/Tea,C,32,2024-07-31
CAFFE CORRETTO,Brooklyn,Coffee/Tea,A,13,2026-04-20
CAFFE CORRETTO,Brooklyn,Coffee/Tea,A,12,2025-05-12
CAFFE VALENCIA,Brooklyn,Latin American,B,14,2025-04-25
CAFFE' ROMEO,Brooklyn,Coffee/Tea,A,4,2023-05-15
CALEXICO,Brooklyn,Mexican,B,17,2022-11-28
CALI TAJADAS BAKERY & RESTAURANT,Brooklyn,Latin American,A,12,2025-02-28
CALIBELLA BAKERY,Brooklyn,Latin American,B,22,2025-10-02
CALIBELLA BAKERY,Brooklyn,Latin American,C,48,2026-06-10
CAMILLO,Brooklyn,Italian,C,28,2022-11-09
CAMPANIA COAL FIRED PIZZA,Brooklyn,Italian,A,11,2024-09-17
CANAL BAR,Brooklyn,American,A,12,2023-05-30
CANCUN BAR & RESTAURANT MEXICAN GRILL,Brooklyn,Mexican,C,28,2023-02-22
CANTEEN,Brooklyn,American,A,9,2023-05-30
CANTINA 138,Brooklyn,Mexican,B,24,2026-04-10
CAOBA,Brooklyn,Latin American,A,5,2023-11-08
CAPY,Brooklyn,Frozen Desserts,A,5,2026-03-06
CAPY,Brooklyn,Frozen Desserts,A,12,2024-12-02
CARAOTAS NYC,Brooklyn,Latin American,B,21,2025-04-22
CARAVAN,Brooklyn,Russian,A,12,2023-02-23
CARIBBEAN BITES & WEST INDIAN CUISINE,Brooklyn,Caribbean,C,45,2024-12-24
CARIBBEAN JERKEE'S DELIGHT,Brooklyn,Caribbean,B,19,2024-02-12
CARIBBEAN JERKEES DELIGHT,Brooklyn,Caribbean,A,11,2025-10-06
CARIBBEAN VIBES JAMAICAN RESTAURANT AND BAKERY,Brooklyn,Caribbean,A,13,2026-07-16
CARIBSOULBK,Brooklyn,Caribbean,B,22,2026-04-16
CARIDAD CHINA,Brooklyn,Chinese/Cuban,A,9,2022-11-17
CARNE,Brooklyn,American,B,27,2026-05-11
CARNEVAL,Brooklyn,Spanish,C,29,2023-01-27
CARRO CAFE,Brooklyn,Latin American,A,13,2025-08-13
CARTAZ CUISINE,Brooklyn,Caribbean,B,24,2025-06-23
CARVEL,Brooklyn,Frozen Desserts,A,11,2024-06-03
CARVEL,Brooklyn,Frozen Desserts,A,5,2024-11-13
CARVEL & CINNABON,Brooklyn,Frozen Desserts,A,5,2026-04-08
CARVEL 1939,Brooklyn,Frozen Desserts,A,7,2023-10-02
CARVEL CINNABON,Brooklyn,Frozen Desserts,A,9,2026-08-12
CASA ANDREA,Brooklyn,Peruvian,B,24,2024-11-20
CASA DEL SABOR,Brooklyn,Spanish,B,18,2023-01-04
CASA DEL SABOR,Brooklyn,Spanish,B,24,2024-09-04
CASA ORA,Brooklyn,Latin American,A,12,2025-11-13
CASELLA BAGEL COFFEE SHOP,Brooklyn,American,A,12,2024-06-17
CASITA OF BK,Brooklyn,Coffee/Tea,A,12,2022-12-08
CASPIY,Brooklyn,Russian,A,10,2019-06-28
CASTILLO,Brooklyn,Latin American,A,10,2024-12-17
CATANIA BAKERY,Brooklyn,Bakery Products/Desserts,A,11,2026-01-16
CATSKILL BAGEL CO.,Brooklyn,Bagels/Pretzels,A,13,2024-08-15
CATSKILL BAGEL CO.,Brooklyn,Bagels/Pretzels,A,11,2023-01-30
CAVA,Brooklyn,Mediterranean,C,44,2023-02-23
CC'S JAMAICAN RESTAURANT,Brooklyn,Caribbean,A,12,2025-04-18
CECI'S,Brooklyn,Latin American,A,12,2023-05-15
CELESTINE,Brooklyn,Mediterranean,A,7,2024-12-18
CENT'ANNI,Brooklyn,Italian,B,20,2025-04-30
CERVECCERIA HAVEMEYER,Brooklyn,Spanish,B,21,2025-11-19
CHAMA MAMA,Brooklyn,Eastern European,A,7,2023-08-30
CHAMPION PIZZA,Brooklyn,Pizza,A,13,2023-10-25
CHANG HONG,Brooklyn,Chinese,A,12,2026-07-01
CHARLEY'S PHILLY STEAKS,Brooklyn,Sandwiches,B,27,2023-01-18
CHARLEY'S PHILLY STEAKS,Brooklyn,Sandwiches,B,22,2024-08-20
CHARLIE'S SANDWICH SHOP,Brooklyn,Sandwiches/Salads/Mixed Buffet,B,18,2024-02-15
CHARM BAR,Brooklyn,Caribbean,C,45,2025-11-25
CHAYSE THE FLAVAS,Brooklyn,Caribbean,A,12,2025-01-21
CHECKERS,Brooklyn,Hamburgers,A,12,2024-09-30
CHECKERS,Brooklyn,Hamburgers,B,21,2024-12-16
CHECKERS,Brooklyn,Hamburgers,B,26,2022-09-07
CHEESY KOSHER,Brooklyn,Jewish/Kosher,C,56,2024-11-19
CHEF'S HALAL GRILL,Brooklyn,Middle Eastern,A,8,2025-04-21
CHEF'S HALAL GRILL,Brooklyn,Middle Eastern,B,21,2026-06-29
CHELA,Brooklyn,Mexican,A,10,2026-07-22
CHEN'S GARDEN,Brooklyn,Chinese,A,2,2026-02-12
CHENS GARDEN,Brooklyn,Chinese,A,13,2024-09-13
CHEROKEE DELI,Brooklyn,Coffee/Tea,A,11,2025-02-28
CHERRY ON TOP,Brooklyn,American,A,13,2024-09-29
CHEZ MOI,Brooklyn,French,A,10,2025-01-08
CHEZ MOI,Brooklyn,French,C,35,2024-02-21
CHEZ OSKAR,Brooklyn,French,C,47,2024-02-06
CHF RESTAURANT,Brooklyn,Chinese,A,13,2023-11-22
CHIANGMAI DINER & BAR,Brooklyn,Thai,C,42,2025-01-29
CHIANGMAI DINER & BAR,Brooklyn,Thai,C,36,2026-04-06
CHIARA PIZZERIA,Brooklyn,Pizza,A,13,2024-10-11
CHICK MASTERPIECE,Brooklyn,Chinese,A,5,2025-12-07
CHICK N' BAOS,Brooklyn,Chicken,A,13,2026-05-18
CHICK-FIL-A,Brooklyn,Chicken,A,7,2025-12-11
CHICK-FIL-A,Brooklyn,Chicken,A,13,2025-07-11
CHICKEN FEASTIN,Brooklyn,Chicken,A,12,2023-09-21
CHIKURIN,Brooklyn,Japanese,A,13,2026-06-04
CHINA 1,Brooklyn,Chinese,C,36,2025-08-22
CHINA CHEF CHEN,Brooklyn,Chinese,B,19,2023-01-09
CHINA CITY,Brooklyn,Chinese,A,7,2026-03-02
CHINA DELIGHT,Brooklyn,Chinese,A,12,2026-04-16
CHINA DOLL,Brooklyn,Chinese,B,27,2024-03-05
CHINA DOLL,Brooklyn,Chinese,B,22,2025-07-14
CHINA DRAGON EXPRESS,Brooklyn,Chinese,A,8,2025-05-19
CHINA EXPRESS,Brooklyn,Chinese,A,13,2024-08-06
CHINA EXPRESS,Brooklyn,Chinese,A,10,2023-09-05
CHINA EXPRESS,Brooklyn,Chinese,B,21,2025-01-02
CHINA GARDEN,Brooklyn,Chinese,C,29,2023-09-06
CHINA GARDEN,Brooklyn,Chinese,C,30,2024-12-26
CHINA GARDEN RESTAURANT,Brooklyn,Chinese,B,23,2024-02-12
CHINA KING 1 RESTAURANT,Brooklyn,Chinese,A,11,2026-02-12
CHINA ROYAL,Brooklyn,Chinese,A,9,2026-06-15
CHINA TASTES,Brooklyn,Chinese,A,12,2026-05-05
CHINA THAI NY,Brooklyn,Chinese,A,11,2023-12-19
CHINA WOK,Brooklyn,Chinese,A,12,2024-05-23
CHINA WOK,Brooklyn,Chinese,A,5,2023-12-08
CHINA XING,Brooklyn,Chinese,A,10,2023-11-13
CHINANTLA,Brooklyn,Mexican,A,12,2024-06-05
CHINANTLA,Brooklyn,Mexican,C,61,2026-04-29
CHINATOWN RESTAURANT,Brooklyn,Chinese,A,2,2022-09-29
CHINESE SAUERKRAUT FISH,Brooklyn,Chinese,A,9,2025-07-08
CHINGOO,Brooklyn,Korean,A,13,2024-01-18
CHINO GRANDE,Brooklyn,Asian/Asian Fusion,A,13,2025-05-15
CHINTA,Brooklyn,Thai,B,25,2026-08-01
CHIPOTLE MEXICAN GRILL,Brooklyn,Tex-Mex,A,10,2023-03-16
CHIPOTLE MEXICAN GRILL,Brooklyn,Tex-Mex,A,13,2026-03-10
CHIPOTLE MEXICAN GRILL,Brooklyn,Tex-Mex,A,13,2026-01-05
CHIPOTLE MEXICAN GRILL,Brooklyn,Tex-Mex,A,11,2025-03-06
CHIPOTLE MEXICAN GRILL,Brooklyn,Tex-Mex,A,4,2023-02-01
CHIPOTLE MEXICAN GRILL # 3265,Brooklyn,Tex-Mex,A,12,2024-12-13
CHIPOTLE MEXICAN GRILL #2254,Brooklyn,Tex-Mex,A,9,2025-10-28
CHIPOTLE MEXICAN GRILL #2254,Brooklyn,Tex-Mex,A,13,2024-06-28
CHIPOTLE MEXICAN GRILL #2570,Brooklyn,Tex-Mex,A,9,2026-03-02
CHIPOTLE MEXICAN GRILL #2879,Brooklyn,Tex-Mex,A,11,2024-06-24
CHIPOTLE MEXICAN GRILL #3056,Brooklyn,Mexican,A,9,2025-04-01
CHIPOTLE MEXICAN GRILL #3056,Brooklyn,American,A,11,2025-05-08
CHLOE'S,Brooklyn,Caribbean,A,13,2025-11-14
CHOCK FULL O' NUT,Brooklyn,Coffee/Tea,A,12,2024-09-05
CHOCOLATTE ESPRESSO BAR,Brooklyn,Coffee/Tea,B,23,2023-11-16
CHOICE MARKET,Brooklyn,American,B,23,2025-05-13
CHOICE MARKET,Brooklyn,American,B,20,2023-10-23
CHOLULA DELI AND GRILL,Brooklyn,Spanish,A,7,2023-07-18
CHOO FOR GOOD,Brooklyn,Chinese,B,20,2025-11-10
CHUAN SHI,Brooklyn,Chinese,A,10,2025-01-08
CHUAN TIAN XIA,Brooklyn,Chinese,A,9,2025-12-13
CHUAN TIAN XIA,Brooklyn,Chinese,B,22,2024-08-20
CHUN BAI WEI,Brooklyn,Chinese,A,13,2025-06-25
CHUN HONG KONG CAFE,Brooklyn,Chinese,B,25,2025-11-08
CHUNG CHUN KITCHEN,Brooklyn,Chinese,C,42,2025-08-06
CHURCH AVE HOT PIZZA,Brooklyn,Pizza,A,12,2026-07-08
"CIAO, GLORIA",Brooklyn,Sandwiches/Salads/Mixed Buffet,A,2,2025-05-15
CILANTRO CLUB,Brooklyn,Sandwiches,A,12,2025-08-07
CINNABON,Brooklyn,Bakery Products/Desserts,A,8,2024-02-15
CINNABON,Brooklyn,Bakery Products/Desserts,B,25,2026-02-06
CIRCO PASTRY SHOP,Brooklyn,Bakery Products/Desserts,A,11,2025-03-19
CIRCO PASTRY SHOP,Brooklyn,Bakery Products/Desserts,A,12,2024-04-16
CITY LEAGUE COFFEE,Brooklyn,Coffee/Tea,A,13,2025-01-10
CJ'S CAFE,Brooklyn,Caribbean,B,22,2024-12-23
CJ'S CAFE,Brooklyn,Caribbean,B,24,2023-11-27
CJ'S CAFE,Brooklyn,Caribbean,C,35,2026-06-17
CLARA'S,Brooklyn,American,B,23,2024-02-15
CLASSIC KOSHER CATERING,Brooklyn,Jewish/Kosher,A,12,2026-08-27
CLEMENTE'S MARYLAND CRAB HOUSE,Brooklyn,American,A,13,2023-01-27
CLEMENTE'S MARYLAND CRAB HOUSE,Brooklyn,American,A,9,2025-07-02
CLEMENTE'S MARYLAND CRAB HOUSE,Brooklyn,American,C,30,2025-03-13
CLEVER BLEND,Brooklyn,Coffee/Tea,A,13,2024-02-20
CLOUDY DONUT BK,Brooklyn,Donuts,A,12,2026-06-12
CLOUDY DONUT CO.,Brooklyn,Bakery Products/Desserts,C,59,2024-09-13
CLOVER SMOOTHIE & TEA,Brooklyn,"Juice, Smoothies, Fruit Salads",A,5,2026-08-05
COCO'S PIZZERIA,Brooklyn,Latin American,A,12,2026-09-08
COFFEE BREAK CAFE,Brooklyn,Coffee/Tea,A,10,2026-08-06
COFFEE LAND,Brooklyn,Coffee/Tea,A,9,2025-09-25
COFFEE RX,Brooklyn,Coffee/Tea,A,9,2023-10-16
COFFEE RX,Brooklyn,Coffee/Tea,A,9,2025-06-23
COFFEE UPLIFTS PEOPLE,Brooklyn,Coffee/Tea,A,10,2025-01-29
COLD STONE CREAMERY,Brooklyn,Frozen Desserts,B,27,2026-07-15
COLINA CUERVO,Brooklyn,Latin American,A,13,2024-12-10
COLOMBIA RESTAURANT,Brooklyn,Latin American,B,26,2022-11-29
COLONIE,Brooklyn,New American,A,13,2024-03-07
COMOE BUFFET SOUL FOOD,Brooklyn,Soul Food,B,22,2025-07-14
COMPTON'S,Brooklyn,Sandwiches,C,49,2023-06-22
CONECTICUT MUFFINS,Brooklyn,Other,A,6,2026-04-15
CONEY ISLAND BAKERY,Brooklyn,Caribbean,B,22,2022-12-07
CONNECTICUT MUFFIN,Brooklyn,Coffee/Tea,A,10,2026-08-31
CONNECTICUT MUFFIN,Brooklyn,Coffee/Tea,A,5,2024-01-29
CONOHEN,Brooklyn,Japanese,B,27,2025-04-10
CONVIVIUM OSTERIA,Brooklyn,Italian,A,10,2023-06-22
COOKLYN EATS,Brooklyn,Soul Food,A,12,2024-06-12
COOKLYN EATS,Brooklyn,Spanish,B,25,2025-08-15
COPA CABANA SEAFOOD AND BRUNCH,Brooklyn,Seafood,A,12,2023-12-04
COPPER MUG COFFEE,Brooklyn,Coffee/Tea,B,25,2024-11-13
CORNBREAD,Brooklyn,Soul Food,B,20,2025-11-21
CORTHAIYOU,Brooklyn,Thai,C,30,2025-10-07
CORTO,Brooklyn,Coffee/Tea,A,2,2023-08-24
COTTI COFFEE / VIVI TEA / MD FRIED CHICKEN,Brooklyn,Korean,A,12,2026-04-07
COULEUR CAFE,Brooklyn,Coffee/Tea,A,13,2025-01-14
COURT STREET BAGELS,Brooklyn,Bagels/Pretzels,A,13,2024-12-04
COURT STREET BAGELS,Brooklyn,Bagels/Pretzels,B,19,2026-01-21
COZY NEST CAFE,Brooklyn,Coffee/Tea,A,13,2026-07-22
CPZ,Brooklyn,Chinese,B,24,2025-07-08
CRAFTED CAFE,Brooklyn,Coffee/Tea,A,13,2025-11-05
CREME CUISINE,Brooklyn,Caribbean,B,25,2024-02-21
CREPE FACTORY,Brooklyn,American,A,11,2022-03-21
CREPE FACTORY,Brooklyn,American,A,13,2024-02-15
CROWN BAGELS & PIZZA,Brooklyn,American,C,46,2024-01-25
CROWN CHICKEN & DELI,Brooklyn,Chicken,A,13,2023-12-27
CROWN CHICKEN & DELI,Brooklyn,Chicken,A,13,2025-04-07
CROWN CHICKEN & PIZZA,Brooklyn,Pizza,A,10,2023-05-17
CROWN FRIED CHICKEN,Brooklyn,Chicken,A,7,2026-09-08
CROWN FRIED CHICKEN,Brooklyn,Chicken,A,12,2024-03-14
CROWN FRIED CHICKEN,Brooklyn,Chicken,A,13,2026-04-03
CROWN FRIED CHICKEN,Brooklyn,Chicken,A,9,2026-05-21
CROWN FRIED CHICKEN,Brooklyn,Chicken,B,25,2024-09-04
CROWN FRIED CHICKEN,Brooklyn,Chicken,B,26,2026-02-18
CROWN FRIED CHICKEN,Brooklyn,Chicken,B,19,2023-07-05
CROWN FRIED CHICKEN,Brooklyn,Chicken,B,14,2022-11-18
CROWN FRIED CHICKEN,Brooklyn,Chicken,B,27,2026-04-01
CROWN FRIED CHICKEN,Brooklyn,Chicken,B,19,2025-11-20
CROWN FRIED CHICKEN,Brooklyn,Chicken,B,19,2024-11-21
CROWN FRIED CHICKEN,Brooklyn,Chicken,C,38,2025-11-21
CROWN FRIED CHICKEN,Brooklyn,Chicken,C,29,2023-01-03
CROWN FRIED CHICKEN & PIZZA,Brooklyn,Chicken,B,24,2025-10-02
CROWN FRIED CHICKEN & PIZZA,Brooklyn,Chicken,B,17,2025-12-22
CROWN FRIED CHICKEN & PIZZA,Brooklyn,Chicken,C,30,2024-09-04
CROWN FRIED CHICKEN & PIZZA,Brooklyn,Chicken,C,0,2022-10-11
CROWN FRIED CHICKEN & PIZZA,Brooklyn,American,C,33,2025-04-28
"CROWN FRIED CHICKEN, PIZZA & COFFEE SHOP",Brooklyn,Pizza,B,17,2024-08-01
CRUNCH SUSHI ON PLATE,Brooklyn,Jewish/Kosher,C,33,2024-05-24
CRUST BKLYN,Brooklyn,Pizza,B,22,2022-01-24
CRYSTAL LAKE,Brooklyn,American,A,3,2023-04-17
CUBANA CAFE,Brooklyn,Latin American,A,10,2023-03-08
CUBANA CAFE,Brooklyn,Latin American,A,8,2024-06-21
CUCI BURGER,Brooklyn,Chicken,A,8,2025-01-22
CUFFIE RIDGE,Brooklyn,"Juice, Smoothies, Fruit Salads",A,12,2026-05-20
CUIHUA KITCHEN,Brooklyn,Chinese,B,15,2024-03-28
CUP OF BROOKLYN,Brooklyn,Coffee/Tea,A,11,2025-01-27
Corner San Juan Deli Corp,Brooklyn,Latin American,A,11,2025-12-20
D & S BAKERY,Brooklyn,Bakery Products/Desserts,C,47,2026-03-19
D'AMICO COFFEE,Brooklyn,Coffee/Tea,B,24,2024-12-09
DA FRANCESCO PIZZA & CUCINA,Brooklyn,Pizza,A,10,2025-08-06
DA GE XIAO CHI,Brooklyn,Chinese,B,26,2023-02-14
DA KICH'N,Brooklyn,Caribbean,A,11,2025-12-02
DA NONNA ROSA,Brooklyn,Italian,A,10,2025-01-14
DA NONNA ROSA,Brooklyn,Italian,C,36,2023-01-26
DADDY'S CAFE,Brooklyn,American,A,10,2023-05-17
DAGAN PIZZA,Brooklyn,Jewish/Kosher,B,27,2025-01-21
DAISY'S DINER,Brooklyn,American,B,16,2025-03-19
DALLAS BBQ,Brooklyn,Chicken,A,2,2024-02-20
DANNEE THAI,Brooklyn,Thai,C,9,2025-08-08
DANY'S PIZZERIA,Brooklyn,Mexican,A,12,2024-03-13
DAO HUA XIANG,Brooklyn,Chinese,B,20,2025-02-10
DAPHNE'S,Brooklyn,Italian,A,12,2025-07-09
DAVID'S BAKERY,Brooklyn,Bakery Products/Desserts,A,2,2024-04-11
DAVID'S BAKERY,Brooklyn,Bakery Products/Desserts,A,12,2025-09-23
DAVID'S BAKERY AND PIZZA,Brooklyn,Pizza,A,10,2024-09-18
DAVID'S BRISKET HOUSE,Brooklyn,Sandwiches,A,12,2025-08-29
DAWN’S TIL DUSK,Brooklyn,Coffee/Tea,A,7,2023-04-17
DE ISLANDS,Brooklyn,Caribbean,A,13,2022-12-05
DE ISLANDS,Brooklyn,Caribbean,B,26,2025-11-18
DE ISLANDS,Brooklyn,Caribbean,C,65,2024-08-26
DE TANDOORI KNIGHT,Brooklyn,Indian,B,26,2024-03-20
DEAR FRIEND BOOKS,Brooklyn,American,A,7,2025-09-30
DEBUTEA,Brooklyn,Chinese/Japanese,B,19,2025-05-01
DEBUTEA,Brooklyn,Chinese/Japanese,B,18,2024-03-13
DEEPDIVE BK,Brooklyn,Not Listed/Not Applicable,A,8,2026-01-17
DEFONTE'S SANDWICH SHOP,Brooklyn,American,A,13,2026-01-07
DEFONTE'S SANDWICH SHOP,Brooklyn,American,C,34,2023-11-13
DELI AVE M,Brooklyn,Mexican,B,23,2026-05-05
DELI PIZZA LUNCHEONETTE,Brooklyn,Pizza,A,13,2024-12-26
DELLA VALLE,Brooklyn,Italian,A,10,2024-09-24
DELMAR PIZZERIA,Brooklyn,Pizza,A,9,2026-05-09
DEMON CHICKEN,Brooklyn,Chinese,B,27,2025-12-12
DEN OF SPLENDOR,Brooklyn,American,C,32,2024-12-04
DENIZ,Brooklyn,Turkish,A,12,2022-12-05
DENIZ,Brooklyn,Turkish,A,13,2025-09-04
DENNY'S PUB,Brooklyn,American,A,13,2026-07-23
DEPT. OF CULTURE,Brooklyn,African,A,12,2024-02-29
DER PIONEER,Brooklyn,American,A,9,2023-04-12
DESI GRILL,Brooklyn,Indian,C,2,2023-01-06
DESI GRILL,Brooklyn,Indian,C,3,2024-07-23
DEXIN YUAN ZAI BING,Brooklyn,Chinese,A,12,2023-09-19
DI FARA PIZZERIA,Brooklyn,Pizza,B,20,2025-10-28
DI' TASTE,Brooklyn,Caribbean,C,36,2024-12-03
DICK AND JANE'S,Brooklyn,American,A,12,2024-05-23
DIG INN,Brooklyn,American,A,12,2026-03-23
DIM SUM KING & BAKERY,Brooklyn,Chinese,B,26,2024-04-08
DIM SUM KING & BAKERY,Brooklyn,Chinese,B,22,2024-01-09
DIM SUM KING & BAKERY,Brooklyn,Chinese,B,27,2025-08-12
DIM SUM KING & BAKERY,Brooklyn,Chinese,C,44,2025-04-29
DIN SOUP DUMPLING,Brooklyn,Chinese,A,7,2024-12-18
DINO,Brooklyn,Italian,A,12,2022-09-21
DINO,Brooklyn,Italian,B,19,2024-02-16
DISTRICT TACO,Brooklyn,Mexican,A,13,2026-04-14
DIVINA PIZZA,Brooklyn,Pizza,A,12,2026-08-04
DJERDAN,Brooklyn,Mediterranean,B,21,2025-12-08
DJON DJON,Brooklyn,Caribbean,A,5,2024-09-24
DJON DJON,Brooklyn,Caribbean,A,12,2026-08-18
DMITRIEV'S BISTRO,Brooklyn,Eastern European,B,27,2025-10-09
DOC WINE BAR,Brooklyn,Italian,A,13,2024-03-27
DOC WINE BAR,Brooklyn,Italian,B,25,2026-07-08
DOLCE BROOKLYN,Brooklyn,Frozen Desserts,A,11,2022-08-01
DOLCE VITA,Brooklyn,Italian,A,10,2023-10-18
DOLORES,Brooklyn,Mexican,A,7,2026-04-15
DOMINO'S,Brooklyn,Pizza,A,2,2025-01-15
DOMINO'S,Brooklyn,Pizza,A,7,2024-11-13
DOMINO'S,Brooklyn,Pizza,A,13,2026-02-09
DOMINO'S,Brooklyn,Pizza,A,4,2025-09-17
DOMINO'S,Brooklyn,Pizza,A,5,2025-10-27
DOMINO'S,Brooklyn,Pizza,A,11,2024-01-25
DOMINO'S,Brooklyn,Pizza,A,9,2024-04-22
DOMINO'S,Brooklyn,Pizza,A,7,2024-12-03
DOMINO'S,Brooklyn,Pizza,B,25,2024-03-21
DOMINO'S,Brooklyn,Pizza,B,23,2025-07-16
DOMINO'S,Brooklyn,Pizza,B,22,2024-04-16
DOMINOS,Brooklyn,Pizza,A,2,2025-09-03
DOMINOS,Brooklyn,Pizza,A,9,2024-05-02
DON BURRITO RESTAURANT,Brooklyn,Tex-Mex,A,9,2026-04-28
DON BURRITO RESTAURANT,Brooklyn,Tex-Mex,A,12,2024-10-09
DON NEO FUSION,Brooklyn,Japanese,B,16,2025-12-01
DON PACO LOPEZ PANDERIA,Brooklyn,Mexican,A,5,2025-04-14
DON PANCHO VILLA,Brooklyn,Mexican,A,9,2025-06-05
DONUT SHOPPE,Brooklyn,American,B,26,2025-03-10
DONUT SHOPPE,Brooklyn,American,B,25,2024-05-03
DOS TOROS TAQUERIA,Brooklyn,Tex-Mex,A,13,2026-04-18
DOSA ROYALE,Brooklyn,Indian,B,25,2025-10-17
DOSA ROYALE,Brooklyn,Indian,C,108,2024-08-16
DOSA ROYALE,Brooklyn,Indian,C,3,2024-08-21
DOUBLE,Brooklyn,American,B,21,2026-01-20
DOUBLE DRAGON,Brooklyn,Chinese,A,12,2024-04-03
DOUBLE DRINKS / DOUBLE TASTE,Brooklyn,Southeast Asian,C,29,2024-05-14
DOUBLE RED INC,Brooklyn,Chinese,A,12,2025-09-08
DOUBLE TOP CHINA & TORTILLA TACO,Brooklyn,Chinese,A,13,2025-05-27
DOUGHNUT PLANT,Brooklyn,Coffee/Tea,A,7,2024-09-12
DOUGHNUT PLANT,Brooklyn,Donuts,B,21,2025-09-18
DOUGIES JAMAICAN CUISINE,Brooklyn,Caribbean,A,8,2025-09-25
DOUGIES JAMAICAN CUISINE,Brooklyn,Caribbean,B,27,2023-03-28
DOWNS RIVER,Brooklyn,Caribbean,A,12,2025-03-18
DOWNS RIVER,Brooklyn,Caribbean,A,9,2026-05-29
DRAGON GARDEN,Brooklyn,Chinese,B,25,2026-05-05
DRAGON KING,Brooklyn,Chinese,A,13,2024-08-20
DRAM SHOP,Brooklyn,American,A,6,2025-03-25
DRIGGS PIZZA PARLOR,Brooklyn,Pizza,C,41,2025-07-10
DRIP & BLEND,Brooklyn,"Juice, Smoothies, Fruit Salads",A,10,2025-12-06
DUBAI PIZZA & GYRO,Brooklyn,Pizza,C,34,2025-01-02
DUCK WONG,Brooklyn,Chinese,A,13,2026-07-11
DUMONT BURGER,Brooklyn,Hamburgers,C,42,2023-10-04
DUN HUANG MISS NOODLE,Brooklyn,Thai,B,27,2024-02-29
DUNKIN,Brooklyn,Donuts,A,5,2024-02-23
DUNKIN,Brooklyn,Donuts,A,7,2025-10-09
DUNKIN,Brooklyn,Donuts,A,2,2024-11-19
DUNKIN,Brooklyn,Jewish/Kosher,A,9,2025-10-03
DUNKIN,Brooklyn,Donuts,A,12,2025-12-03
DUNKIN,Brooklyn,Jewish/Kosher,A,12,2026-06-30
DUNKIN,Brooklyn,Donuts,A,5,2024-04-03
DUNKIN,Brooklyn,Donuts,A,10,2023-05-26
DUNKIN,Brooklyn,Donuts,A,10,2025-10-27
DUNKIN,Brooklyn,Donuts,A,7,2026-05-15
DUNKIN,Brooklyn,Coffee/Tea,A,13,2024-12-10
DUNKIN,Brooklyn,Donuts,A,7,2025-10-14
DUNKIN,Brooklyn,Donuts,A,13,2026-01-14
DUNKIN,Brooklyn,Donuts,A,7,2024-06-17
DUNKIN,Brooklyn,Donuts,A,12,2025-11-24
DUNKIN,Brooklyn,Donuts,A,9,2024-11-07
DUNKIN,Brooklyn,Donuts,A,11,2023-12-04
DUNKIN,Brooklyn,Donuts,A,12,2024-12-09
DUNKIN,Brooklyn,Donuts,A,5,2024-10-24
DUNKIN,Brooklyn,Donuts,A,13,2025-12-04
DUNKIN,Brooklyn,Donuts,A,11,2026-06-26
DUNKIN,Brooklyn,Donuts,A,3,2024-05-31
DUNKIN,Brooklyn,Donuts,A,13,2024-03-19
DUNKIN,Brooklyn,Donuts,A,12,2024-02-09
DUNKIN,Brooklyn,Jewish/Kosher,A,11,2023-11-29
DUNKIN,Brooklyn,Donuts,A,7,2023-05-19
DUNKIN,Brooklyn,Donuts,A,13,2023-05-16
DUNKIN,Brooklyn,Donuts,A,9,2024-04-18
DUNKIN,Brooklyn,Donuts,A,5,2025-11-05
DUNKIN,Brooklyn,Donuts,A,2,2025-03-03
DUNKIN,Brooklyn,Donuts,A,12,2025-05-20
DUNKIN,Brooklyn,Donuts,A,9,2025-08-06
DUNKIN,Brooklyn,Donuts,B,21,2024-09-06
DUNKIN,Brooklyn,Donuts,C,32,2023-07-20
DUNKIN,Brooklyn,Donuts,C,36,2026-06-08
DUNKIN / BASKIN ROBBINS,Brooklyn,Donuts,A,8,2024-04-16
DUNKIN BASKIN ROBBINS,Brooklyn,Donuts,A,11,2025-07-14
DUNKIN DONUTS,Brooklyn,Donuts,C,30,2025-07-23
DUNKIN',Brooklyn,Donuts,A,6,2024-01-17
DUNKIN',Brooklyn,Jewish/Kosher,A,10,2024-07-25
DUNKIN',Brooklyn,Donuts,A,13,2025-07-15
DUNKIN',Brooklyn,Donuts,A,13,2025-03-18
DUNKIN',Brooklyn,Donuts,A,5,2025-03-12
DUNKIN',Brooklyn,Donuts,A,13,2023-05-04
DUNKIN',Brooklyn,Donuts,A,2,2026-05-04
DUNKIN',Brooklyn,Coffee/Tea,A,12,2026-06-24
DUNKIN',Brooklyn,Donuts,A,9,2023-04-06
DUNKIN',Brooklyn,Donuts,A,12,2025-06-11
DUNKIN',Brooklyn,Donuts,A,3,2024-01-03
DUNKIN',Brooklyn,Donuts,A,10,2025-07-24
DUNKIN',Brooklyn,Donuts,A,6,2023-02-16
DUNKIN',Brooklyn,Donuts,A,10,2025-07-09
DUNKIN',Brooklyn,Donuts,A,7,2025-09-18
DUNKIN',Brooklyn,Donuts,A,3,2025-05-15
DUNKIN',Brooklyn,Donuts,A,10,2024-04-25
DUNKIN',Brooklyn,Donuts,A,7,2025-05-29
DUNKIN',Brooklyn,Donuts,B,26,2024-08-29
DUNKIN' / 'BASKIN ROBBINS,Brooklyn,Donuts,A,13,2023-02-27
DUNKIN' / 'BASKIN ROBBINS,Brooklyn,Donuts,A,13,2025-06-16
DUNKIN' / 'BASKIN ROBBINS,Brooklyn,Donuts,A,8,2023-08-28
DUNKIN' / BASKIN ROBBINS,Brooklyn,Donuts,A,12,2025-02-28
DUNKIN' / BASKIN ROBBINS,Brooklyn,Donuts,A,7,2024-02-09
DUNKIN' / BASKIN ROBBINS,Brooklyn,Donuts,A,13,2024-06-10
DUNKIN' / BASKIN ROBBINS,Brooklyn,Coffee/Tea,A,5,2025-09-12
DUNKIN' / BASKIN ROBBINS,Brooklyn,Donuts,A,7,2024-12-12
DUNKIN' / POPEYES,Brooklyn,Chicken,A,13,2024-11-13
DUNKIN' / POPEYES,Brooklyn,Chicken,C,39,2025-07-11
"DUNKIN', 'BASKIN ROBBINS",Brooklyn,Donuts,A,5,2026-03-06
"DUNKIN', 'BASKIN ROBBINS",Brooklyn,American,A,5,2023-10-06
"DUNKIN', BASKIN ROBBINS",Brooklyn,Donuts,A,13,2024-09-30
DUNKIN/JIMMY JOHNS,Brooklyn,Donuts,A,12,2026-08-13
DUNKIN/JIMMY JOHNS,Brooklyn,Donuts,A,12,2025-08-20
DUNYA KABAB HOUSE,Brooklyn,Afghan,A,13,2024-08-12
Dunkin,Brooklyn,Coffee/Tea,A,6,2026-02-25
E&A’S BAKE N BREW,Brooklyn,Coffee/Tea,A,12,2025-11-18
EARLY YVES,Brooklyn,Coffee/Tea,A,12,2025-09-12
EARLY YVES,Brooklyn,Coffee/Tea,B,22,2024-04-11
EAST HARBOR SEAFOOD PALACE,Brooklyn,Seafood,B,23,2025-11-05
EAST WIND SNACK SHOP,Brooklyn,Chinese,C,31,2023-11-13
EASTERN RESTAURANT,Brooklyn,Chinese,A,9,2024-12-03
EAT STREET NYC,Brooklyn,American,A,13,2026-08-24
ECOWAS KITCHEN (AMALA JUNCTION),Brooklyn,African,C,35,2025-04-10
ECUAPOLLOS,Brooklyn,Latin American,A,13,2026-01-28
EDITH'S SANDWICH COUNTER,Brooklyn,Sandwiches,A,2,2025-07-03
EDO ASIAN FUSION,Brooklyn,Japanese,B,20,2023-07-10
EDWARD LUNCH & RESTAURANT,Brooklyn,Latin American,A,12,2025-04-03
EGG SHOP,Brooklyn,American,B,24,2025-07-22
EL ARCOIRIS DELI GROCERY,Brooklyn,Latin American,A,12,2024-10-29
EL CASTILLO DE JAGUA RAMIREZ,Brooklyn,Spanish,B,22,2024-12-30
EL CERRITO TACOS Y TORTAS,Brooklyn,Mexican,A,5,2024-06-28
EL CERRITO TACOS Y TORTAS,Brooklyn,Mexican,A,5,2023-03-01
EL COFRE,Brooklyn,Latin American,B,19,2024-07-16
EL COMEDOR RESTAURANTE,Brooklyn,Latin American,B,26,2025-08-22
EL DIABLO TAQUERIA,Brooklyn,Mexican,A,2,2025-01-03
EL EMPERADOR ELIAS,Brooklyn,Latin American,B,22,2023-10-20
EL ENCEBOLLADO DE ROSSY,Brooklyn,Spanish,A,13,2025-07-22
EL ENCEBOLLADO DE ROSSY,Brooklyn,Spanish,B,24,2024-03-19
EL ENCEBOLLADO DE VICTOR,Brooklyn,Latin American,B,27,2026-07-23
EL GALLO TAQUERIA,Brooklyn,Mexican,A,12,2025-08-19
EL GALLO TAQUERIA,Brooklyn,Mexican,A,10,2023-06-05
EL GRAN CASTILLO DE JAGUA,Brooklyn,Latin American,A,12,2025-08-18
EL GRAN CASTILLO DE JAGUA,Brooklyn,Latin American,C,4,2024-09-09
EL GUSTO DE MI PUEBLO,Brooklyn,Latin American,C,40,2025-09-12
EL JEFFE,Brooklyn,Mexican,A,13,2022-06-03
EL MALECON RESTAURANT,Brooklyn,Latin American,A,12,2026-08-05
EL MEKKAH BAR & GRILL,Brooklyn,American,A,9,2024-06-05
EL MEXICANO RESTAURANT & CAFE #4,Brooklyn,Mexican,A,12,2024-04-22
EL MEXICANO RESTAURANT & CAFE #4,Brooklyn,Mexican,C,42,2026-05-28
EL MEXICANO RESTAURANTE AND CAFE,Brooklyn,Mexican,B,21,2023-09-27
EL MIRADOR RESTAURANT,Brooklyn,Mexican,A,8,2024-04-19
EL MONUMENTO,Brooklyn,Caribbean,A,11,2024-04-22
EL NOPAL,Brooklyn,Mexican,A,13,2022-08-22
EL NOPAL,Brooklyn,Mexican,A,11,2023-11-17
EL NUEVO AZTECA MAYA,Brooklyn,Latin American,A,13,2024-03-13
EL NUEVO SABOR LATINO,Brooklyn,Latin American,B,17,2023-10-19
EL POLLO ENCHILADO,Brooklyn,Mexican,A,0,2025-01-15
EL POLLO ENCHILADO,Brooklyn,Mexican,A,2,2024-03-08
EL POLLO III,Brooklyn,Latin American,C,34,2024-12-30
EL PUNTO CUBANO,Brooklyn,Latin American,B,23,2023-08-14
EL QUETZALITO,Brooklyn,Latin American,B,23,2023-06-07
EL QUETZALITO,Brooklyn,Latin American,C,43,2025-01-15
EL QUETZALITO,Brooklyn,Latin American,C,36,2025-10-17
EL RANCHITO POBLANO RESTAURANT,Brooklyn,Mexican,B,24,2022-06-21
EL REY DE QUISQUEYA,Brooklyn,Spanish,B,24,2025-04-28
EL REY II,Brooklyn,Latin American,C,47,2024-01-17
EL RINCON DE MACON,Brooklyn,Spanish,C,33,2025-12-30
EL SABOR DE LA VIDA 517,Brooklyn,"Juice, Smoothies, Fruit Salads",A,0,2022-10-12
EL SALVADOR RESTAURANT,Brooklyn,Spanish,A,9,2024-03-26
EL SALVADOR RESTAURANT,Brooklyn,Spanish,B,25,2023-03-31
EL SANTO TAQIERIA,Brooklyn,Mexican,B,27,2023-10-04
EL SHADDAI EATERY,Brooklyn,Caribbean,A,12,2022-11-17
EL ZASON,Brooklyn,Mexican,A,13,2024-04-24
EL ZASON,Brooklyn,Mexican,C,38,2025-08-27
ELDER GREENE,Brooklyn,American,A,13,2024-05-31
ELDER GREENE,Brooklyn,American,B,18,2026-03-25
ELK CAFE,Brooklyn,Coffee/Tea,A,8,2025-08-04
ELK CAFE,Brooklyn,Coffee/Tea,A,9,2024-03-18
EM VIETNAMESE,Brooklyn,Southeast Asian,B,27,2023-12-04
EM VIETNAMESE,Brooklyn,Southeast Asian,B,19,2023-01-19
EM VIETNAMESE,Brooklyn,Southeast Asian,B,22,2025-07-16
EMBLEM,Brooklyn,American,A,12,2024-06-12
EMILY'S BAKERY,Brooklyn,Mexican,A,11,2026-05-21
EMIR PALACE,Brooklyn,Eastern European,C,4,2024-04-10
EMMA'S TORCH,Brooklyn,American,B,27,2025-11-06
EMMONS PALACE,Brooklyn,Russian,B,27,2025-09-04
EMMY,Brooklyn,American,B,25,2024-02-08
EMPIRE CHINESE,Brooklyn,Chinese,A,11,2026-07-30
EMPIRE CHINESE,Brooklyn,Chinese,C,4,2025-02-07
EMPIRE HOUSE CHINESE RESTAURANT,Brooklyn,Chinese,A,13,2024-01-02
EMPIRE TACO CHINA,Brooklyn,Tex-Mex,C,40,2023-11-20
EMPLOYEE'S CAFETERIA,Brooklyn,American,B,26,2024-04-29
ENERGY FUEL,Brooklyn,"Juice, Smoothies, Fruit Salads",A,4,2024-09-30
ENERGY FUEL,Brooklyn,"Juice, Smoothies, Fruit Salads",A,10,2026-04-21
ENLIGHTENMENT WINES MEADERY,Brooklyn,American,A,12,2024-03-15
ENSENADA BROOKLYN,Brooklyn,Mexican,B,17,2025-06-18
ENSO,Brooklyn,Coffee/Tea,A,13,2023-10-05
ENSO,Brooklyn,Coffee/Tea,B,32,2025-04-21
ENSO,Brooklyn,Coffee/Tea,C,28,2025-07-30
EQUIS PICA POLLO RESTAURANT,Brooklyn,Spanish,A,8,2025-11-13
EQUIS PICA POLLO RESTAURANT,Brooklyn,Spanish,A,13,2023-05-08
ERROL'S CARIBBEAN DELIGHTS,Brooklyn,Caribbean,C,40,2026-04-21
ESPINAL DELI & GROCERY,Brooklyn,Spanish,B,19,2025-10-03
ESPRESSO PIZZERIA,Brooklyn,Pizza,A,10,2023-03-15
ESS -A- BAGEL,Brooklyn,Bagels/Pretzels,A,13,2024-09-03
ESSEN DELI,Brooklyn,Jewish/Kosher,A,5,2025-05-06
ESSENCE BAR & GRILL,Brooklyn,American,C,37,2023-08-24
ESTELLE,Brooklyn,American,A,10,2022-09-29
ESTIHANA ASIAN RESTAURANT& SUSHI,Brooklyn,Jewish/Kosher,B,27,2025-04-29
EVALYN'S TAP HOUSE,Brooklyn,American,B,24,2025-01-23
EVEN KITCHEN & BAR,Brooklyn,American,C,40,2025-08-29
"EVERYTHING YOGURT, GRETEL'S PRETZELS",Brooklyn,Frozen Desserts,A,10,2024-08-22
EVODIO'S PLACE,Brooklyn,American,A,12,2026-03-16
EXTRA BAR CAFE,Brooklyn,Coffee/Tea,A,12,2022-08-01
EXTRA BAR CAFE,Brooklyn,Coffee/Tea,C,71,2024-05-08
El POLLO I,Brooklyn,Peruvian,B,22,2025-01-13
F & F PIZZERIA,Brooklyn,Italian,A,11,2025-12-16
F1 RESTAURANT & LOUNGE,Brooklyn,American,C,60,2024-10-25
FABIO'S PIZZERIA,Brooklyn,Pizza,B,21,2025-02-27
FAFA ROOM,Brooklyn,Chinese,A,12,2025-12-13
FAIRFIELD INN & SUITES,Brooklyn,American,A,12,2025-03-27
FAITH CHINESE FOOD,Brooklyn,Chinese,A,7,2024-02-28
FAITH CHINESE FOOD,Brooklyn,Chinese,C,28,2025-08-12
FALAFALAFA,Brooklyn,Jewish/Kosher,A,12,2025-03-20
FALAFEL TANAMI,Brooklyn,Jewish/Kosher,A,12,2023-02-08
FALLSBURG BAGELS,Brooklyn,Jewish/Kosher,B,14,2023-03-21
FALLSBURG BAGELS,Brooklyn,Jewish/Kosher,C,38,2024-11-25
FALLSBURG BAGELS,Brooklyn,Jewish/Kosher,C,40,2025-04-29
FALU HOUSE SCANDINAVIAN DELI,Brooklyn,Scandinavian,A,9,2024-09-24
FAMILY KITCHEN,Brooklyn,Chinese,B,23,2024-06-07
FAMOUS,Brooklyn,Chinese/Cuban,A,12,2025-08-28
FAN FAN DOUGHNUTS,Brooklyn,Bakery Products/Desserts,A,11,2025-01-17
FAN FRIED RICE BAR,Brooklyn,Asian/Asian Fusion,A,13,2023-05-16
FANCYFREE,Brooklyn,American,B,22,2025-02-12
FAR EAST RESTAURANT NY,Brooklyn,Chinese,A,13,2026-02-26
FAR EAST RESTAURANT NY,Brooklyn,Chinese,A,13,2024-04-02
FAR EAST RESTAURANT NY,Brooklyn,Chinese,C,39,2025-10-17
FARRELL'S BAR & GRILL,Brooklyn,American,A,7,2024-12-07
FAST & FRESH BURRITO DELI,Brooklyn,Mexican,A,9,2025-07-10
FASTLIFE PIZZA,Brooklyn,Pizza,A,12,2025-07-30
FAT RABBIT,Brooklyn,American,B,23,2025-08-15
FATIMA'S GRILL,Brooklyn,Middle Eastern,A,13,2023-07-13
FATTY DADDY TACOS,Brooklyn,Tex-Mex,A,13,2024-03-06
FAUSTO,Brooklyn,Italian,A,7,2024-06-11
FAZIO'S,Brooklyn,Pizza,C,37,2025-09-09
FEDERICO'S PIZZERIA,Brooklyn,Pizza,A,10,2025-03-06
FEILONG HOT SPICY POT,Brooklyn,Chinese,C,65,2026-06-15
FEITENG CHINESE TAKE OUT KITCHEN,Brooklyn,Chinese,B,17,2024-11-20
FELICE,Brooklyn,Italian,A,12,2024-11-07
FEROX,Brooklyn,American,B,22,2026-07-13
FEROX,Brooklyn,American,C,34,2025-01-09
FIESTA MEXICAN RESTAURANT,Brooklyn,Mexican,A,12,2024-10-09
FIFTH AVE DINER,Brooklyn,American,A,12,2024-05-20
FILTHY DIAMOND,Brooklyn,American,A,11,2024-09-22
FINE TIME,Brooklyn,American,A,12,2026-03-25
FIONA'S,Brooklyn,American,B,24,2024-12-03
FIRST STOP DELI,Brooklyn,Mexican,A,11,2023-10-18
FISH BONE,Brooklyn,Caribbean,A,13,2025-07-14
FISHERMAN'S COVE,Brooklyn,Caribbean,A,7,2022-04-30
FIVE GUYS,Brooklyn,Hamburgers,A,13,2025-03-25
FIVE GUYS FAMOUS BURGERS AND FRIES,Brooklyn,Hamburgers,A,5,2025-02-05
FIVE LEAVES,Brooklyn,American,B,26,2023-12-20
FIX-U-PLATE,Brooklyn,Caribbean,B,27,2024-08-20
FLAMING GRILL BUFFET,Brooklyn,Chinese/Japanese,B,25,2025-01-24
FLATBUSH THAI,Brooklyn,Thai,B,19,2023-06-20
FLATIRON STEAKHOUSE,Brooklyn,Steakhouse,A,13,2023-04-25
FLAVA II,Brooklyn,Caribbean,B,25,2024-03-08
FLAVA II,Brooklyn,Caribbean,B,27,2025-11-13
FLAVA II LOUNGE,Brooklyn,Caribbean,C,37,2024-02-09
FLAVOR LAKAY,Brooklyn,Caribbean,B,24,2025-02-12
FLORIDIAN DINER,Brooklyn,American,B,18,2024-08-30
FLYWHEEL,Brooklyn,American,C,46,2019-10-01
FOCACCIA PIZZA,Brooklyn,Jewish/Kosher,A,12,2025-03-27
FONDA,Brooklyn,Mexican,B,22,2024-03-06
FONTAINHAS,Brooklyn,Indian,A,13,2025-02-26
FONTANAS,Brooklyn,Italian,A,11,2025-01-08
FOOD KING RESTAURANT,Brooklyn,Chinese,A,9,2024-05-17
FOOD LOVER BAKERY,Brooklyn,Chinese,A,13,2026-04-16
FOOD SING,Brooklyn,Chinese,A,13,2024-03-14
FOOTPRINTS CAFE,Brooklyn,Caribbean,A,13,2024-09-10
FOOTPRINTS CAFE,Brooklyn,Caribbean,A,13,2026-03-16
FOR ALL THINGS GOOD,Brooklyn,Mexican,A,13,2024-08-21
FOR THE RECORD,Brooklyn,Coffee/Tea,A,11,2024-11-15
FOREFEATHERS,Brooklyn,Chicken,B,18,2025-09-15
FOREVER THAI,Brooklyn,Thai,C,38,2024-11-23
FORMA PASTA FACTORY,Brooklyn,Italian,A,13,2023-09-14
FORNINO,Brooklyn,Pizza,A,7,2025-01-13
FORNINO,Brooklyn,Pizza,B,27,2023-01-15
FORTUNATO BROTHERS PASTICCERIA,Brooklyn,Bakery Products/Desserts,A,13,2024-02-07
FORTUNE HOUSE,Brooklyn,Chinese,B,17,2025-01-16
FORTUNE PALACE RESTAURANT,Brooklyn,Chinese,B,22,2023-07-11
FORTUNE PLACE,Brooklyn,Chinese,A,13,2025-09-16
FOUR SEASONS JOYFUL,Brooklyn,Chinese,C,46,2025-11-10
FOUR T RESTAURANT,Brooklyn,Caribbean,B,27,2025-12-02
FOUR T RESTAURANT,Brooklyn,Caribbean,C,30,2025-08-18
FRANKEL'S,Brooklyn,Sandwiches,A,8,2025-12-01
FRANKLIN 820,Brooklyn,American,A,13,2025-09-10
FRANKLIN PARK / DUTCH BOY BURGER,Brooklyn,American,C,34,2024-03-05
FRANKLIN PIZZA,Brooklyn,Pizza,B,24,2024-05-07
FRANKLIN PIZZA,Brooklyn,Pizza,B,22,2025-02-11
FRESH GRILL,Brooklyn,Caribbean,C,68,2025-05-07
FRESH GRILL,Brooklyn,Caribbean,C,9,2024-02-02
FRESH IBAKERY,Brooklyn,Chinese,B,24,2026-03-23
FRESH KILLS BAR,Brooklyn,American,A,13,2024-03-27
FRESH KILLS BAR,Brooklyn,American,A,12,2025-11-24
FRIED CHICKEN WITH THE SAUCE,Brooklyn,Caribbean,B,19,2026-03-04
FRIED CHICKEN WITH THE SAUCE EXPRESS,Brooklyn,Caribbean,B,16,2024-11-25
FROG,Brooklyn,New American,B,27,2024-09-25
FRONT STREET PIZZA,Brooklyn,Pizza,B,24,2023-03-20
FRUITTI YUMMI,Brooklyn,Frozen Desserts,A,7,2023-05-15
FU LAI,Brooklyn,Chinese,B,21,2025-12-03
FU SING RESTAURANT,Brooklyn,Chinese,A,13,2025-07-10
FU XING HOUSE,Brooklyn,Chinese,A,12,2024-09-04
FUDING WOK,Brooklyn,Chinese,A,2,2024-04-01
FUEL,Brooklyn,American,A,13,2022-10-27
FUEL RESTAURANT,Brooklyn,"Juice, Smoothies, Fruit Salads",B,25,2024-03-15
FUGU JAPANESE CUISINE,Brooklyn,Japanese,A,12,2025-09-04
FUJI TERIYAKI SUSHI,Brooklyn,Chinese,B,26,2026-01-23
FUKUROU BROOKLYN,Brooklyn,Japanese,B,25,2023-09-18
FULKOLE,Brooklyn,Bangladeshi,C,30,2024-11-22
FULL UP CAFE,Brooklyn,Coffee/Tea,A,9,2025-10-17
FULTON ALE HOUSE,Brooklyn,Bottled Beverages,A,7,2026-06-22
FULTON BURGER EXPRESS,Brooklyn,Sandwiches,A,11,2024-09-25
FULTON FOOD COURT,Brooklyn,Middle Eastern,C,45,2023-08-24
FULTON HALAL GRILL,Brooklyn,Middle Eastern,C,3,2024-08-13
FULTON HOTDOG KING,Brooklyn,Hotdogs,B,17,2026-02-05
FYAH INTERNATIONAL CUISINE,Brooklyn,Caribbean,A,9,2023-04-17
FYAH INTERNATIONAL CUISINE,Brooklyn,Caribbean,B,27,2025-05-08
G&B TERMINAL DELI,Brooklyn,Sandwiches,A,9,2024-03-21
G&B TERMINAL DELI,Brooklyn,Sandwiches,A,13,2025-04-30
GANNI'S PIZZERIA,Brooklyn,Pizza,A,5,2024-08-26
GAO VILLAGE RESTAURANT,Brooklyn,Chinese,B,26,2025-02-04
GATOR,Brooklyn,American,B,19,2025-04-24
GEE'S CARIBBEAN RESTAURANT,Brooklyn,Caribbean,C,30,2024-07-24
GEMINI'S II,Brooklyn,Latin American,B,23,2025-09-05
GENAO,Brooklyn,Latin American,B,23,2024-12-06
GENESIS DELI & GROCERY,Brooklyn,Mexican,C,50,2026-04-16
GENNARO'S CATERING HALL,Brooklyn,Italian,A,12,2026-02-04
GENTLE JUICE BAR,Brooklyn,"Juice, Smoothies, Fruit Salads",C,45,2024-11-13
GEORGE AND JACKS TAP ROOM,Brooklyn,American,A,13,2025-01-15
GEORGE'S,Brooklyn,American,B,20,2025-07-14
GEORGIAN 1 BAKERY,Brooklyn,Bakery Products/Desserts,A,12,2025-12-07
GEORGIAN STAR,Brooklyn,Eastern European,C,46,2024-03-08
GERMAN DONER KEBAB,Brooklyn,Middle Eastern,C,30,2024-02-07
GHOROA,Brooklyn,Bangladeshi,B,26,2022-12-21
GIA LAM II,Brooklyn,Southeast Asian,B,16,2024-05-06
GIL'S GRILL AND DELI,Brooklyn,American,A,11,2026-09-14
GIL'S GRILL AND DELI,Brooklyn,American,A,13,2025-06-04
GIRASOL TAQUERIA & BAKERY,Brooklyn,Mexican,A,12,2023-04-11
GIRASOL TAQUERIA & BAKERY,Brooklyn,Mexican,B,19,2024-08-02
GLATT FAMILY EXPRESS,Brooklyn,Jewish/Kosher,B,22,2025-09-03
GLATT FAMILY EXPRESS,Brooklyn,Jewish/Kosher,B,16,2023-01-26
GLATT FAMILY EXPRESS,Brooklyn,Jewish/Kosher,B,24,2024-12-16
GLAZE,Brooklyn,Japanese,C,43,2024-11-19
GLEN TERRACE,Brooklyn,American,A,10,2021-07-31
GLIN THAI BISTRO,Brooklyn,Thai,B,23,2026-03-25
GLORIA'S NEXT GENERATION,Brooklyn,Caribbean,A,2,2025-05-12
GMC TEMAXCAL DELI & GROCERY,Brooklyn,Mexican,C,37,2024-03-11
GOLDA,Brooklyn,Mediterranean,B,21,2025-01-07
GOLDEN BLUE BAR & RESTAURANT,Brooklyn,Caribbean,A,13,2024-02-23
GOLDEN BUN BAKERY,Brooklyn,Bakery Products/Desserts,B,26,2026-03-17
GOLDEN CHINA,Brooklyn,Chinese,B,27,2025-10-06
GOLDEN CITY SEAFOOD RESTAURANT,Brooklyn,Chinese,C,64,2025-09-12
GOLDEN KRUST CARIBBEAN BAKERY & GRILL,Brooklyn,Caribbean,A,13,2024-01-17
GOLDEN KRUST CARIBBEAN BAKERY & GRILL,Brooklyn,Caribbean,A,5,2025-05-15
GOLDEN KRUST CARIBBEAN BAKERY & GRILL,Brooklyn,Caribbean,A,12,2026-07-23
GOLDEN KRUST CARIBBEAN BAKERY & GRILL,Brooklyn,Caribbean,A,9,2026-03-17
GOLDEN KRUST CARIBBEAN BAKERY & GRILL,Brooklyn,Caribbean,A,11,2024-07-10
GOLDEN KRUST CARIBBEAN BAKERY & GRILL,Brooklyn,Caribbean,A,13,2024-08-22
GOLDEN KRUST CARIBBEAN BAKERY & GRILL,Brooklyn,Caribbean,B,20,2024-08-19
GOLDEN KRUST CARIBBEAN BAKERY & GRILL,Brooklyn,Caribbean,B,24,2024-04-26
GOLDEN KRUST CARIBBEAN BAKERY & GRILL,Brooklyn,Caribbean,C,62,2025-07-24
GOLDEN PALACE,Brooklyn,Chinese,A,13,2026-07-29
GOLDEN RING,Brooklyn,Jewish/Kosher,B,19,2025-01-22
GOLDEN SEAFOOD PALACE,Brooklyn,Chinese,B,22,2026-01-17
GOLDEN STEAMER ON 8,Brooklyn,Bakery Products/Desserts,A,13,2025-10-31
GOLDEN STEAMER ON 8,Brooklyn,Bakery Products/Desserts,B,19,2024-08-22
GOLDEN STEAMER ON 8,Brooklyn,Bakery Products/Desserts,B,17,2023-03-23
GOLDEN THAI,Brooklyn,Thai,A,13,2024-03-13
GOLDEN THAI,Brooklyn,Thai,A,12,2025-08-19
GOLDEN Z RESTAURANT,Brooklyn,Chinese,B,21,2025-06-12
GOLDEN Z RESTAURANT,Brooklyn,Chinese,B,27,2022-09-27
GONG CHA,Brooklyn,Coffee/Tea,A,12,2025-01-07
GONG CHA,Brooklyn,"Juice, Smoothies, Fruit Salads",A,7,2023-03-20
GONG CHA,Brooklyn,Coffee/Tea,A,4,2024-04-24
GONG CHA,Brooklyn,"Juice, Smoothies, Fruit Salads",A,3,2023-02-28
GOOD BAR,Brooklyn,American,C,59,2024-03-07
GOOD CHINESE RESTAURANT,Brooklyn,Chinese,B,27,2024-11-27
GOOD CHINESE RESTAURANT,Brooklyn,Chinese,C,33,2026-07-02
GOOD FRIENDS 1,Brooklyn,Chinese,A,5,2025-10-14
GOOD FRIENDS RESTAURANT,Brooklyn,Chinese,C,2,2025-07-21
GOOD HOPE,Brooklyn,Caribbean,B,18,2026-05-12
GOOD JOY,Brooklyn,Chinese,A,10,2024-10-07
GOOD JOY,Brooklyn,Chinese,A,9,2026-01-28
GOOD OL DAYS DINER,Brooklyn,American,B,23,2025-04-04
GOOD TASTE RESTAURANT,Brooklyn,Chinese,A,5,2024-09-30
GOOD THANKS,Brooklyn,American,B,20,2025-12-03
GOOD THANKS,Brooklyn,American,C,32,2024-12-26
GOOD VIEW BAKERY,Brooklyn,Chinese,A,10,2023-02-13
GOOD VIEW DELICIOUS BAKERY,Brooklyn,Bakery Products/Desserts,A,11,2025-06-05
GOODYZ JUICE BAR,Brooklyn,"Juice, Smoothies, Fruit Salads",B,16,2023-05-10
GORDOS CANTINA,Brooklyn,Mexican,C,31,2024-04-16
GOSHT RESTAURANT,Brooklyn,Steakhouse,A,8,2026-05-04
GOURMET GARDEN 8,Brooklyn,Chinese,A,13,2025-10-17
GOURMET GARDEN 8,Brooklyn,Chinese,A,11,2024-05-23
GOURMET GARDEN 8,Brooklyn,Chinese,B,22,2022-11-21
GOURMET GRILL,Brooklyn,American,A,12,2022-10-11
GOURMET SWEETS,Brooklyn,Pakistani,C,30,2023-09-19
GRAN TORINO CAFE,Brooklyn,Italian,A,6,2022-09-28
GRAND CANYON BISTRO,Brooklyn,American,A,10,2026-01-30
GRAND CANYON BISTRO,Brooklyn,American,C,5,2025-09-08
GRAND CANYON DINER,Brooklyn,American,C,5,2023-10-27
GRAND SEAPORT BUFFET,Brooklyn,Chinese,B,23,2024-07-16
GRASS ROOTS JUICERY,Brooklyn,"Juice, Smoothies, Fruit Salads",C,45,2024-11-29
GRAVESEND PIZZA,Brooklyn,Pizza,A,12,2024-07-22
GREAT DRAGON,Brooklyn,Chinese,B,25,2025-03-25
GREAT TASTE DUMPLING,Brooklyn,Chinese,A,5,2024-11-25
GREAT WALL CHINESE RESTAURANT,Brooklyn,Chinese,B,18,2025-08-20
GREEN CHILLI,Brooklyn,Indian,C,30,2026-04-06
GREEN PAVILION,Brooklyn,American,B,19,2022-12-07
GREEN STREETS SALADS,Brooklyn,Salads,A,13,2025-11-10
GREENBERG'S BAGELS,Brooklyn,Bagels/Pretzels,B,19,2023-12-28
GREENPOINT ORIGINAL PIZZA,Brooklyn,Pizza,B,26,2026-04-06
GREENPOINT ORIGINAL PIZZA,Brooklyn,Pizza,C,47,2025-10-01
GRILL ZILLA,Brooklyn,Chicken,A,5,2025-07-22
GRIMALDI'S PIZZERIA,Brooklyn,Pizza,C,48,2023-06-01
GROTTA AZZURRA PIZZERIA,Brooklyn,Pizza,A,11,2024-08-26
GROTTA AZZURRA PIZZERIA,Brooklyn,Pizza,A,9,2025-12-23
GT PARADISE CARIBBEAN CUISINE,Brooklyn,Caribbean,A,12,2026-02-11
GT PARADISE CARIBBEAN CUISINE,Brooklyn,Caribbean,B,19,2024-10-28
GUAC TIME,Brooklyn,Tex-Mex,B,25,2026-07-20
GUACADO,Brooklyn,Mexican,B,26,2026-07-21
GUACADO,Brooklyn,Mexican,C,34,2026-06-17
GUACTIME,Brooklyn,Mexican,B,19,2025-08-21
GUACTIME,Brooklyn,Mexican,C,50,2024-08-29
GUACUCO,Brooklyn,Latin American,A,12,2025-11-05
GUALACENA DOS II,Brooklyn,Other,A,13,2026-06-17
GUISA'O,Brooklyn,Latin American,C,49,2024-11-20
GULCHATAY,Brooklyn,Eastern European,A,13,2026-04-23
GULCHATAY,Brooklyn,Eastern European,A,10,2024-01-22
GUS' AMERICAN GRILL,Brooklyn,American,B,19,2022-09-28
GUS' AMERICAN GRILL,Brooklyn,American,C,31,2025-07-03
GUS'S PIZZERIA,Brooklyn,Pizza,B,24,2026-07-11
GWONGFU BEEF MIX,Brooklyn,Chinese,B,27,2026-04-23
GYRO CAFE,Brooklyn,Pakistani,B,27,2025-01-27
GYRO CAFE,Brooklyn,Pakistani,B,18,2023-11-16
GYRO CAFE,Brooklyn,Pakistani,C,62,2026-08-03
H & H RESERVE,Brooklyn,Hotdogs,A,10,2024-09-30
H BOND COFFEE,Brooklyn,Coffee/Tea,A,12,2026-09-10
HAAB,Brooklyn,Mexican,A,9,2024-08-22
HAAGEN DAAZ,Brooklyn,Frozen Desserts,C,66,2024-05-15
HAAGEN DAZS,Brooklyn,Frozen Desserts,C,36,2023-02-28
HAAGEN-DAZS,Brooklyn,Frozen Desserts,A,10,2026-08-15
HAAM,Brooklyn,Caribbean,B,27,2025-10-08
HADJA MARLEY,Brooklyn,African,B,27,2024-11-12
HADRAMOUT,Brooklyn,Middle Eastern,C,48,2023-09-21
HADRAMOUT,Brooklyn,Middle Eastern,C,5,2024-09-24
HAFIYA,Brooklyn,African,A,13,2022-08-08
HAFIYA,Brooklyn,African,B,22,2024-01-04
HAJVERI RESTAURANT,Brooklyn,American,A,13,2024-08-12
HALAL BRO'S GRILL,Brooklyn,Mediterranean,A,11,2025-05-21
HALAL BROS GRILL,Brooklyn,Middle Eastern,A,8,2025-01-02
HALAL BROS GRILL,Brooklyn,Middle Eastern,A,10,2025-07-21
HALAL MUNCHIES,Brooklyn,Other,A,11,2026-05-04
HALAL MUNCHIES,Brooklyn,Middle Eastern,A,9,2025-08-04
HALAL MUNCHIES,Brooklyn,Middle Eastern,C,2,2025-09-02
HALAL RESTAURANT,Brooklyn,African,B,24,2024-11-18
HALAL XPRESS,Brooklyn,Chinese,A,13,2024-03-06
HALAL XPRESS,Brooklyn,Chinese,A,7,2023-09-28
HALAL XPRESS,Brooklyn,Chinese,B,26,2025-01-27
HALYARDS,Brooklyn,American,A,5,2022-12-15
HAMPTON INN BROOKLYN,Brooklyn,American,A,13,2025-03-27
HANCO'S,Brooklyn,Southeast Asian,B,16,2024-04-10
HANCO'S,Brooklyn,Southeast Asian,C,2,2025-11-25
HANSON DRY,Brooklyn,American,B,18,2022-11-19
HAPPY FRESH TORTILLA GRILL,Brooklyn,Tex-Mex,A,10,2026-03-19
HAPPY FRESH TORTILLA GRILL,Brooklyn,Tex-Mex,B,25,2024-10-22
HAPPY FUN HIDEAWAY,Brooklyn,American,B,24,2024-03-13
HAPPY GARDEN,Brooklyn,Chinese,A,12,2024-12-16
HAPPY GARDEN,Brooklyn,Chinese,B,15,2024-04-29
HAPPY GARDEN,Brooklyn,Chinese,B,15,2024-03-06
HAPPY GARDEN,Brooklyn,Chinese,B,26,2026-04-29
HAPPY HOUSE,Brooklyn,Chinese,A,13,2026-07-17
HAPPY WOK,Brooklyn,Chinese,A,7,2026-06-25
HARBOR BAY SEAFOOD RESTAURANT,Brooklyn,Chinese,A,13,2024-07-17
HARBOR FITNESS,Brooklyn,"Juice, Smoothies, Fruit Salads",A,12,2024-04-19
HARBOR FITNESS,Brooklyn,"Juice, Smoothies, Fruit Salads",A,10,2024-11-01
HARBOR FITNESS,Brooklyn,"Juice, Smoothies, Fruit Salads",A,13,2026-08-17
HARBOR FITNESS,Brooklyn,"Juice, Smoothies, Fruit Salads",A,10,2023-05-23
HARBOR FITNESS,Brooklyn,"Juice, Smoothies, Fruit Salads",B,21,2022-11-17
HARBOR FITNESS GO!,Brooklyn,"Juice, Smoothies, Fruit Salads",A,0,2026-07-21
HARDEE,Brooklyn,Chinese,A,12,2025-01-08
HAREFIELD ROAD,Brooklyn,American,B,18,2025-05-07
HARRIET'S LOUNGE / HARRIET'S ROOFTOP,Brooklyn,Asian/Asian Fusion,A,4,2024-10-09
HAVE & MEYER,Brooklyn,Italian,A,12,2024-10-20
HAWA SMOOTHIE & BUBBLE TEA,Brooklyn,"Juice, Smoothies, Fruit Salads",A,10,2024-08-28
HAWA SMOOTHIE & BUBBLE TEA,Brooklyn,"Juice, Smoothies, Fruit Salads",A,10,2026-02-26
HAWA SMOOTHIE & BUBBLE TEA,Brooklyn,"Juice, Smoothies, Fruit Salads",C,34,2025-12-04
HAYAT CATERERS,Brooklyn,Mediterranean,A,7,2024-10-15
HAZAR TURKISH KEBAB,Brooklyn,Turkish,B,27,2025-06-11
HEADREST COFFEE,Brooklyn,Coffee/Tea,A,13,2022-12-08
HEIGHTS FALAFEL,Brooklyn,Middle Eastern,A,13,2025-09-30
HEIGHTS FALAFEL,Brooklyn,Middle Eastern,B,16,2022-11-21
HELLO SWEET SPOT,Brooklyn,"Juice, Smoothies, Fruit Salads",A,5,2026-01-20
HEMO,Brooklyn,Mediterranean,B,25,2024-09-25
HEMO'S SPOT JUICE BAR & CAFE,Brooklyn,"Juice, Smoothies, Fruit Salads",B,23,2024-03-12
HENG CHENG,Brooklyn,Chinese,A,9,2022-11-14
HENRY PUBLIC,Brooklyn,American,B,17,2023-10-18
HENRY STREET ALE HOUSE,Brooklyn,American,B,26,2024-01-18
HENRY'S,Brooklyn,Southeast Asian,B,18,2022-09-08
HENRY'S END,Brooklyn,American,A,9,2026-03-30
HENRY'S LOCAL,Brooklyn,Coffee/Tea,B,23,2026-07-08
HEY RICH ROASTED,Brooklyn,Chinese,B,18,2024-12-05
HEYTEA,Brooklyn,Coffee/Tea,B,19,2024-02-29
HIBISCUS BREW,Brooklyn,Coffee/Tea,B,22,2024-10-31
HIDDEN GROUNDS,Brooklyn,Coffee/Tea,B,24,2023-03-09
HIDE & SEEK,Brooklyn,American,B,16,2025-01-31
HIDE & SEEK,Brooklyn,American,B,18,2026-06-29
HIGH DIVE,Brooklyn,American,A,13,2025-07-17
HIGH GRADE COFFEE,Brooklyn,Coffee/Tea,B,20,2022-09-09
HIGH GRADE COFFEE,Brooklyn,Coffee/Tea,C,28,2024-02-15
HIGH LUA VIETNAMESE KITCHEN,Brooklyn,Southeast Asian,B,27,2025-08-11
HIGHLY GROUNDED CAFE,Brooklyn,Coffee/Tea,A,10,2026-09-15
HIGHWAY BAGELS,Brooklyn,Bagels/Pretzels,A,11,2025-11-03
HL SPRING GARDEN,Brooklyn,Chinese,A,13,2025-09-11
HL SPRING GARDEN,Brooklyn,Chinese,B,20,2024-08-28
HOLA LA PHO,Brooklyn,Southeast Asian,A,11,2026-08-25
HOLE IN THE WALL,Brooklyn,New American,A,13,2025-09-11
HOLIC THAI BISTRO,Brooklyn,Thai,A,12,2026-08-05
HOLIDAY INN EXPRESS,Brooklyn,American,A,7,2025-02-24
HOLY PITA,Brooklyn,Middle Eastern,A,13,2025-07-14
HOLY SHNITZEL,Brooklyn,Jewish/Kosher,C,35,2025-04-03
HOM,Brooklyn,American,A,10,2025-03-20
HOM CAFE & WINE,Brooklyn,Asian/Asian Fusion,C,59,2026-06-02
HOME FRITE,Brooklyn,American,C,30,2023-10-16
HOMETOWN BAR-B-QUE,Brooklyn,Barbecue,A,8,2026-08-25
HONEY BADGER,Brooklyn,New American,A,7,2018-10-05
HONEYBIRD COFFEE,Brooklyn,Coffee/Tea,A,13,2025-05-27
HONG BAO CAFE,Brooklyn,Bakery Products/Desserts,A,10,2024-06-06
HONG BAO CAFE,Brooklyn,Bakery Products/Desserts,A,13,2023-02-16
HONG CHEUNG RESTAURANT,Brooklyn,Chinese,A,13,2025-12-10
HOPS HILL,Brooklyn,American,A,13,2026-07-20
HOPS HILL,Brooklyn,Bottled Beverages,A,12,2024-10-28
HOT BAGELS,Brooklyn,Sandwiches/Salads/Mixed Buffet,A,10,2024-06-06
HOT BAGELS,Brooklyn,Spanish,A,11,2026-06-26
HOT POT 828,Brooklyn,Chinese,B,27,2026-04-23
HOTEL DELMANO,Brooklyn,American,B,16,2023-12-20
HOUSE LEFT CONCESSION,Brooklyn,American,A,7,2019-06-07
HOUSE OF PIZZA & CALZONES,Brooklyn,Pizza,A,7,2023-04-12
HUA LONG,Brooklyn,Chinese,B,25,2024-03-07
HUA YI JIA,Brooklyn,Chinese,A,12,2025-10-06
HUNAN DELIGHT,Brooklyn,Chinese,B,20,2025-02-05
HUNGARIAN KOSHER,Brooklyn,Jewish/Kosher,A,0,2022-09-21
HUNGARIAN KOSHER,Brooklyn,Jewish/Kosher,B,18,2025-08-05
HUNGRY GHOST,Brooklyn,Coffee/Tea,A,11,2025-06-05
HUNGRY GHOST,Brooklyn,Coffee/Tea,A,3,2023-11-01
HUNGRY GHOST COFFEE,Brooklyn,Coffee/Tea,A,2,2025-10-08
HUNGRY GHOST COFFEE,Brooklyn,Coffee/Tea,C,48,2024-06-04
HUNTER'S SPICE GRILL,Brooklyn,Caribbean,B,21,2023-11-17
HUNTER'S STEAK & ALE HOUSE,Brooklyn,Steakhouse,B,21,2023-03-28
I BAKERY 18,Brooklyn,Bakery Products/Desserts,A,12,2024-10-16
I BAKERY 18,Brooklyn,Bakery Products/Desserts,B,25,2026-05-01
I LOVE GUACAMOLE,Brooklyn,Mexican,C,2,2025-08-07
I X CAFE,Brooklyn,Mexican,B,27,2025-08-20
IC BROOKLYN CAFE,Brooklyn,Coffee/Tea,A,7,2023-12-01
ICHI SUSHI I,Brooklyn,Japanese,A,10,2026-06-23
ICHIRAN NY,Brooklyn,Japanese,A,10,2024-11-07
IFFYS HOT CHICKEN & WINGS,Brooklyn,Indian,A,13,2024-08-05
IGAM,Brooklyn,Coffee/Tea,B,24,2025-08-22
IGAM,Brooklyn,Coffee/Tea,B,21,2023-10-20
IGNAZIO'S,Brooklyn,Pizza,A,10,2023-05-08
IHOP,Brooklyn,Pancakes/Waffles,A,13,2023-10-06
IHOP,Brooklyn,Pancakes/Waffles,B,23,2025-02-07
IKEA,Brooklyn,Scandinavian,B,27,2026-08-26
IMMACULEE BAKERY,Brooklyn,Bakery Products/Desserts,C,46,2023-10-11
IMMACULEE II,Brooklyn,Creole,B,25,2025-07-14
INAKA ASIAN FUSION,Brooklyn,Japanese,C,67,2024-10-08
INCA CHICKEN,Brooklyn,Chicken,A,7,2026-05-14
INDIAN CURRY HEIGHTS,Brooklyn,Indian,C,30,2024-05-09
INDIAN TABLE,Brooklyn,Indian,B,22,2023-04-18
INDIAN TABLE,Brooklyn,Indian,C,40,2025-10-25
INES BAKERY,Brooklyn,Bakery Products/Desserts,A,13,2025-10-31
INES BAKERY,Brooklyn,Bakery Products/Desserts,B,14,2023-05-24
INITIAL TEA,Brooklyn,"Juice, Smoothies, Fruit Salads",A,13,2026-06-18
INITIAL TEA,Brooklyn,"Juice, Smoothies, Fruit Salads",B,23,2025-07-21
INSOMNIA COOKIES,Brooklyn,Bakery Products/Desserts,A,3,2026-02-27
INSOMNIA COOKIES,Brooklyn,Bakery Products/Desserts,B,21,2026-06-02
IONA,Brooklyn,American,B,27,2025-05-29
IRESTAURANT,Brooklyn,Chinese/Japanese,B,27,2024-12-20
IRON CHEF HOUSE,Brooklyn,Japanese,B,15,2025-03-14
ISABELA'S,Brooklyn,Mexican,A,8,2025-08-08
ISHI,Brooklyn,Seafood,A,7,2023-11-24
ISHI,Brooklyn,Seafood,A,7,2025-11-06
ISLAND EXPRESS,Brooklyn,Caribbean,A,11,2025-11-26
ISLAND FLAVOR JERK CUISINE,Brooklyn,Caribbean,A,13,2024-03-25
ISLAND FLAVOR JERK CUISINE,Brooklyn,Caribbean,A,5,2026-04-09
ISLAND FLAVOR JERK CUISINE,Brooklyn,Caribbean,A,7,2025-04-01
ISLAND GRILL,Brooklyn,Caribbean,A,13,2024-07-11
ISLAND SEA LOUNGE,Brooklyn,Caribbean,A,13,2025-11-21
ISLAND SEA LOUNGE,Brooklyn,Caribbean,B,25,2024-02-07
ISTANBUL BAY,Brooklyn,Turkish,A,13,2025-11-12
ITAL FUSION,Brooklyn,Vegetarian,A,13,2018-01-09
ITAL FUSION,Brooklyn,Vegetarian,B,20,2016-09-08
ITAL FUSION,Brooklyn,Vegetarian,C,34,2019-02-11
ITAL FUSION,Brooklyn,Vegetarian,C,44,2019-08-20
ITAL FUSION,Brooklyn,Vegetarian,C,29,2017-08-14
IV Purpose,Brooklyn,American,A,13,2023-04-27
IVY COFFEE,Brooklyn,American,C,35,2025-08-22
IVY STARK,Brooklyn,Mexican,A,13,2026-07-29
IXV COFFEE,Brooklyn,Coffee/Tea,C,38,2024-10-08
IZAKAYA AJIMI,Brooklyn,Japanese,A,9,2024-10-30
IZAKAYA SUSHI & LOUNGE,Brooklyn,Japanese,A,12,2023-12-28
IZZY'S BBQ SMOKEHOUSE,Brooklyn,Barbecue,A,10,2026-03-10
J & J PIZZA,Brooklyn,Pizza,C,30,2025-07-17
J PETAL,Brooklyn,Frozen Desserts,C,36,2025-02-11
J&V FAMOUS PIZZA,Brooklyn,Pizza,A,12,2022-08-30
J&V FAMOUS PIZZA,Brooklyn,Pizza,B,26,2024-08-27
J-M PIZZA II,Brooklyn,Pizza,B,22,2025-11-03
J-M PIZZA II,Brooklyn,Pizza,B,20,2023-09-18
J.R. PIZZERIA,Brooklyn,Pizza,A,9,2025-05-07
J.R. PIZZERIA,Brooklyn,Pizza,A,7,2023-03-14
JACK'S WIFE FREDA,Brooklyn,Mediterranean,A,12,2024-12-11
JACOB'S PICKLES,Brooklyn,American,A,12,2025-07-22
JADE BAKERY,Brooklyn,Chinese,B,17,2023-08-09
JAI DEE,Brooklyn,Thai,A,7,2022-01-20
JAI DEE,Brooklyn,Thai,B,26,2023-08-08
JALOPY TAVERN,Brooklyn,American,A,10,2024-01-19
JALSA,Brooklyn,Indian,B,27,2025-01-06
JAM'IT BISTRO,Brooklyn,Caribbean,B,24,2024-11-20
JAM.DOWN CARIBBEAN RESTAURANT,Brooklyn,Caribbean,B,18,2023-01-26
JAM.DOWN CARIBBEAN RESTAURANT,Brooklyn,Caribbean,C,37,2025-02-11
JAM1 RESTAURANT,Brooklyn,Caribbean,A,13,2025-10-30
JAM1 RESTAURANT,Brooklyn,Caribbean,B,23,2024-08-12
JAMAICAN FLAVORS,Brooklyn,Caribbean,A,12,2026-06-29
JAMAICAN FLAVORS,Brooklyn,Caribbean,A,9,2024-07-11
JAMAICAN FLAVORS,Brooklyn,Other,A,12,2025-09-12
JAMAICAN JERK HOUSE #1,Brooklyn,Caribbean,B,19,2024-11-22
JAMROCK JERK,Brooklyn,Caribbean,A,2,2025-03-31
JAUJA MEXICAN KITCHEN,Brooklyn,Mexican,A,9,2023-10-10
JAUJA MEXICAN KITCHEN,Brooklyn,Mexican,A,4,2025-09-20
JAVA,Brooklyn,Indonesian,A,13,2024-11-01
JAY ST FRESH 99 CENTS PIZZA,Brooklyn,Pizza,A,8,2022-07-06
JAY'S QUICK BITES,Brooklyn,Indian,B,18,2025-02-19
JAYSE CATERING,Brooklyn,American,B,25,2025-08-29
JE T'AIME PATISSERIE,Brooklyn,Bakery Products/Desserts,A,10,2023-08-04
JE T'AIME PATISSERIE,Brooklyn,Bakery Products/Desserts,A,12,2025-01-31
JEHOVA JIREH DELI GROCERY,Brooklyn,Latin American,B,24,2026-02-20
JEN'S ROTI SHOP AND BAKERY,Brooklyn,Caribbean,A,11,2025-04-30
JEN'S ROTI SHOP AND BAKERY,Brooklyn,Caribbean,C,30,2025-02-13
JERSEY MIKE'S 34069,Brooklyn,Sandwiches,A,8,2024-12-31
JERSEY MIKE'S SUBS,Brooklyn,Sandwiches/Salads/Mixed Buffet,A,13,2026-06-11
JEY DINER,Brooklyn,American,A,9,2023-11-21
JIKU,Brooklyn,Korean,B,26,2023-10-20
JILLICIOUS FOODS & EVENTS LLC,Brooklyn,American,A,13,2024-05-22
JIMMY JOHN'S,Brooklyn,Sandwiches,A,12,2026-01-20
JIMMY'S MEXICAN RESTAURANT,Brooklyn,Mexican,A,13,2025-10-23
JIMMY'S PLACE,Brooklyn,American,A,6,2026-01-14
JIMMY'S PLACE,Brooklyn,American,B,18,2024-08-23
JIN FENG YUAN,Brooklyn,Chinese,B,18,2025-08-18
JIN FENG YUAN,Brooklyn,Chinese,B,18,2024-08-15
JIN JIN HONG KONG CAFE,Brooklyn,Chinese/Japanese,C,38,2024-12-26
JIN YUAN RESTAURANT,Brooklyn,Chinese,B,22,2025-05-08
JING JIANG SEAFOOD RESTAURANT,Brooklyn,Chinese,B,22,2024-12-09
JING WEI HOTPOT,Brooklyn,Chinese,A,13,2025-10-02
JINTANA THAI FARM HOUSE,Brooklyn,Thai,B,26,2025-02-13
JINTANA THAI FARM HOUSE,Brooklyn,Thai,C,55,2023-11-29
JJ'S COFFEE SHOP AND RESTAURANT FRITAILLE,Brooklyn,Caribbean,A,12,2023-10-26
JJM CAFE,Brooklyn,Bakery Products/Desserts,A,2,2024-07-05
JK & SONS COFFEE SHOP,Brooklyn,American,B,27,2023-06-20
JOE & SAL'S PIZZERIA,Brooklyn,Pizza,A,9,2026-08-18
JOE BAKERY INC,Brooklyn,Chinese,A,10,2025-01-14
JOE COFFEE COMPANY,Brooklyn,Coffee/Tea,A,11,2025-08-22
JOE COFFEE COMPANY,Brooklyn,Coffee/Tea,C,4,2023-09-14
JOE'S OF AVE U,Brooklyn,Italian,B,19,2025-07-02
JOE'S PIZZA,Brooklyn,Pizza,A,10,2026-06-08
JOE'S PIZZA,Brooklyn,Pizza,B,23,2024-04-10
JOE'S PIZZERIA,Brooklyn,Pizza,B,25,2024-05-16
JOE'S STEAM RICE ROLL,Brooklyn,Chinese,B,21,2026-06-15
JOHN'S DELI,Brooklyn,American,A,11,2024-03-04
JOHN'S DELI,Brooklyn,American,A,5,2025-08-19
JOHN'S DELI,Brooklyn,Italian,B,25,2025-11-05
JOHN'S DELI,Brooklyn,Italian,C,55,2024-11-22
JOHNNY'S,Brooklyn,Peruvian,A,12,2025-12-23
JOLENE SOUND ROOM,Brooklyn,American,C,35,2024-09-21
JOLOFF,Brooklyn,African,A,2,2025-01-08
JOOY TEA SHOPPE,Brooklyn,Coffee/Tea,A,13,2025-10-30
JOOY TEA SHOPPE,Brooklyn,Coffee/Tea,C,32,2025-07-15
JOOY TEA SHOPPE,Brooklyn,Coffee/Tea,C,30,2023-02-23
JOSEPH DREAM BURGER,Brooklyn,Jewish/Kosher,C,29,2024-02-12
JOY KITCHEN,Brooklyn,Chinese,B,18,2024-02-26
JOYA THAI BROOKLYN,Brooklyn,Thai,A,11,2025-12-21
JPAN SUSHI RESTAURANT,Brooklyn,Japanese,A,9,2024-10-10
JUICE GENERATION,Brooklyn,"Juice, Smoothies, Fruit Salads",A,13,2025-07-02
JUICY KING CRAB EXPRESS,Brooklyn,Seafood,A,12,2024-11-12
JUICY KING CRAB EXPRESS,Brooklyn,Other,A,13,2026-06-08
JUICY KING CRAB EXPRESS,Brooklyn,Seafood,C,42,2025-07-14
JUICY MAMA,Brooklyn,"Juice, Smoothies, Fruit Salads",B,24,2024-08-21
JULIANA'S PIZZA,Brooklyn,Pizza,A,13,2022-03-30
JUNIOR'S,Brooklyn,American,A,11,2024-12-10
JUPIOCA,Brooklyn,"Juice, Smoothies, Fruit Salads",A,10,2025-06-05
JUPIOCA,Brooklyn,"Juice, Smoothies, Fruit Salads",B,17,2024-03-26
JUS CHILL BAR & GRILL,Brooklyn,Caribbean,B,21,2024-03-14
JUS FISHY,Brooklyn,Caribbean,A,12,2025-11-26
JUS FISHY & BEYOND,Brooklyn,Caribbean,C,30,2024-11-15
JUS FISHY & BEYOND,Brooklyn,Caribbean,C,65,2025-09-15
JUST CHICK'N,Brooklyn,Chicken,C,34,2024-12-06
JUST SALAD,Brooklyn,Salads,A,7,2026-04-22
KAEW JAO JORM,Brooklyn,Thai,B,19,2024-11-25
KAFF KAFE,Brooklyn,Jewish/Kosher,C,28,2023-01-24
KAHACHAPURI FACTORY,Brooklyn,Eastern European,B,19,2024-04-26
KAI FENG FU DUMPLING HOUSE,Brooklyn,Chinese,A,12,2024-08-19
KAI FENG FU DUMPLING HOUSE,Brooklyn,Chinese,C,37,2023-04-04
KAIFF,Brooklyn,American,B,23,2026-04-10
KAIFF,Brooklyn,American,B,27,2025-09-15
KAIFF,Brooklyn,American,C,42,2024-08-22
KAM SING ONE,Brooklyn,Chinese,A,12,2023-11-13
KAM SING ONE,Brooklyn,Chinese,A,11,2022-08-15
KANAN,Brooklyn,Indian,A,13,2024-04-22
KANSAS CHICKEN & BURGER,Brooklyn,Chicken,A,10,2025-12-22
KARCZMA,Brooklyn,Polish,B,23,2023-01-10
KASHMIR HALAL GYRO,Brooklyn,Chicken,A,11,2024-06-28
KATANA SUSHI,Brooklyn,Seafood,A,13,2026-03-25
KATHY'S DUMPLINGS,Brooklyn,Chinese,A,11,2025-03-20
KATHY'S DUMPLINGS,Brooklyn,Chinese,B,22,2024-03-19
KATIE O SOUL,Brooklyn,Soul Food,A,12,2025-05-09
KATOU RESTAURANT,Brooklyn,Caribbean,B,23,2024-12-10
KAY KREYOL,Brooklyn,Creole,C,41,2026-06-22
KEG & LANTERN,Brooklyn,Irish,A,12,2023-12-21
KEG & LANTERN,Brooklyn,Irish,B,16,2026-03-26
KELLOGG'S DINER,Brooklyn,American,B,27,2023-09-22
KEMO'S HOT KITCHEN BITE,Brooklyn,Middle Eastern,A,12,2024-01-18
KEMO'S HOT KITCHEN BITE,Brooklyn,Middle Eastern,A,12,2025-07-18
KENNEDY CHICKEN,Brooklyn,Chicken,A,13,2024-03-13
KENNEDY CHICKEN,Brooklyn,Chicken,A,11,2026-08-11
KENNEDY FRIED CHICKEN,Brooklyn,Chicken,A,13,2026-05-18
KENNEDY FRIED CHICKEN,Brooklyn,American,A,13,2024-06-03
KENNEDY FRIED CHICKEN,Brooklyn,Chicken,A,13,2024-10-28
KENNEDY FRIED CHICKEN,Brooklyn,Chicken,A,7,2025-05-23
KENNEDY FRIED CHICKEN,Brooklyn,Chicken,A,10,2024-02-07
KENNEDY FRIED CHICKEN,Brooklyn,Chicken,B,24,2025-09-13
KENNEDY FRIED CHICKEN,Brooklyn,Chicken,C,41,2026-07-07
KENNEDY FRIED CHICKEN,Brooklyn,American,C,44,2023-02-27
KENNY'S ROASTERS,Brooklyn,Chinese,A,13,2026-08-14
KENTE CONES,Brooklyn,Frozen Desserts,A,7,2025-07-17
KESTANE KEBAB,Brooklyn,Mediterranean,B,21,2025-05-08
KETTL TEA,Brooklyn,Coffee/Tea,A,12,2025-01-09
KEYBAR BK,Brooklyn,American,A,11,2024-09-18
KFC,Brooklyn,Chicken,A,8,2024-01-23
KFC,Brooklyn,Chicken,A,13,2024-11-12
KFC,Brooklyn,Chicken,A,13,2026-07-15
KFC,Brooklyn,Chicken,B,19,2025-03-20
KFC,Brooklyn,Chicken,B,14,2024-10-03
KFC,Brooklyn,Chicken,C,32,2025-01-06
KFC / TACO BELL,Brooklyn,Chicken,A,13,2026-03-04
KICK AXE THROWING,Brooklyn,American,A,11,2024-04-25
KIJITORA,Brooklyn,Coffee/Tea,C,38,2025-07-03
KIKU,Brooklyn,Japanese,A,12,2023-11-29
KIKU ASIAN BISTRO,Brooklyn,Japanese,A,10,2025-10-22
KIKU SUSHI,Brooklyn,Japanese,B,17,2025-10-06
KIKU SUSHI,Brooklyn,Japanese,C,39,2022-12-07
KIKU SUSHI,Brooklyn,Japanese,C,0,2024-03-21
KILO BRAVO,Brooklyn,American,A,13,2024-06-04
KILO BRAVO,Brooklyn,American,B,27,2025-11-24
KIM FAI,Brooklyn,Chinese,B,21,2025-10-09
"KIMBAP LAB (INSIDE WHOLEFOODS, TO THE LEFT)",Brooklyn,Korean,C,71,2026-06-01
KIMCHI GRILL,Brooklyn,Korean,A,12,2025-01-09
KIMCHI GRILL,Brooklyn,Korean,B,27,2023-09-19
KING OF TANDOOR,Brooklyn,Indian,A,12,2024-12-16
KING OF THE SEA,Brooklyn,Seafood,B,17,2023-01-17
KING WOK,Brooklyn,Chinese,A,12,2023-05-31
KING'S KITCHEN,Brooklyn,Chinese,A,12,2024-08-30
KING'S PIZZA,Brooklyn,Pizza,B,25,2025-01-14
KING'S TERYAKI & SUSHI,Brooklyn,Japanese,B,26,2026-05-14
KING'S WOK,Brooklyn,Chinese,A,13,2025-07-15
KING'S WOK,Brooklyn,Chinese,A,13,2025-12-23
KING'S WOK,Brooklyn,Chinese,B,24,2026-01-13
KINGS CRAB KITCHEN,Brooklyn,Chinese,A,12,2025-03-20
KINGSBREW COFFEE COMPANY (KINGSBOURGH COMMUNITY COLLEGE),Brooklyn,Coffee/Tea,A,11,2026-03-05
KINGSTON BAKE SHOP,Brooklyn,Jewish/Kosher,A,11,2023-04-04
KINGSTON PIZZA,Brooklyn,Jewish/Kosher,A,10,2025-03-11
KINGSTON PIZZA,Brooklyn,Jewish/Kosher,C,0,2024-03-14
KITCHEN 86,Brooklyn,Chinese,C,28,2025-06-18
KITH TREATS,Brooklyn,Frozen Desserts,A,5,2023-08-17
KITH TREATS,Brooklyn,Frozen Desserts,A,10,2025-03-26
KITTEN CAFE 627,Brooklyn,Coffee/Tea,A,9,2023-11-29
KITTEN CAFE 627,Brooklyn,Coffee/Tea,B,19,2022-11-30
KLOM KLORM,Brooklyn,Thai,B,22,2025-07-10
KNAPP PIZZA III,Brooklyn,Pizza,A,10,2023-11-02
KNAPP ST PIZZA II,Brooklyn,Pizza,B,19,2025-10-21
KNAPP ST PIZZA II,Brooklyn,Pizza,C,40,2024-07-15
KNAPP STREET BAGEL CAFE,Brooklyn,American,C,7,2024-09-04
KOGANE RAMEN,Brooklyn,Japanese,B,24,2025-08-28
KOHARU,Brooklyn,Japanese,C,34,2026-07-15
KOHARU,Brooklyn,Japanese,C,35,2023-11-27
KOMA SUSHI,Brooklyn,Jewish/Kosher,A,12,2026-02-02
KOMOREBI FULL HOUSE RESTAURANT,Brooklyn,Japanese,B,25,2025-02-12
KOO KOO CHICKEN,Brooklyn,Asian/Asian Fusion,B,16,2024-11-25
KOONG WING RESTAURANT,Brooklyn,Chinese,A,5,2024-09-17
KORN'S BAKERY,Brooklyn,Jewish/Kosher,B,25,2025-04-21
KORN'S BAKERY,Brooklyn,Bakery Products/Desserts,B,16,2023-02-06
KORN'S BAKERY,Brooklyn,Jewish/Kosher,C,70,2023-07-11
KOS KAFFE,Brooklyn,Coffee/Tea,A,12,2024-09-13
KOSAN ASIAN FUSION,Brooklyn,Asian/Asian Fusion,A,12,2024-05-07
KOSHER BAGEL HOLE,Brooklyn,Jewish/Kosher,A,9,2026-01-09
KOSHER BAGEL HOLE,Brooklyn,Jewish/Kosher,A,9,2023-08-18
KOSHER HUT OF BROOKLYN,Brooklyn,Jewish/Kosher,B,26,2023-10-16
KOSHER HUT OF BROOKLYN,Brooklyn,Jewish/Kosher,B,27,2026-08-17
KOSHER PIZZA TIME,Brooklyn,Pizza,A,5,2026-03-24
KOSHER PIZZA TIME,Brooklyn,Pizza,A,12,2025-04-29
KOTO,Brooklyn,Japanese,A,8,2025-11-24
KOTO,Brooklyn,Japanese,A,13,2024-04-16
KOTTI BERLINER DONER KEBAB,Brooklyn,German,B,22,2024-09-11
KOWLOON CAFE,Brooklyn,Chinese,C,48,2024-05-13
KPOT KOREAN BBQ & HOT POT,Brooklyn,Korean,B,17,2024-08-07
KRAZY CHICKEN AND WINGS,Brooklyn,American,A,11,2023-04-19
KRAZY CHICKEN AND WINGS,Brooklyn,American,A,13,2025-02-04
KRAZY PIZZA AND WINGS,Brooklyn,Chicken,A,6,2025-12-29
KREYOL FLAVOR,Brooklyn,Creole/Cajun,A,12,2024-02-23
KREYOL FLAVOR,Brooklyn,Caribbean,A,13,2026-07-08
KREYOL FLAVOR,Brooklyn,Caribbean,C,31,2024-03-05
KRISPY PIZZA,Brooklyn,Pizza,A,12,2024-02-15
KUM KAU,Brooklyn,Chinese,A,11,2025-05-23
KUNG FU TEA,Brooklyn,Coffee/Tea,A,12,2025-10-15
KUNG FU TEA,Brooklyn,Coffee/Tea,A,8,2023-11-27
KUNG FU TEA,Brooklyn,Coffee/Tea,B,22,2024-04-23
KYO,Brooklyn,Asian/Asian Fusion,A,13,2025-12-30
KYOTO SUSHI,Brooklyn,Japanese,A,11,2025-05-28
KYURAMEN & TBAAR,Brooklyn,Japanese,A,12,2023-07-21
KYURAMEN & TBAAR,Brooklyn,Japanese,A,2,2025-07-07
KYURAMEN & TBAAR,Brooklyn,Japanese,B,18,2025-04-23
L AND Z BAKERY,Brooklyn,Bakery Products/Desserts,C,7,2024-11-04
L' ANTAGONISTE,Brooklyn,French,B,21,2024-09-20
L'ALGEROISE FRENCH PATISSERIE,Brooklyn,Bakery Products/Desserts,A,13,2023-06-22
L'ALGEROISE FRENCH PATISSERIE,Brooklyn,Bakery Products/Desserts,A,12,2024-05-09
L'ARTE DELLA PIZZA BROOKLYN,Brooklyn,Pizza,A,13,2022-11-18
L'IMPRIMERIE,Brooklyn,Bakery Products/Desserts,B,14,2025-05-06
L'INDUSTRIE PIZZERIA,Brooklyn,Pizza,A,12,2022-06-09
L'INDUSTRIE PIZZERIA,Brooklyn,Pizza,A,12,2024-03-26
L'WREN,Brooklyn,American,A,12,2023-03-07
L.S. FOREVER DELI,Brooklyn,Spanish,A,7,2026-03-17
LA BAGEL DELIGHT,Brooklyn,Sandwiches,A,7,2025-08-13
LA BAGEL DELIGHT,Brooklyn,Bagels/Pretzels,B,19,2023-12-11
LA BAGUETTE SHOP,Brooklyn,Bakery Products/Desserts,A,7,2024-09-30
LA BELLA PIZZERIA,Brooklyn,Pizza,A,7,2024-05-09
LA BICYCLETTE BAKERY,Brooklyn,French,A,5,2025-11-12
LA BICYCLETTE BAKERY,Brooklyn,French,A,5,2024-05-31
LA BICYCLETTE BAKERY,Brooklyn,French,B,21,2025-02-04
LA BONA PIZZA & PASTA,Brooklyn,Pizza,A,13,2024-08-01
LA BRASA PERUANA,Brooklyn,Peruvian,A,11,2025-07-17
LA BRUSCHETTA,Brooklyn,Pizza,A,2,2026-08-13
LA CABANA,Brooklyn,Latin American,A,13,2026-03-12
LA CABANA,Brooklyn,Mexican,B,25,2024-04-01
LA CABANA,Brooklyn,Latin American,B,21,2025-01-15
LA CABANA,Brooklyn,Latin American,C,69,2023-11-14
LA CABANA,Brooklyn,Mexican,C,34,2022-05-04
LA CARRETA,Brooklyn,Latin American,C,0,2026-02-17
LA CASA BELLA,Brooklyn,Pizza,A,13,2024-09-04
LA CHACRA,Brooklyn,Peruvian,A,13,2023-01-19
LA CHACRA,Brooklyn,Peruvian,B,17,2024-03-07
LA CHACRA,Brooklyn,Peruvian,C,44,2024-11-13
LA COCINA II,Brooklyn,Latin American,A,11,2024-03-18
LA COCINA II,Brooklyn,Latin American,A,7,2026-01-22
LA COCINITA MIA,Brooklyn,Latin American,C,34,2026-02-20
LA ESTRELLA DEL CASTILLO,Brooklyn,Latin American,A,11,2025-04-14
LA FAMILIA BAR & RESTAURANT,Brooklyn,Latin American,A,11,2025-02-24
LA FLOR DE IZUCAR CAFE,Brooklyn,Spanish,B,18,2025-01-02
LA FLOR DEL CANARIO RESTAURANT,Brooklyn,Latin American,B,19,2022-12-13
LA FLOR DEL CANARIO RESTAURANT,Brooklyn,Latin American,B,26,2025-06-20
LA FLOR DEL CANARIO RESTAURANT,Brooklyn,Latin American,B,23,2024-03-11
LA FLOR PIZZA,Brooklyn,Pizza,C,86,2025-06-05
LA FOGATA,Brooklyn,Mexican,A,9,2024-05-23
LA GRAN VIA BAKERY,Brooklyn,Bakery Products/Desserts,A,13,2023-10-11
LA GUALACENA,Brooklyn,Latin American,B,24,2026-03-06
LA GUALACENA,Brooklyn,Latin American,C,52,2025-08-06
LA GUALACENA,Brooklyn,Latin American,C,34,2023-10-18
LA HACIENDA PANADERIA,Brooklyn,Bakery Products/Desserts,C,53,2025-07-01
LA ISLA,Brooklyn,Latin American,B,18,2023-02-27
LA ISLA CUCHIFRITOS,Brooklyn,Spanish,B,20,2024-09-06
LA JUGUERIA,Brooklyn,Spanish,C,54,2024-09-30
LA LONCHERIA,Brooklyn,Mexican,B,21,2025-11-24
LA NAPA,Brooklyn,Spanish,B,18,2024-11-14
LA NORTENA TAQUERIA BAR NO.2,Brooklyn,Mexican,B,26,2024-12-11
LA PARADA II,Brooklyn,Latin American,A,12,2024-03-14
LA PERLA DEL ULUA,Brooklyn,Latin American,C,40,2025-07-30
LA SNACKERIA NYC,Brooklyn,Spanish,B,19,2025-08-13
LA TAQUERIA,Brooklyn,Mexican,A,13,2025-05-15
LA TERNURA,Brooklyn,Latin American,B,24,2017-10-24
LA TERNURA,Brooklyn,Latin American,C,58,2019-05-01
LA TIENDITA #2,Brooklyn,Mexican,A,13,2024-11-22
LA UNICA PANADERIA,Brooklyn,Spanish,B,25,2025-09-05
LA VILLA PIZZERIA,Brooklyn,Pizza,A,11,2024-06-26
LA VILLITA RESTAURANT,Brooklyn,Mexican,A,12,2024-04-02
LADYBIRD BAKERY,Brooklyn,Bakery Products/Desserts,A,11,2024-08-05
LAGHMAN EXPRESS,Brooklyn,Eastern European,B,21,2025-03-26
LAGO KACHE,Brooklyn,Creole,C,58,2025-10-09
LAI LAI GOURMET,Brooklyn,Chinese,A,13,2025-08-26
LAILAS,Brooklyn,Middle Eastern,A,12,2026-08-18
LAKAY BISTRO,Brooklyn,Creole/Cajun,B,27,2026-05-02
LAND TO SEA,Brooklyn,Coffee/Tea,A,13,2023-03-15
LANTERN,Brooklyn,Thai,A,12,2026-07-20
LAO JIU GUAN,Brooklyn,Chinese,B,27,2023-10-05
LARK CAFE,Brooklyn,Coffee/Tea,B,24,2024-08-02
LAS CARNITAS,Brooklyn,Mexican,A,9,2023-08-16
LAS CARNITAS,Brooklyn,Mexican,A,13,2025-09-04
LAS CONCHITAS BAKERY,Brooklyn,Mexican,A,13,2023-06-06
LAS MARGARITAS,Brooklyn,Mexican,B,19,2024-04-23
LAS MARGARITAS EXPRESS,Brooklyn,Mexican,A,13,2025-11-20
LAS MARGARITAS EXPRESS,Brooklyn,Mexican,A,12,2023-08-08
LAS MARGARITAS EXPRESS,Brooklyn,Mexican,C,42,2023-02-22
LAS MARGARITAS EXPRESS,Brooklyn,Mexican,C,2,2025-04-10
LAS MELECIAS,Brooklyn,Mexican,B,27,2025-02-05
LAS MELECIAS,Brooklyn,Mexican,C,29,2026-06-16
LAZY SUNDAES,Brooklyn,Coffee/Tea,A,12,2024-01-09
LAZY SUNDAES,Brooklyn,Coffee/Tea,A,11,2022-10-03
LE BAOBAB GOUYGI II RESTAURANT,Brooklyn,African,B,27,2024-11-18
LE CROCODILE,Brooklyn,French,A,5,2022-06-17
LE DOGGIE COOL,Brooklyn,Coffee/Tea,A,11,2023-05-23
LE FATIMA,Brooklyn,Spanish,A,13,2024-01-25
LE PADDOCK,Brooklyn,French,B,16,2026-03-17
LE PARIS DAKAR,Brooklyn,French,A,5,2025-10-31
LE PETIT CAFE,Brooklyn,American,A,13,2024-04-12
LE PISTOL BK,Brooklyn,American,B,24,2024-10-01
LE SAJJ RESTAURANT,Brooklyn,Middle Eastern,B,26,2025-04-24
LEAF,Brooklyn,Salads,A,12,2024-01-08
LEE CHINESE RESTAURANT,Brooklyn,Chinese,A,12,2024-10-02
LEE GOOD TASTE 88,Brooklyn,Chinese,B,17,2025-06-04
LEE'S TAVERN,Brooklyn,American,A,10,2025-09-29
LEGACY COFFEE,Brooklyn,Coffee/Tea,A,13,2026-02-06
LEGOUTER KITCHEN,Brooklyn,Caribbean,A,11,2023-08-22
LELLA ALIMENTARI,Brooklyn,Coffee/Tea,B,16,2026-03-20
LELLA ALIMENTARI,Brooklyn,Coffee/Tea,B,20,2024-11-15
LELLO'S PIZZA,Brooklyn,Pizza,B,24,2025-09-08
LEMONS & OLIVES,Brooklyn,American,A,11,2024-07-16
LENNY'S PIZZERIA,Brooklyn,Pizza,A,0,2022-02-03
LENNY'S PIZZERIA,Brooklyn,Pizza,A,9,2022-05-27
LENNYS PIZZERIA,Brooklyn,Pizza,A,13,2026-05-07
LENNYS PIZZERIA,Brooklyn,Pizza,C,48,2024-08-26
LEO'S PIZZA,Brooklyn,Pizza,B,24,2023-08-14
LEO'S PIZZA,Brooklyn,Pizza,C,35,2024-06-17
LEOS RESTAURANT,Brooklyn,Mexican,A,12,2025-08-06
LER LERS,Brooklyn,Thai,B,24,2026-04-15
LEROY'S,Brooklyn,American,B,18,2023-08-23
LERT ROS THAI FOOD,Brooklyn,Thai,A,9,2024-11-25
LESLIE'S KITCHEN,Brooklyn,Tex-Mex,A,5,2025-09-18
LEVANTINE,Brooklyn,Mediterranean,C,29,2025-08-20
LEVANTINE SHAWARMA,Brooklyn,Mediterranean,C,40,2023-12-12
LIBERTY PIZZA,Brooklyn,Pizza,B,21,2025-11-17
LIEBRE CAFE,Brooklyn,Coffee/Tea,A,11,2022-12-20
LIKE CAFE,Brooklyn,Chinese,C,6,2024-11-21
LIKKLE MORE JERK,Brooklyn,Caribbean,A,12,2024-07-08
LILY BLOOM BAKERY,Brooklyn,Bakery Products/Desserts,A,12,2025-09-24
LILY BLOOM BAKERY,Brooklyn,Bakery Products/Desserts,A,12,2022-10-18
LILY RESTAURANT,Brooklyn,Chinese,A,9,2022-05-13
LIMOSNEROS,Brooklyn,Mexican,A,7,2024-04-23
LIN'S GARDEN,Brooklyn,Chinese,B,24,2023-11-06
LIN'S GARDEN,Brooklyn,Chinese,B,18,2024-08-19
LINCOLN STATION,Brooklyn,American,A,12,2026-02-11
LINCOLN STATION,Brooklyn,American,A,6,2023-05-25
LINDA RESTAURANT,Brooklyn,Mexican,C,56,2024-03-20
LINDEN FRIED CHICKEN,Brooklyn,Chicken,A,8,2024-07-03
LINDENWOOD DINER,Brooklyn,American,A,11,2024-10-04
LING LING YOUNG,Brooklyn,Chinese,B,19,2024-04-26
LION'S MILK,Brooklyn,Turkish,A,7,2024-05-07
LITE BITES,Brooklyn,Sandwiches/Salads/Mixed Buffet,A,7,2025-07-02
LITTLE CAESARS,Brooklyn,Pizza,A,10,2024-06-13
LITTLE CUPCAKE BAKESHOP,Brooklyn,Bakery Products/Desserts,A,11,2025-04-15
LITTLE CUPCAKE BAKESHOP,Brooklyn,Bakery Products/Desserts,B,23,2024-04-30
LITTLE CUPCAKE BAKESHOP,Brooklyn,Bakery Products/Desserts,C,33,2025-02-03
LITTLE GEORGIA,Brooklyn,Bakery Products/Desserts,B,25,2023-03-30
LITTLE GRENJAI,Brooklyn,Thai,B,25,2024-09-11
LITTLE HONEY,Brooklyn,American,B,15,2024-09-04
LITTLE HOUSE RESTORAN,Brooklyn,Southeast Asian,A,8,2023-12-27
LITTLE ISTANBUL,Brooklyn,Turkish,A,9,2024-05-15
LITTLE ITALY PIZZERIA,Brooklyn,Pizza,B,26,2023-11-09
LITTLE JAMAICAN PRIDE,Brooklyn,Caribbean,B,23,2025-12-20
LITTLE MISS MUFFIN 'N' HER STUFFIN,Brooklyn,Caribbean,A,12,2026-09-15
LITTLE MISS MUFFIN 'N' HER STUFFIN,Brooklyn,Caribbean,A,11,2024-05-02
LITTLE PIZZA PARLOR,Brooklyn,Pizza,A,7,2026-05-08
LITTLE ROY COFFEE CO,Brooklyn,Coffee/Tea,A,12,2024-02-09
LITTLE ROY COFFEE CO,Brooklyn,Coffee/Tea,B,27,2025-04-29
LITTLE ROY COFFEE CO.,Brooklyn,Coffee/Tea,B,14,2023-11-27
LITTLE ROY COFFEE CO.,Brooklyn,Coffee/Tea,C,34,2025-07-18
LITTLE RUBY'S,Brooklyn,Australian,A,13,2025-04-28
LITTLE THANH DA,Brooklyn,Southeast Asian,A,10,2026-08-14
LIU'S SHANGHAI,Brooklyn,Chinese,A,13,2024-08-21
LIU'S SHANGHAI,Brooklyn,Chinese,C,30,2023-02-08
LIVING ROOM,Brooklyn,Middle Eastern,A,13,2024-06-06
LIVING ROOM SUSHI & STEAK HOUSE,Brooklyn,Steakhouse,C,31,2025-12-30
LIZ'S BOOK BAR,Brooklyn,American,A,13,2025-12-16
LOAFERS COCKTAIL BAR,Brooklyn,American,A,12,2026-03-25
LOBBY BAR,Brooklyn,Bottled Beverages,A,12,2023-10-18
LOBO BROOKLYN,Brooklyn,Mexican,A,10,2025-10-10
LOCK YARD,Brooklyn,American,B,19,2024-12-11
LOFI BAR,Brooklyn,American,A,10,2025-11-15
LOLA'S,Brooklyn,Mexican,A,11,2024-09-10
LONDON TANDOORI,Brooklyn,Indian,C,39,2024-08-26
LONG CHENG RESTAURANT,Brooklyn,Chinese,A,13,2024-10-24
LOPEZ FAMILY MARKET,Brooklyn,Spanish,A,2,2024-01-05
LOPEZ FAMILY MARKET,Brooklyn,Spanish,A,13,2025-06-17
LOQMA CAFE,Brooklyn,Turkish,A,12,2024-10-10
LORA SPORTS BAR,Brooklyn,American,B,15,2024-12-26
LORE,Brooklyn,Indian,B,20,2024-05-16
LOS CHOCOMILES,Brooklyn,Mexican,A,11,2021-08-20
LOS FLORENCIOS,Brooklyn,Bakery Products/Desserts,C,29,2024-11-15
LOS POBLANOS,Brooklyn,Mexican,B,27,2024-12-15
LOS PRIMOS,Brooklyn,Caribbean,B,26,2025-07-02
LOS PRIMOS,Brooklyn,Caribbean,C,40,2024-03-28
LOS PRIMOS DELICATESSEN,Brooklyn,Spanish,A,9,2024-10-25
LOS TACOS AL PASTOR,Brooklyn,Tex-Mex,C,10,2023-10-26
LOS TACOS MCONDO,Brooklyn,Mexican,B,23,2025-11-01
LOS TACOS MCONDO,Brooklyn,Mexican,C,41,2024-03-07
LOS TRES CHIFLADOS HOMEMADE MEXICAN RESTAURANT,Brooklyn,Mexican,B,14,2025-06-02
LOVE & DOUGH,Brooklyn,Italian,A,8,2025-07-10
LOVEBIRDS,Brooklyn,New American,A,11,2025-07-28
LOVED ONES COFFEE,Brooklyn,Coffee/Tea,A,7,2026-04-09
LOVEJOYS,Brooklyn,American,A,9,2026-06-12
LU PEKING HOUSE,Brooklyn,Chinese,A,9,2025-06-16
LUANNE'S,Brooklyn,Vegetarian,B,20,2025-10-17
LUANNE'S WILD GINGER,Brooklyn,Vegetarian,A,12,2025-07-08
LUANNE'S WILD GINGER,Brooklyn,Vegetarian,A,12,2023-08-21
LUCI'S CAFE,Brooklyn,Other,A,10,2026-05-05
LUCKY 11 BAKERY,Brooklyn,Bakery Products/Desserts,B,24,2024-04-15
LUCKY 13 SALOON,Brooklyn,American,A,12,2023-07-18
LUCKY 13 SALOON,Brooklyn,American,A,9,2024-11-07
LUCKY CHANCE,Brooklyn,Chinese,C,5,2024-12-21
LUCKY DOG,Brooklyn,American,A,5,2024-03-29
LUCKY HOUSE CHINESE KITCHEN,Brooklyn,Chinese,A,13,2024-01-04
LUCKY HOUSE CHINESE KITCHEN,Brooklyn,Chinese,B,27,2022-11-29
LUCKY LY,Brooklyn,Chinese,B,18,2025-02-24
LUCKY STAR,Brooklyn,Chinese,A,11,2026-04-23
LUCKY VEGE HOUSE,Brooklyn,Chinese,A,8,2023-07-26
LUCKY WING,Brooklyn,Chicken,B,25,2025-05-05
LUCKY WING,Brooklyn,Chicken,B,18,2024-02-26
LUCKY WING,Brooklyn,Chicken,B,26,2024-10-28
LUCKY ZHANG'S,Brooklyn,Chinese,B,22,2025-04-17
LUCKY'S,Brooklyn,Caribbean,C,29,2024-06-14
LUCKY'S COCKTAIL LOUNGE,Brooklyn,American,A,12,2024-07-24
LUCY'S VIETANAMESE,Brooklyn,Soups/Salads/Sandwiches,A,12,2026-01-21
LUCY'S VIETANAMESE,Brooklyn,Soups/Salads/Sandwiches,B,25,2024-11-14
LUCY'S VIETNAMESE,Brooklyn,Asian/Asian Fusion,A,2,2023-12-21
LUIGI'S PIZZERIA,Brooklyn,Pizza,A,4,2023-11-30
LUIGI'S PIZZERIA,Brooklyn,Pizza,A,12,2025-03-19
LUKE'S LOBSTER,Brooklyn,Seafood,A,6,2022-11-22
LUKE'S LOBSTER,Brooklyn,Seafood,A,4,2025-11-21
LULA MAE'S,Brooklyn,Asian/Asian Fusion,C,34,2024-09-18
LUNA PIZZERIA,Brooklyn,Pizza,B,14,2026-02-19
LUNATICO,Brooklyn,American,A,11,2024-09-26
M & H BAKERY,Brooklyn,Bakery Products/Desserts,B,24,2026-06-16
M & M DELI,Brooklyn,Latin American,C,7,2024-10-17
M&J NAVY YARD SUB SHOPPE,Brooklyn,Sandwiches,B,17,2024-08-28
MA BROOKLYN THAI-GER,Brooklyn,Thai,B,27,2025-09-23
MA-N-POP SOUL FOOD,Brooklyn,Soul Food,A,13,2026-06-03
MACOLETTA BRICK OVEN PIZZERIA,Brooklyn,Pizza,A,4,2024-01-11
MACOSA,Brooklyn,Italian,B,27,2024-11-22
MAI THAI KITCHEN,Brooklyn,Thai,A,5,2025-05-21
MAISON DE VIENNOISERIES,Brooklyn,Bakery Products/Desserts,C,2,2023-07-11
MAISON DE VIENNOISERIES,Brooklyn,Bakery Products/Desserts,C,35,2025-02-10
MAISON PREMIERE,Brooklyn,Seafood,B,18,2025-08-18
MAITE,Brooklyn,Spanish,A,11,2025-05-28
MALA PROJECT,Brooklyn,Chinese,A,13,2025-08-14
MALA PROJECT,Brooklyn,Chinese,A,13,2023-07-31
MALA TOWN,Brooklyn,Chinese,A,12,2023-02-28
MALLENCHE MEXICAN GRILL,Brooklyn,Mexican,A,12,2025-12-03
MALLY'S,Brooklyn,Mexican,C,55,2024-08-22
MALVA PIZZERIA,Brooklyn,Pizza,A,9,2023-11-06
MAMA PHO / SOJUICE,Brooklyn,Southeast Asian,A,13,2024-10-28
MAMA TACO,Brooklyn,Spanish,C,2,2023-10-11
MAMA TRIED,Brooklyn,American,A,5,2023-04-06
MAMAN,Brooklyn,Coffee/Tea,A,10,2024-10-29
MAMAN,Brooklyn,French,B,26,2024-08-29
MAMMA LEONE'S,Brooklyn,Italian,C,34,2025-07-08
MANDATO,Brooklyn,Mexican,B,18,2023-01-10
MANDEVILLE'S CUISINE,Brooklyn,Caribbean,A,12,2024-01-03
MANDEVILLE'S CUISINE,Brooklyn,Caribbean,B,16,2025-09-25
MANDY'S LASAGNA WITH A TWIST,Brooklyn,Italian,A,10,2024-03-20
MANGO MANGO,Brooklyn,Frozen Desserts,C,39,2024-03-13
MANGO MANIA,Brooklyn,Mexican,A,12,2025-01-29
MARANI CAFE,Brooklyn,Eastern European,B,27,2023-07-18
MARCO POLO RISTORANTE,Brooklyn,Italian,A,9,2025-06-27
MARCO POLO RISTORANTE,Brooklyn,Italian,A,13,2024-01-09
MARCO POLO RISTORANTE,Brooklyn,Italian,A,13,2022-10-26
MARCY & MYRTLE,Brooklyn,Coffee/Tea,A,2,2024-01-09
MARGEZ GRILL HOUSE,Brooklyn,Jewish/Kosher,C,40,2026-01-22
MARIA'S PIZZA,Brooklyn,Pizza,B,22,2024-08-28
MARIE DREAM BAKESHOP,Brooklyn,Bakery Products/Desserts,A,12,2026-01-13
MARINE PARK GOLF COURSE,Brooklyn,American,A,12,2023-10-10
MARINE PARK GOLF COURSE,Brooklyn,American,A,13,2025-09-17
MARIO'S DELI,Brooklyn,Sandwiches,A,7,2024-09-10
MARIO'S DELI,Brooklyn,Sandwiches,A,10,2025-10-01
MARIO'S PIZZA,Brooklyn,Pizza,A,13,2023-07-26
MARIO'S PIZZA,Brooklyn,Pizza,A,8,2025-01-06
MARIO'S PIZZA,Brooklyn,Pizza,B,22,2025-08-20
MARIO'S PIZZA,Brooklyn,Pizza,C,44,2024-08-29
MARKET BAR,Brooklyn,American,B,21,2024-12-12
MARSON CAFFE,Brooklyn,Mediterranean,B,27,2025-11-01
MARY'S COFFEE SHOP,Brooklyn,Spanish,A,12,2025-09-08
MASAKE,Brooklyn,Chinese/Japanese,B,23,2026-07-23
MASALA GRILL,Brooklyn,Indian,A,12,2025-12-03
MASALAWALA & SONS,Brooklyn,Indian,A,13,2024-03-22
MASALAWALA & SONS,Brooklyn,Indian,B,23,2025-09-04
MASTER'S PIZZERIA,Brooklyn,Pizza,B,27,2025-12-04
MASTI,Brooklyn,Indian,B,22,2024-03-13
MATCHAFUL,Brooklyn,Bakery Products/Desserts,A,11,2026-03-27
MAX'S DELI & COFFEE SHOP,Brooklyn,Sandwiches,C,0,2024-08-29
MAYA FUSION CAFE,Brooklyn,Mexican,A,5,2025-02-11
MAYA TAQUERIA,Brooklyn,Mexican,A,5,2025-10-21
MAYA TAQUERIA,Brooklyn,Mexican,A,7,2022-11-19
MAYAS SNACK BAR,Brooklyn,Frozen Desserts,B,27,2024-03-06
MAZZAT,Brooklyn,Middle Eastern,A,13,2025-05-07
MAZZAT,Brooklyn,Middle Eastern,A,11,2024-04-05
MAZZY'S HALAL SPOT,Brooklyn,Middle Eastern,A,10,2026-01-31
MBL & Q BURGER,Brooklyn,Chicken,C,37,2026-01-14
MCCARREN PARKHOUSE,Brooklyn,Sandwiches,B,27,2026-01-16
MCCARREN PARKHOUSE,Brooklyn,Sandwiches,C,83,2025-08-19
MCDONALD AVENUE DINER,Brooklyn,American,A,7,2026-03-05
MCDONALD'S,Brooklyn,Hamburgers,A,10,2024-01-23
MCDONALD'S,Brooklyn,Hamburgers,A,12,2023-01-30
MCDONALD'S,Brooklyn,Hamburgers,A,12,2023-08-09
MCDONALD'S,Brooklyn,Hamburgers,A,12,2024-08-05
MCDONALD'S,Brooklyn,Hamburgers,A,7,2026-06-08
MCDONALD'S,Brooklyn,Hamburgers,A,2,2025-02-12
MCDONALD'S,Brooklyn,Hamburgers,A,11,2024-01-08
MCDONALD'S,Brooklyn,Hamburgers,A,10,2023-09-25
MCDONALD'S,Brooklyn,Hamburgers,A,6,2023-11-03
MCDONALD'S,Brooklyn,Hamburgers,A,9,2026-06-17
MCDONALD'S,Brooklyn,Hamburgers,A,9,2024-04-03
MCDONALD'S,Brooklyn,Hamburgers,A,6,2025-11-03
MCDONALD'S,Brooklyn,Hamburgers,A,7,2024-09-17
MCDONALD'S,Brooklyn,Hamburgers,A,3,2024-09-12
MCDONALD'S,Brooklyn,Hamburgers,A,2,2025-12-16
MCDONALD'S,Brooklyn,Hamburgers,A,7,2025-08-11
MCDONALD'S,Brooklyn,Hamburgers,A,2,2025-08-11
MCDONALD'S,Brooklyn,Hamburgers,A,13,2025-02-28
MCDONALD'S,Brooklyn,American,B,22,2026-07-27
MCDONALD'S,Brooklyn,Hamburgers,C,0,2023-04-21
MCDONALDS,Brooklyn,American,A,7,2024-05-22
MCMAHON'S PUBLIC HOUSE,Brooklyn,Irish,B,23,2024-08-19
MCMAHON'S PUBLIC HOUSE,Brooklyn,Irish,C,35,2026-05-19
ME-DO DESSERTS,Brooklyn,Coffee/Tea,A,13,2024-06-28
MEDUSA,Brooklyn,Greek,A,11,2026-05-22
MEDUSA,Brooklyn,Greek,A,9,2024-09-25
MEGUMI,Brooklyn,Chinese,C,37,2025-02-12
MEGUMI,Brooklyn,Chinese,C,44,2023-01-09
MEI JUNG MEI RESTAURANT,Brooklyn,Chinese,B,19,2024-11-25
MELANY BAR & RESTAURANT,Brooklyn,Spanish,A,11,2025-03-24
MELANY BAR & RESTAURANT,Brooklyn,Spanish,A,13,2023-05-15
MELLOW SPICE,Brooklyn,Other,B,21,2025-01-29
MELONPANNA TEA & SHOT,Brooklyn,Bakery Products/Desserts,A,13,2025-01-15
MELONPANNA TEA & SHOT,Brooklyn,Bakery Products/Desserts,B,24,2026-06-30
MELONPANNA TEA & SHOT,Brooklyn,Bakery Products/Desserts,C,6,2024-02-09
MELTING POT,Brooklyn,Creole,B,26,2024-12-27
MEMO SHISH KEBAB,Brooklyn,Turkish,C,33,2024-08-15
MEMPHIS SEOUL,Brooklyn,Soul Food,A,9,2024-02-02
MENDELSOHN'S PIZZA/CUCINA MODERN KITCHEN,Brooklyn,Jewish/Kosher,A,12,2025-01-08
MENDYS RESTAURANT,Brooklyn,Jewish/Kosher,A,13,2024-07-18
MENDYS RESTAURANT,Brooklyn,Jewish/Kosher,A,13,2023-04-25
MERAKI GREEK BISTRO,Brooklyn,Greek,A,13,2024-09-27
MERIDJAN SINO,Brooklyn,Coffee/Tea,A,12,2025-02-12
MERMELSTEIN CATERERS,Brooklyn,Jewish/Kosher,A,12,2025-05-21
MESA COYOACAN,Brooklyn,Mexican,B,25,2024-12-17
MESON,Brooklyn,Seafood,A,13,2024-11-07
METRO BAGEL & CAFE,Brooklyn,American,A,12,2026-06-04
METRO BAGEL & CAFE,Brooklyn,American,A,12,2024-05-01
METRO CAFETERIA & RESTAURANT,Brooklyn,Spanish,A,12,2024-11-12
METRO COFFEE SHOP,Brooklyn,Latin American,A,13,2025-01-16
MEX CARROLL'S DINER,Brooklyn,American,A,13,2025-01-24
MEX CARROLL'S DINER,Brooklyn,American,B,18,2023-12-01
MEXICAN DINER,Brooklyn,Mexican,C,30,2024-11-15
MEXICO AUTENTICO,Brooklyn,Mexican,A,11,2024-06-13
MEXICO EN LA PIEL,Brooklyn,Mexican,C,37,2025-05-22
MEZCAL'S,Brooklyn,Mexican,A,12,2023-09-27
MEZQUILA,Brooklyn,Mexican,A,12,2026-06-04
MEZQUILA,Brooklyn,Mexican,C,43,2025-05-08
MI BARRIO,Brooklyn,Mexican,B,25,2025-01-06
MI BELLA CHOLULITA,Brooklyn,Mexican,A,13,2024-05-22
MI BELLA DAMA,Brooklyn,Spanish,B,27,2026-04-07
MI BELLA GROCERY & DELI,Brooklyn,Latin American,A,13,2023-05-23
MI BELLO QUETZAL,Brooklyn,Latin American,C,36,2024-07-24
MI CHOLULITA BELLA,Brooklyn,Mexican,A,13,2023-12-06
MI DAWTA DEM KITCHIN,Brooklyn,Caribbean,C,53,2025-03-20
MICHAEL'S RESTAURANT,Brooklyn,Italian,A,12,2025-06-05
MICHELLE'S COCKTAIL LOUNGE,Brooklyn,Caribbean,A,5,2023-05-12
MIDO OMAKASE ROOM,Brooklyn,Japanese,A,10,2025-11-21
MIDWOOD FLATS,Brooklyn,American,B,25,2026-05-30
MIKADO,Brooklyn,Japanese,B,24,2024-11-12
MIKE'S COFFEE SHOP,Brooklyn,American,A,13,2025-09-04
MIKE'S COFFEE SHOP,Brooklyn,American,B,24,2023-12-20
MIKE'S COFFEE SHOP,Brooklyn,American,C,30,2024-12-31
MIKE'S DELI,Brooklyn,American,A,12,2024-03-11
MIKE'S DINER,Brooklyn,Greek,B,25,2024-02-15
MIKHUY,Brooklyn,Peruvian,A,9,2025-10-30
MILK & HONEY CAFE,Brooklyn,Coffee/Tea,B,20,2024-09-03
MILK & HONEY CAFE,Brooklyn,Coffee/Tea,C,43,2024-02-08
MILK BAR,Brooklyn,American,A,5,2025-12-08
MILKCRATE,Brooklyn,Coffee/Tea,A,13,2023-02-13
MILL BASIN BAGEL CAFE,Brooklyn,Bagels/Pretzels,A,9,2026-07-14
MILL BASIN BAGEL CAFE,Brooklyn,Bagels/Pretzels,A,11,2025-07-03
MILL BASIN KOSHER DELI,Brooklyn,Jewish/Kosher,A,11,2024-09-18
MILLE-FEUILLE,Brooklyn,Coffee/Tea,A,13,2023-06-02
MILLY'S PIZZERIA,Brooklyn,Pizza,B,27,2024-12-18
MIMI'S,Brooklyn,Mediterranean,C,0,2024-09-27
MIN JIANG MEI SHI,Brooklyn,Chinese,B,16,2025-08-13
MING BAKERY,Brooklyn,Bakery Products/Desserts,B,18,2023-09-18
MINNIE'S BAR,Brooklyn,American,A,11,2023-04-06
MINNOWS BAR,Brooklyn,American,A,5,2024-03-12
MINT HEIGHTS,Brooklyn,Indian,C,36,2025-08-12
MINT HEIGHTS,Brooklyn,Indian,C,3,2024-04-05
MIRAGE DINER,Brooklyn,American,A,10,2024-01-26
MIRNA'S PUPUSERIA,Brooklyn,Latin American,B,26,2025-07-09
MISC,Brooklyn,Thai,A,10,2025-05-21
MISIPASTA,Brooklyn,Italian,A,7,2024-09-30
MITOUSHI,Brooklyn,Japanese,B,21,2023-07-05
MIZU SUSHI,Brooklyn,Japanese,A,12,2024-03-01
MO'S BAR,Brooklyn,American,A,13,2026-06-01
MO'S BAR,Brooklyn,American,B,23,2024-04-03
MOCHA HOOKAH CAFE,Brooklyn,Middle Eastern,C,44,2025-01-15
MODELO BAR/ PAISANO BURGERS/ JUNIOR'S DESSERTS,Brooklyn,American,A,8,2023-12-02
MODI TO GEORGIA,Brooklyn,Eastern European,B,20,2023-03-08
MOKA & CO,Brooklyn,Coffee/Tea,A,12,2025-07-07
MOMO RAMEN,Brooklyn,Soups,A,13,2026-06-12
MOMO'S MEDITERRANEAN GRILL,Brooklyn,Mediterranean,B,20,2021-12-27
MONKEY TIGER / TASTE KOREA 232,Brooklyn,Korean,B,16,2025-09-04
MONTAGUE DINER,Brooklyn,American,B,25,2025-10-06
MONTAGUE DINER,Brooklyn,American,C,40,2024-09-03
MONTAGUE STREET BAGELS,Brooklyn,Bagels/Pretzels,B,22,2024-10-25
MONTAGUE STREET BAGELS,Brooklyn,Bagels/Pretzels,C,30,2025-09-05
MOOD BROOKLYN,Brooklyn,American,A,13,2024-06-07
MOON FLOWER,Brooklyn,Chicken,A,5,2023-04-18
MORE THAN FRIES,Brooklyn,American,A,12,2024-08-20
MORGAN'S BROOKLYN BARBECUE,Brooklyn,Barbecue,B,25,2025-05-22
MORITZ,Brooklyn,German,A,10,2022-08-24
MOTHER'S SEAFOOD & MORE,Brooklyn,Seafood,C,43,2024-05-01
MOTHERS SEAFOOD & MORE,Brooklyn,Soul Food,B,24,2026-03-30
MOTI'S,Brooklyn,Jewish/Kosher,A,0,2022-09-09
MOUETTE,Brooklyn,Eastern European,B,21,2026-04-02
MOZZLAB,Brooklyn,Italian,A,12,2025-04-30
MOZZLAB,Brooklyn,Italian,C,10,2023-08-25
MR C'S  BAKERY,Brooklyn,Bakery Products/Desserts,B,14,2026-03-21
MR. BAGELS CAFE,Brooklyn,Bagels/Pretzels,B,27,2026-01-08
MR. BAGELS CAFE,Brooklyn,Bagels/Pretzels,B,17,2024-09-06
MR. BAO,Brooklyn,Chinese,A,10,2025-10-24
MR. BAO,Brooklyn,Chinese,C,43,2024-12-04
MR. BAO,Brooklyn,Asian/Asian Fusion,C,53,2022-02-17
MR. BBQ FOOD,Brooklyn,Barbecue,B,22,2024-11-17
MR. BUN,Brooklyn,Chinese,B,21,2024-03-21
MR. BUN,Brooklyn,Chinese,B,19,2025-09-30
MR. CHIMI NYC,Brooklyn,Latin American,C,30,2026-04-09
MR. KING FOOD KITCHEN,Brooklyn,Chinese,A,7,2025-11-03
MR. KING FOOD KITCHEN,Brooklyn,Chinese,A,11,2023-02-16
MR. WISH,Brooklyn,Coffee/Tea,A,13,2025-07-15
MS. OHHO,Brooklyn,Korean,A,13,2024-11-18
MTSKHETA-USA INC,Brooklyn,Eastern European,A,2,2026-05-14
MUNCH STREET FOOD,Brooklyn,Jewish/Kosher,B,20,2025-07-07
MUNCHINETTE,Brooklyn,Armenian,A,12,2024-10-15
MURA SUSHI,Brooklyn,Japanese,B,26,2023-10-17
MUSASHI ASIAN CUISINE,Brooklyn,Asian/Asian Fusion,A,11,2026-03-30
MUSE,Brooklyn,Thai,B,19,2025-02-27
MUSSELS & MORE,Brooklyn,Seafood,A,13,2026-07-08
MUZ MUZ,Brooklyn,Coffee/Tea,A,5,2024-05-29
MY CORAL RESTAURANT,Brooklyn,Latin American,C,3,2024-11-21
MY GRILL BAR,Brooklyn,Jewish/Kosher,A,7,2024-04-17
MYA & BROOKLYN,Brooklyn,Turkish,B,27,2024-01-18
MYMOON,Brooklyn,Spanish,A,10,2025-01-17
MYRTLE THAI RESTAURANT,Brooklyn,Thai,B,24,2024-12-27
MYTH,Brooklyn,Other,A,13,2026-01-15
Mikey's Restaurant & Lounge,Brooklyn,American,A,12,2026-02-09
N' JOY FAMILY CAFE,Brooklyn,Eastern European,A,10,2024-10-16
NABLUS SWEETS,Brooklyn,Middle Eastern,A,9,2026-02-03
NABLUS SWEETS,Brooklyn,Middle Eastern,B,21,2024-11-22
NACHO MACHO TACO,Brooklyn,Tex-Mex,A,8,2024-04-16
NAGLES BAGELS,Brooklyn,Bagels/Pretzels,A,13,2025-10-22
NAGOYA FUSION SUSHI,Brooklyn,Asian/Asian Fusion,C,10,2023-02-09
NAKED DOG,Brooklyn,Italian,A,10,2023-04-26
NAMKEEN,Brooklyn,Chicken,B,19,2025-12-17
NAN HAI YU CUN,Brooklyn,Chinese,C,73,2023-10-17
NANA BAKING,Brooklyn,Bakery Products/Desserts,B,17,2024-08-06
NARA CHICKEN KOREAN CUISINE,Brooklyn,Korean,A,13,2024-11-12
NARA CHICKEN KOREAN CUISINE,Brooklyn,Korean,A,13,2026-02-17
NARGIS CAFE,Brooklyn,Turkish,A,2,2026-03-12
NATHAN'S FAMOUS,Brooklyn,Hotdogs,A,12,2026-03-25
NATHAN'S FAMOUS,Brooklyn,Hotdogs,B,27,2023-06-15
NATHAN'S FAMOUS,Brooklyn,Hotdogs,B,27,2024-09-03
NATTO HIBACHI & SUSHI,Brooklyn,Japanese,A,11,2026-04-23
NATURAL BLEND,Brooklyn,Vegetarian,A,12,2025-01-30
NATURAL BLEND VEGETARIAN CAFE & JUICE,Brooklyn,Vegan,B,27,2025-08-27
NATURAL RESTAURANT,Brooklyn,Chinese,A,10,2023-02-14
NAWABI BHOJ,Brooklyn,Indian,C,48,2026-01-22
NAWABI BHOJ,Brooklyn,Indian,C,34,2026-06-11
NAYA,Brooklyn,Middle Eastern,A,13,2025-10-20
NAYA,Brooklyn,Middle Eastern,B,16,2025-02-05
NEALTICAN'S CORNER,Brooklyn,Mexican,A,9,2024-03-05
NENE TAQUERIA / BROOKLYN CORNER STORE,Brooklyn,Tex-Mex,A,7,2023-12-02
NENO'S GOURMET MEXICAN,Brooklyn,Mexican,C,33,2025-05-01
NEPTUNE DINER II,Brooklyn,American,A,13,2025-09-23
NEPTUNE PIZZA,Brooklyn,Pizza,B,25,2024-03-13
NERD BE COOL,Brooklyn,Coffee/Tea,A,11,2025-10-06
NEW APOLO,Brooklyn,Chinese/Cuban,A,8,2023-11-28
NEW APOLO RESTAURANT,Brooklyn,Chinese,B,27,2025-11-05
NEW APOLO RESTAURANT,Brooklyn,Chinese,B,25,2024-04-18
NEW BAY COFFEE SHOP,Brooklyn,Spanish,C,60,2023-12-12
NEW CARRIZAL,Brooklyn,Latin American,C,48,2024-08-23
NEW CHINA RESTAURANT,Brooklyn,Chinese,B,18,2025-01-28
NEW CHINA WOK,Brooklyn,Chinese,B,19,2025-07-23
NEW CHINA WOK,Brooklyn,Chinese,C,28,2024-10-07
NEW CHOY HING,Brooklyn,Chinese,C,41,2023-04-27
NEW COUNTRY HOUSE,Brooklyn,American,A,11,2025-11-14
NEW DYKER RESTAURANT,Brooklyn,American,A,10,2025-02-21
NEW EMPIRE,Brooklyn,Chinese,A,12,2026-01-14
NEW ERA RESTAURANT,Brooklyn,Caribbean,A,10,2026-01-16
NEW ERA RESTAURANT,Brooklyn,Caribbean,A,13,2026-08-21
NEW ERA RESTAURANT,Brooklyn,Caribbean,C,37,2025-08-04
NEW ERA RESTAURANT,Brooklyn,Caribbean,C,4,2025-02-19
NEW FU SHEN RESTAURANT,Brooklyn,Chinese,B,21,2025-09-25
NEW FUN SING,Brooklyn,Chinese,A,11,2025-09-02
NEW FUN SING,Brooklyn,Chinese,B,25,2022-12-08
NEW GARDEN,Brooklyn,Chinese,A,13,2025-04-30
NEW GRAND WOK,Brooklyn,Chinese,A,12,2023-02-28
NEW HARDEE,Brooklyn,Chinese,B,21,2024-12-30
NEW HARDEE,Brooklyn,Chinese,C,47,2024-04-15
NEW HONG KONG,Brooklyn,Other,B,27,2024-12-04
NEW HOP SHING KITCHEN,Brooklyn,Chinese,A,12,2026-02-10
NEW JIN BU RESTAURANT,Brooklyn,Chinese,B,27,2025-08-05
NEW JOHN GARDEN,Brooklyn,Chinese,A,8,2026-05-27
NEW JOY GARDEN,Brooklyn,Chinese,B,26,2024-09-03
NEW JOY GARDEN,Brooklyn,Chinese,B,26,2025-11-19
NEW KIKU II,Brooklyn,Fusion,A,12,2025-04-16
NEW KIKU II,Brooklyn,Fusion,B,20,2023-07-13
NEW KIKU II,Brooklyn,Fusion,C,32,2024-11-14
NEW KINGSTON PIZZA,Brooklyn,Pizza,A,7,2023-12-18
NEW LI HING RESTAURANT,Brooklyn,Chinese,A,13,2024-10-29
NEW LONG RIVER,Brooklyn,Chinese,B,14,2023-01-12
NEW MEI MEI CHINESE RESTAURANT,Brooklyn,Chinese,C,33,2023-08-24
NEW MEXICO PLACE,Brooklyn,Mexican,A,12,2025-01-29
NEW ONE LUCKY CHINESE RESTAURANT,Brooklyn,Chinese,B,27,2024-03-08
NEW ONE LUCKY CHINESE RESTAURANT,Brooklyn,Chinese,B,25,2025-07-15
NEW PARKWAY RESTAURANT,Brooklyn,American,B,15,2023-04-24
NEW PEKING CHINESE RESTAURANT,Brooklyn,Chinese,C,32,2022-09-06
NEW PEOPLE'S KITCHEN,Brooklyn,Chinese,A,7,2025-02-06
NEW PHOENIX,Brooklyn,Chinese,A,7,2025-04-21
NEW PUNJAB RESTAURANT & GRILL,Brooklyn,Pakistani,B,22,2024-11-12
NEW RED LANTERN,Brooklyn,Chinese,B,20,2026-02-09
NEW RUAN'S RESTAURANT,Brooklyn,Chinese,B,16,2023-11-06
NEW SIU'S KITCHEN,Brooklyn,Chinese,A,8,2025-04-16
NEW SIU'S KITCHEN,Brooklyn,Chinese,B,24,2025-01-13
NEW SKY BAKERYLAND,Brooklyn,Chinese,B,21,2025-08-05
NEW SKY BAKERYLAND,Brooklyn,Chinese,C,33,2025-02-05
NEW SUSHI TATSU,Brooklyn,Japanese,A,12,2026-05-13
NEW WORLD NUTRITION,Brooklyn,"Juice, Smoothies, Fruit Salads",A,12,2022-07-14
NEW YEE LI RESTAURANT,Brooklyn,Chinese,B,17,2025-10-29
NEW YEE LI RESTAURANT,Brooklyn,Chinese,C,53,2023-10-04
NEW YOBAO BEEF BURGER,Brooklyn,Hamburgers,C,34,2026-04-14
NEW YORK TWISTED WINGS,Brooklyn,Chicken,C,43,2023-01-25
NEW YUMMY BAKERY,Brooklyn,Chinese,B,27,2024-09-23
NEW YUMMY BAKERY,Brooklyn,Chinese,B,20,2025-08-13
NEW YW GOLDEN BAKERY,Brooklyn,Bakery Products/Desserts,A,12,2024-12-16
NEWTOWN,Brooklyn,Middle Eastern,A,10,2025-05-16
NEWTOWN,Brooklyn,Middle Eastern,B,19,2024-03-18
NEXT STOP VEGAN,Brooklyn,Vegan,B,19,2025-04-09
NIEVES TIA MIMI DELI,Brooklyn,Mexican,B,26,2026-02-02
NIEVES TIA MIMI DELI,Brooklyn,Mexican,C,41,2023-09-21
NIEVES TIA MIMI ICES,Brooklyn,Mexican,C,46,2024-05-06
NIEVES TIA MIMI ICES,Brooklyn,Mexican,C,43,2025-05-07
NIGHT OF JOY,Brooklyn,American,A,9,2022-05-20
NIGHT°,Brooklyn,Bottled Beverages,A,11,2023-10-05
NINJA JAPAN TERIYAKI & SUSHI,Brooklyn,Japanese,A,12,2025-02-06
NINJA SUSHI,Brooklyn,Japanese,A,5,2026-02-02
NINJA SUSHI,Brooklyn,Japanese,C,37,2024-11-21
NINJA SUSHI,Brooklyn,Japanese,C,40,2025-09-22
NINO'S PIZZA,Brooklyn,Pizza,B,27,2024-11-12
NIPPON CHA,Brooklyn,Coffee/Tea,B,26,2024-12-19
NITEHAWK CINEMA,Brooklyn,American,A,9,2024-02-29
NITEHAWK CINEMA/ LO-RES BAR,Brooklyn,American,A,12,2022-11-14
NO 1 RESTAURANT,Brooklyn,Chinese,A,12,2024-04-16
NO FILTER COFFEE,Brooklyn,Coffee/Tea,A,5,2024-09-11
NO. 1 CHINESE FOOD,Brooklyn,Chinese,C,2,2023-04-03
NO. 1 CHINESE RESTAURANT,Brooklyn,Chinese,A,12,2025-09-09
NO. 7 RESTAURANT,Brooklyn,New American,B,24,2023-05-11
NO.1 FAVOR TASTE RESTAURANT,Brooklyn,Chinese,A,13,2024-05-02
NONNA'S PIZZERIA,Brooklyn,Pizza,A,11,2024-03-22
NOODLE LANE,Brooklyn,Chinese,A,0,2024-11-13
NOODLE QUEEN,Brooklyn,Chinese,A,10,2026-01-31
NOODLE QUEEN,Brooklyn,Chinese,C,28,2025-08-04
NOODS AND CHILL,Brooklyn,Thai,B,20,2025-04-30
NORA THAI,Brooklyn,Thai,B,26,2025-07-23
NORA THAI,Brooklyn,Thai,B,18,2026-03-23
NORA THAI,Brooklyn,Thai,C,46,2024-03-14
NORA'S PARK BENCH CAFE,Brooklyn,American,A,12,2023-12-26
NORBROOK CAKES & CATERING,Brooklyn,Bakery Products/Desserts,A,11,2026-02-11
NORIBAR,Brooklyn,Jewish/Kosher,B,27,2025-05-05
NORTH COAST SHARK AND BAKE,Brooklyn,Caribbean,A,13,2024-10-18
NORTH COAST SHARK AND BAKE,Brooklyn,Caribbean,B,24,2024-02-23
NOSTRAND COFFEE SHOP,Brooklyn,American,A,13,2026-05-19
NOSTRAND COFFEE SHOP,Brooklyn,American,A,13,2025-01-28
NOSTRAND EXPRESS,Brooklyn,Sandwiches,A,12,2024-05-14
NOSTRAND FAMOUS PIZZA,Brooklyn,Pizza,A,4,2025-03-17
NOSTRAND STATION BAR & LOUNGE,Brooklyn,American,A,4,2026-05-20
NOT RAY'S PIZZERIA,Brooklyn,Pizza,A,13,2024-07-03
NOURISH THAI,Brooklyn,Thai,B,27,2024-08-28
NU DELI GRILLZ,Brooklyn,Caribbean,B,19,2026-04-06
NU HOTEL,Brooklyn,American,A,10,2025-08-21
NU HOTEL,Brooklyn,American,C,32,2024-11-12
NUAN XIN RICE ROLL,Brooklyn,Asian/Asian Fusion,A,13,2024-01-22
NUAN XIN RICE ROLL,Brooklyn,Asian/Asian Fusion,B,20,2025-08-13
NUEVO MEXICO,Brooklyn,Mexican,A,13,2024-11-14
NUMBER 1 CHINESE RESTAURANT,Brooklyn,Chinese,A,12,2023-06-07
NUMERO 28 PIZZERIA,Brooklyn,Pizza,A,11,2023-10-19
NUNU BAR & GRILL,Brooklyn,Mediterranean,A,13,2026-08-18
NUNU BAR & GRILL,Brooklyn,Mediterranean,C,46,2025-08-15
NURISH,Brooklyn,Coffee/Tea,A,13,2026-02-26
NURISH,Brooklyn,Coffee/Tea,A,10,2024-08-28
NURISH,Brooklyn,Coffee/Tea,B,16,2023-03-21
NUTRITIOUS CHINESE FOOD,Brooklyn,Chinese,A,13,2025-09-18
NUTRITIOUS CHINESE FOOD,Brooklyn,Chinese,A,11,2024-12-06
NY AXE THROWING RANGE,Brooklyn,American,B,17,2026-01-15
NY BAGEL CAFE & DELI,Brooklyn,American,A,12,2025-07-02
NY BAGEL CAFE & DELI,Brooklyn,American,A,9,2023-01-31
NY CHOI FOOK,Brooklyn,Chinese,B,27,2025-03-21
NY GYRO EXPRESS,Brooklyn,Middle Eastern,B,26,2025-10-14
NY GYRO EXPRESS,Brooklyn,Middle Eastern,C,30,2025-01-27
NY PIZZA CAFE & SPANISH FOOD RESTAURANT,Brooklyn,Mexican,B,26,2024-11-22
NYC HUQQAH HAUS,Brooklyn,Middle Eastern,B,26,2023-01-18
NYC MUNCHIES,Brooklyn,Middle Eastern,A,12,2024-12-02
NYC VEGAN BISTRO,Brooklyn,Japanese,B,24,2023-06-13
NYC'S FRIED CHICKEN,Brooklyn,Latin American,A,6,2025-06-16
NYLA CAFE,Brooklyn,Coffee/Tea,A,11,2026-03-23
OAKBERRY PARK SLOPE,Brooklyn,"Juice, Smoothies, Fruit Salads",A,11,2025-11-24
OASIS,Brooklyn,Middle Eastern,B,23,2022-11-21
"OASIS DINER, RESTAURANT",Brooklyn,American,A,12,2024-08-22
"OASIS DINER, RESTAURANT",Brooklyn,American,C,46,2026-04-24
OBSCURE COFFEE ROASTERS / BUSHWICK COMEDY CLUB,Brooklyn,Coffee/Tea,B,14,2026-01-07
OCEAN VIEW CAFE,Brooklyn,Eastern European,A,11,2024-03-20
OCEAN'S 8 BILLIARDS,Brooklyn,American,A,12,2024-04-30
OCEANSIDE GRILL @ NEW YORK AQUARIUM,Brooklyn,Hamburgers,A,7,2018-08-22
OCELOT,Brooklyn,Bottled Beverages,B,21,2025-11-24
OCHI JAMAICAN AND SEAFOOD GRILL,Brooklyn,Caribbean,A,11,2023-12-21
ODDFELLOWS ICE CREAM CO.,Brooklyn,Frozen Desserts,A,12,2022-11-29
ODDFELLOWS ICE CREAM CO.,Brooklyn,Frozen Desserts,A,11,2024-04-16
OFF SHORE RESTAURANT,Brooklyn,American,A,12,2024-02-20
OH BAGEL,Brooklyn,Bagels/Pretzels,B,19,2026-03-19
OH BOY,Brooklyn,American,B,18,2024-12-17
OH DUMPLINGS,Brooklyn,Chinese,B,23,2025-01-09
OH DUMPLINGS,Brooklyn,Chinese,C,35,2025-09-11
OH! DUMPLINGS,Brooklyn,Chinese,A,12,2025-05-06
OH! DUMPLINGS,Brooklyn,Chinese,B,24,2024-03-06
OKEY,Brooklyn,Spanish,B,14,2026-04-16
OKIBORU,Brooklyn,Japanese,B,21,2025-02-25
OKINAWA,Brooklyn,Japanese,C,52,2024-04-17
OKOZUSHI,Brooklyn,Japanese,B,26,2025-08-20
OLD DUCK NOODLE,Brooklyn,Chinese,B,27,2024-02-20
OLD STANLEY'S,Brooklyn,American,A,13,2024-12-09
OLDE BROOKLYN BAGEL SHOPPE,Brooklyn,Sandwiches,B,22,2026-01-08
OLEA,Brooklyn,Mediterranean,B,26,2025-11-17
OLEA,Brooklyn,Mediterranean,B,19,2024-04-30
OLEANDR,Brooklyn,Russian,A,9,2024-04-18
OLEANDR,Brooklyn,Russian,A,0,2023-03-30
OLIVE GARDEN,Brooklyn,Italian,A,13,2024-07-05
OLIVE GARDEN,Brooklyn,Italian,A,10,2023-04-12
OLIVIER BISTRO,Brooklyn,French,A,13,2025-06-26
OLIVIER BISTRO,Brooklyn,French,C,29,2024-12-10
OMAR KHAYYAM CAFE,Brooklyn,Russian,B,16,2023-03-30
OMONIA CAFE,Brooklyn,Mediterranean,B,24,2024-01-22
ONE BAKERY,Brooklyn,Bakery Products/Desserts,B,27,2023-06-27
ONE BAKERY,Brooklyn,Bakery Products/Desserts,B,24,2025-02-05
ONE BAKERY,Brooklyn,Bakery Products/Desserts,C,80,2026-06-11
ONLY ONE,Brooklyn,Coffee/Tea,A,12,2023-12-26
OOPS TEA,Brooklyn,Asian/Asian Fusion,A,12,2025-11-12
ORACLE LOUNGE,Brooklyn,American,B,27,2024-12-11
ORBITAL KITCHENS EAST WILLIAMSBURG,Brooklyn,American,C,69,2026-06-25
ORE BAR,Brooklyn,American,A,8,2024-11-21
ORE BAR,Brooklyn,American,A,13,2026-06-25
ORSO COFFEE,Brooklyn,Coffee/Tea,A,10,2026-02-20
OSAKA FUSION SUSHI & BBQ,Brooklyn,Japanese,A,13,2023-11-20
OSTERIA BROOKLYN @ DEKALB,Brooklyn,Italian,A,9,2025-08-13
OTANI SUSHI,Brooklyn,Asian/Asian Fusion,A,5,2025-04-30
OTIS,Brooklyn,American,A,13,2022-05-05
OTIS,Brooklyn,American,C,7,2024-03-15
OTWAY BAKERY,Brooklyn,Coffee/Tea,A,9,2026-06-10
OUTBACK STEAKHOUSE,Brooklyn,Steakhouse,A,11,2022-11-14
OVER GREENS,Brooklyn,"Juice, Smoothies, Fruit Salads",A,12,2025-01-13
OVER GREENS,Brooklyn,"Juice, Smoothies, Fruit Salads",A,5,2026-06-23
OVER GREENS,Brooklyn,"Juice, Smoothies, Fruit Salads",C,31,2024-02-16
OVERGREENS,Brooklyn,Salads,A,10,2025-02-12
P&S BAKERY RESTAURANT,Brooklyn,Caribbean,A,11,2024-05-24
P&S BAKERY RESTAURANT,Brooklyn,Caribbean,B,24,2023-12-05
PAD KRA PROW,Brooklyn,Thai,A,7,2022-09-12
PADDY'S OF PARK SLOPE,Brooklyn,American,A,10,2026-03-11
PADEL HAUS,Brooklyn,"Juice, Smoothies, Fruit Salads",A,13,2023-08-09
PAK LAHORI CHILLI,Brooklyn,Pakistani,C,65,2025-08-05
PAL'S HERO SHOP,Brooklyn,Spanish,A,11,2025-08-28
PAL'S HERO SHOP,Brooklyn,Spanish,A,13,2024-03-18
PAL'S HERO SHOP,Brooklyn,Spanish,B,16,2022-11-01
PALACE ON FULTON,Brooklyn,Pizza,B,20,2024-05-23
PALENQUE COLOMBIAN FOOD,Brooklyn,Spanish,A,10,2025-10-20
PALERMO PASTRY SHOP,Brooklyn,Bakery Products/Desserts,B,19,2025-12-26
PALERMO PASTRY SHOP,Brooklyn,Bakery Products/Desserts,B,27,2024-09-20
PALMYRA,Brooklyn,Middle Eastern,A,11,2023-12-14
PALO SANTO,Brooklyn,Latin American,A,4,2026-09-05
PALOMA COFFEE & BAKERY,Brooklyn,Coffee/Tea,A,12,2023-07-31
PALOMA COFFEE & BAKERY,Brooklyn,Coffee/Tea,A,11,2026-04-13
PALOMA COFFEE & BAKERY,Brooklyn,Coffee/Tea,B,27,2024-08-01
PALOMA THE BAKERY,Brooklyn,Coffee/Tea,A,13,2025-07-01
PAM'S BAKERY,Brooklyn,Bakery Products/Desserts,B,20,2023-01-25
PAN RICO AMBATENO BAKERY,Brooklyn,Latin American,C,48,2026-04-07
PANADERIA Y PASTELERIA LA EQUISTA,Brooklyn,Bakery Products/Desserts,A,12,2026-06-26
PANADERIA Y PASTELERIA LA EQUISTA,Brooklyn,Bakery Products/Desserts,C,37,2024-11-15
PANDA,Brooklyn,Chinese,A,13,2025-08-05
PANDA,Brooklyn,Chinese,A,4,2024-02-28
PANDA ABC,Brooklyn,Chinese,B,22,2025-08-11
PANDA CHINESE RESTAURANT,Brooklyn,Chinese,A,7,2022-10-13
PANDA DELIGHT,Brooklyn,Chinese,A,12,2023-02-21
PANDA DELIGHT,Brooklyn,Chinese,A,9,2025-06-20
PANDA DELIGHT,Brooklyn,Chinese,B,18,2025-01-08
PANDA EXPRESS,Brooklyn,Chinese,A,2,2026-09-03
PANERA BREAD,Brooklyn,American,A,2,2026-06-29
PANERA BREAD,Brooklyn,American,A,10,2023-12-20
PANINO RUSTICO,Brooklyn,Italian,C,33,2024-08-06
PANINO RUSTICO II,Brooklyn,Italian,B,24,2025-09-17
PANUOZZO,Brooklyn,Pizza,C,28,2024-03-27
PAPA JOHN'S,Brooklyn,Pizza,A,8,2024-10-02
PAPA JOHN'S,Brooklyn,Pizza,A,2,2023-05-23
PAPA JOHN'S,Brooklyn,Pizza,A,4,2024-03-13
PAPA JOHN'S,Brooklyn,Pizza,A,4,2026-01-16
PAPA JOHN'S,Brooklyn,Pizza,A,4,2024-10-17
PAPA JOHN'S,Brooklyn,Pizza,B,21,2026-05-21
PAPA JOHN'S,Brooklyn,Pizza,B,24,2025-01-17
PAPA JOHN'S,Brooklyn,Pizza,B,14,2024-08-06
PAPA JOHN'S,Brooklyn,Pizza,C,38,2024-08-19
PAPA JOHN'S PIZZA,Brooklyn,Pizza,A,12,2026-05-05
PAPI'S GRILL,Brooklyn,Mexican,B,27,2023-12-18
PARADISE SWEETS AND BAKERY,Brooklyn,Middle Eastern,B,27,2022-10-26
PARAISO AZTECA RESTAURANT,Brooklyn,Mexican,C,33,2024-08-15
PARASHADES,Brooklyn,Pizza,C,36,2025-02-20
PARC OASIS,Brooklyn,Seafood,A,12,2026-01-14
PARIS BAGUETTE,Brooklyn,Bakery Products/Desserts,A,12,2025-09-30
PARIS BAGUETTE,Brooklyn,Bakery Products/Desserts,A,13,2025-09-19
PARISCIEN BAKERY,Brooklyn,Latin American,B,17,2023-01-25
PARK ASIA RESTAURANT,Brooklyn,Chinese,C,34,2025-08-20
PARK VIEW DINER,Brooklyn,American,B,26,2024-11-21
PARKSIDE COFFEE SHOP,Brooklyn,American,C,36,2024-02-20
PARM FAMOUS ITALIAN / AMEX STORE,Brooklyn,Italian,A,7,2023-12-02
PASA PASA,Brooklyn,"Juice, Smoothies, Fruit Salads",A,11,2024-04-23
PASHA PIZZA PITA,Brooklyn,Pizza,A,13,2024-08-21
PASSIONFRUIT COFFEE,Brooklyn,Coffee/Tea,A,8,2023-08-25
PASTA LOUISE,Brooklyn,Italian,A,9,2026-05-08
PASTA NIGHT,Brooklyn,Italian,A,10,2025-05-01
PASTELITOS ELVYS,Brooklyn,Spanish,B,18,2024-03-26
PASTICCERIA ROCCO,Brooklyn,Coffee/Tea,A,12,2025-12-17
PASTICCERIA ROCCO,Brooklyn,Coffee/Tea,A,10,2023-04-24
PASTURE BURGERS,Brooklyn,Hamburgers,B,20,2026-07-20
PATI'S BAKERY,Brooklyn,Jewish/Kosher,C,34,2026-03-26
PATIO ON THE PARKWAY,Brooklyn,Spanish,A,10,2024-12-12
PATSY'S PIZZERIA,Brooklyn,Italian,B,22,2026-07-15
PATTY HAUS,Brooklyn,"Juice, Smoothies, Fruit Salads",A,10,2025-08-22
PATTY PLUS BAKERY & RESTAURANT,Brooklyn,Caribbean,A,7,2024-10-07
PATTY PLUS BAKERY & RESTAURANT,Brooklyn,Caribbean,B,20,2023-10-12
PATTY SHOP,Brooklyn,Caribbean,B,27,2024-02-20
PATTY SHOP,Brooklyn,Caribbean,B,23,2025-08-22
PAUL'S DAUGHTER,Brooklyn,American,A,5,2025-06-17
PAULIE GEE'S SLICE SHOP,Brooklyn,Pizza,C,33,2024-11-18
PAVILLION CATERERS,Brooklyn,Jewish/Kosher,A,7,2024-04-18
PEACHES,Brooklyn,Soul Food,B,20,2025-09-17
PEACHES HOTHOUSE,Brooklyn,Soul Food,A,12,2026-06-29
PEARL INDIAN RESTAURANT,Brooklyn,Indian,B,25,2024-02-09
PEARL LEE'S WASHTUB,Brooklyn,American,C,41,2025-02-06
PEARL'S SOCIAL & BILLY CLUB,Brooklyn,American,A,10,2023-06-13
PEARL'S SOCIAL & BILLY CLUB,Brooklyn,American,A,13,2024-11-20
PECK'S,Brooklyn,American,B,23,2024-03-14
PECKISH,Brooklyn,Coffee/Tea,B,15,2025-07-25
PEDRO'S,Brooklyn,Mexican,A,11,2025-08-04
PEEK IN CAFE,Brooklyn,Korean,A,12,2026-02-21
PEKING CHINESE RESTAURANT,Brooklyn,Chicken,B,18,2024-12-17
PELICAN REEF CATERERS,Brooklyn,Caribbean,A,13,2024-06-07
PELICANA CHICKEN,Brooklyn,Korean,B,27,2025-04-10
PEP BAKE HOUSE & COFFEE SHOP,Brooklyn,Coffee/Tea,A,13,2024-08-09
PEP BAKEHOUSE & COFFEE SHOP,Brooklyn,Coffee/Tea,A,9,2024-07-18
PEPPA'S,Brooklyn,Caribbean,A,9,2024-08-16
PEPPA'S JERK CHICKEN,Brooklyn,Caribbean,A,13,2024-12-15
PEPPA'S JERK CHICKEN,Brooklyn,Caribbean,B,24,2024-12-18
PEPPA'S JERK CHICKEN,Brooklyn,Caribbean,C,28,2023-09-20
PERIZIA KOSHER PIZZA,Brooklyn,Jewish/Kosher,B,24,2024-08-12
PERIZIA KOSHER PIZZA,Brooklyn,Pizza,C,31,2026-01-12
PERIZIA KOSHER PIZZA,Brooklyn,Jewish/Kosher,C,56,2023-10-20
PETE'S CLAM STOP,Brooklyn,American,A,12,2026-05-07
PETEE'S CAFE,Brooklyn,Coffee/Tea,A,7,2023-12-12
PETER LUGER STEAKHOUSE,Brooklyn,Steakhouse,A,13,2026-04-06
PETER PAN DONUT & PASTRY SHOP,Brooklyn,Donuts,A,13,2024-11-01
PETISCO BRAZUCA,Brooklyn,Brazilian,A,9,2025-08-07
PETIT PAULETTE,Brooklyn,Coffee/Tea,A,9,2025-07-03
PHIL CAFE,Brooklyn,Coffee/Tea,A,12,2024-02-26
PHIL'S,Brooklyn,American,A,9,2025-10-22
PHIL'S PLACE,Brooklyn,American,A,13,2026-06-25
PHILADELPHIA GRILLE,Brooklyn,Pizza,A,13,2026-04-15
PHO BK,Brooklyn,Asian/Asian Fusion,B,22,2025-08-04
PHO BK,Brooklyn,Asian/Asian Fusion,B,20,2023-06-06
PHO HOAI BAYRIDGE,Brooklyn,Southeast Asian,B,19,2025-04-14
PHO HOAI BAYRIDGE,Brooklyn,Southeast Asian,C,4,2023-10-11
PHO HOAI RESTAURANT,Brooklyn,Southeast Asian,B,17,2025-11-24
PHO HOAI RESTAURANT,Brooklyn,Southeast Asian,C,41,2025-01-14
PHO VIETNAM RESTAURANT,Brooklyn,Southeast Asian,B,23,2025-01-16
PHO YOU,Brooklyn,Sandwiches/Salads/Mixed Buffet,A,12,2025-07-01
PICA PICA CON SABOR,Brooklyn,Latin American,A,5,2026-03-19
PICAZO'S PIZZA & RESTAURANT PLACE,Brooklyn,Spanish,B,24,2025-01-17
PICCOLI,Brooklyn,Italian,A,10,2024-05-29
PICCOLI TRATTORIA,Brooklyn,Italian,A,13,2023-12-27
PICK N PAY,Brooklyn,Caribbean,A,10,2024-01-12
PIER 53 COFFEE & SANDWICH SHOP,Brooklyn,American,A,13,2025-02-11
PIER 69 MARKET,Brooklyn,American,B,27,2024-11-21
PIES-N-THIGHS,Brooklyn,Soul Food,B,15,2024-12-26
PIES-N-THIGHS,Brooklyn,Soul Food,B,18,2023-08-09
PIG BEACH,Brooklyn,Barbecue,A,2,2025-01-25
PIG BEACH,Brooklyn,Barbecue,A,2,2023-12-02
PIG PIG CAFE,Brooklyn,Coffee/Tea,B,19,2023-11-14
PINKFROG CAFE,Brooklyn,Thai,A,6,2025-01-17
PINKFROG CAFE,Brooklyn,Thai,B,21,2023-09-22
PINO'S LA FORCHETTA,Brooklyn,Pizza,A,5,2025-01-21
PINO'S LA FORCHETTA,Brooklyn,Pizza,C,38,2023-11-16
PINO'S PIZZA AND GRILL,Brooklyn,Pizza,A,4,2025-12-08
PIO BAGEL,Brooklyn,Bagels/Pretzels,A,13,2024-03-25
PIO BAGEL,Brooklyn,Bagels/Pretzels,A,7,2025-10-17
PITA FALAFEL,Brooklyn,Mediterranean,A,7,2025-05-21
PITA SABABA,Brooklyn,Bakery Products/Desserts,A,12,2024-09-10
PITA SABABA,Brooklyn,Bakery Products/Desserts,B,27,2026-02-17
PITKINS FISH & CHICKEN,Brooklyn,Chicken,B,22,2024-02-20
PIZ-ZETTA,Brooklyn,Pizza,A,12,2024-11-20
PIZZA & BAGEL ON 3RD,Brooklyn,American,A,10,2024-02-09
PIZZA BAGEL BURGER,Brooklyn,American,B,25,2025-08-28
PIZZA CENTRAL OF BROOKLYN,Brooklyn,Pizza,B,19,2026-06-30
PIZZA D'AMORE,Brooklyn,Pizza,C,44,2025-07-15
PIZZA EMPORIUM,Brooklyn,Pizza,B,27,2026-05-18
PIZZA EXPRESS NYC,Brooklyn,Pizza,A,10,2026-08-20
PIZZA HUT,Brooklyn,Pizza,A,7,2025-02-03
PIZZA HUT,Brooklyn,Pizza,A,13,2026-01-28
PIZZA HUT,Brooklyn,Pizza,B,24,2026-06-02
PIZZA PERRON,Brooklyn,Pizza,A,13,2026-04-07
PIZZA PLUS,Brooklyn,Pizza,A,7,2023-03-29
PIZZA SPOT,Brooklyn,Pizza,B,25,2024-12-31
PLAYA BOWLS,Brooklyn,"Juice, Smoothies, Fruit Salads",A,13,2024-02-28
PLAYA BOWLS,Brooklyn,"Juice, Smoothies, Fruit Salads",A,9,2025-12-11
PLAYA BOWLS,Brooklyn,"Juice, Smoothies, Fruit Salads",A,10,2024-08-20
PLAYA BOWLS,Brooklyn,Jewish/Kosher,A,11,2026-01-20
PLAYA BOWLS,Brooklyn,"Juice, Smoothies, Fruit Salads",B,17,2025-10-16
PLAYA BOWLS,Brooklyn,"Juice, Smoothies, Fruit Salads",C,2,2025-08-27
PLAYGROUND COFFEE SHOP,Brooklyn,Coffee/Tea,A,8,2023-06-15
PLAZA KING DELI,Brooklyn,American,A,13,2023-06-21
PLAZA ORTEGA,Brooklyn,Mexican,B,27,2025-02-18
PLEASE TELL ME,Brooklyn,Brazilian,A,12,2024-12-11
PLG COFFEE HOUSE & TAVERN,Brooklyn,Coffee/Tea,C,33,2024-11-13
PLYMOUTH CAFE,Brooklyn,American,A,13,2024-02-02
PLYMOUTH CAFE,Brooklyn,American,A,4,2026-03-16
PLYMOUTH CAFE,Brooklyn,American,C,5,2023-08-08
POETICA COFFEE,Brooklyn,Coffee/Tea,A,8,2023-01-26
POETICA COFFEE,Brooklyn,Coffee/Tea,A,9,2023-01-19
POETICA COFFEE,Brooklyn,Coffee/Tea,A,10,2025-12-18
POETICA COFFEE,Brooklyn,Coffee/Tea,A,11,2024-04-23
POETICA COFFEE,Brooklyn,Coffee/Tea,A,12,2024-06-07
POETICA COFFEE,Brooklyn,Coffee/Tea,B,25,2026-01-14
POETICA COFFEE,Brooklyn,Coffee/Tea,B,27,2024-04-11
POKE BOWL STATION,Brooklyn,Hawaiian,A,13,2025-08-13
POKE CITY,Brooklyn,Japanese,A,7,2023-05-30
POKE FAN,Brooklyn,Japanese,B,27,2025-05-15
POKEBAB,Brooklyn,Hawaiian,A,11,2023-09-06
POKEBOWL STATION,Brooklyn,Japanese,C,31,2025-06-09
POLLO CAMPERO,Brooklyn,Chicken,A,2,2024-08-26
POLLO D' ORO,Brooklyn,Spanish,B,25,2023-09-21
POLLY'S,Brooklyn,Sandwiches,A,7,2025-02-07
POLLY'S CAFE,Brooklyn,Coffee/Tea,A,7,2026-01-07
POLONICA,Brooklyn,Polish,C,39,2024-11-26
POM & HONEY,Brooklyn,American,A,11,2026-04-22
POMO BK,Brooklyn,Mexican,A,12,2025-09-10
PONTE VECCHIO,Brooklyn,Italian,B,20,2023-04-03
POPEYES,Brooklyn,Chicken,A,12,2026-06-11
POPEYES,Brooklyn,Chicken,A,9,2026-01-30
POPEYES,Brooklyn,Chicken,A,12,2024-12-21
POPEYES,Brooklyn,Chicken,A,11,2025-10-16
POPEYES,Brooklyn,Chicken,A,6,2025-01-07
POPEYES,Brooklyn,Chicken,A,8,2026-03-17
POPEYES,Brooklyn,Chicken,A,13,2025-01-13
POPEYES,Brooklyn,Chicken,A,10,2023-12-21
POPEYES,Brooklyn,Chicken,A,9,2026-05-28
POPEYES,Brooklyn,Chicken,A,10,2026-03-10
POPEYES,Brooklyn,Chicken,A,12,2024-07-03
POPEYES,Brooklyn,Chicken,B,25,2023-12-14
POPEYES,Brooklyn,Chicken,B,26,2025-07-15
POPEYES,Brooklyn,Chicken,C,28,2026-01-15
POPEYES LOUISIANA CHICKEN,Brooklyn,Chicken,A,10,2025-02-05
POPEYES LOUISIANA KITCHEN,Brooklyn,Chicken,A,12,2024-08-20
POPEYES LOUISIANA KITCHEN,Brooklyn,Chicken,A,11,2025-10-16
POPEYES LOUISIANA KITCHEN,Brooklyn,Chicken,B,19,2026-06-08
POPEYES LOUISIANA KITCHEN,Brooklyn,Chicken,B,22,2024-10-30
POPEYES LOUISIANA KITCHEN,Brooklyn,Chicken,C,54,2025-07-03
POPPY'S,Brooklyn,American,A,13,2026-07-20
POPPY'S CATERING + EVENTS,Brooklyn,American,A,9,2024-01-03
PORTAL LATINO,Brooklyn,Latin American,B,26,2024-09-05
PORTAL LATINO,Brooklyn,Latin American,C,57,2022-11-21
POULETTE,Brooklyn,Chicken,A,10,2025-07-28
PPL COFFEE,Brooklyn,Coffee/Tea,A,12,2023-09-22
PRATT INSTITUTE - PI SHOP,Brooklyn,American,A,12,2025-04-18
PRATT INSTITUTE HIGGINS HALL(STUDIO GRIND),Brooklyn,Coffee/Tea,A,10,2026-03-10
PRATT INSTITUTE MAIN CAFE,Brooklyn,American,A,7,2025-05-09
PREM THAI RESTAURANT & NOODLE BAR,Brooklyn,Thai,C,31,2026-08-04
PRINCE TEA HOUSE,Brooklyn,Coffee/Tea,A,13,2024-04-08
PRINCESA BAKERY & RESTAURANT,Brooklyn,Latin American,B,17,2025-07-23
PRINCESS MANOR,Brooklyn,Continental,A,2,2025-07-02
PRINCESS PIZZERIA,Brooklyn,Pizza,A,10,2024-08-29
PRINCESS PIZZERIA,Brooklyn,Pizza,A,11,2025-12-11
PROGRESO HONDURAS,Brooklyn,Latin American,A,12,2026-03-09
PROPAGANDA,Brooklyn,American,A,13,2025-01-21
PROSPECT THAI,Brooklyn,Thai,A,12,2025-04-30
PROVINI,Brooklyn,Italian,A,13,2024-12-07
PUBLIC DISPLAY OF AFFECTION,Brooklyn,Pizza,B,24,2025-12-04
PUBLIC RECORDS,Brooklyn,Vegan,A,12,2025-05-07
PUEBLO QUERIDO COFFEE,Brooklyn,Coffee/Tea,A,9,2025-04-16
PUEBLO QUERIDO COFFEE ROASTERS,Brooklyn,Coffee/Tea,A,10,2024-06-13
PUERTA DEL SOL,Brooklyn,Latin American,B,23,2024-02-15
PUERTO RICO RESTAURANT & PIZZA,Brooklyn,Spanish,B,25,2025-11-10
PUFF'S,Brooklyn,Caribbean,C,42,2024-07-24
PUNTO SABROSO BAKERY,Brooklyn,Bakery Products/Desserts,C,34,2025-07-16
PURA VIDA,Brooklyn,American,A,10,2026-07-08
PURE BISTRO,Brooklyn,American,A,7,2025-06-17
PURE BISTRO,Brooklyn,American,A,12,2024-04-05
PURE GREEN,Brooklyn,"Juice, Smoothies, Fruit Salads",B,16,2022-12-02
PURE GREEN,Brooklyn,"Juice, Smoothies, Fruit Salads",C,32,2023-10-19
PURI BAKERY,Brooklyn,Eastern European,A,12,2026-03-02
PURITY DINER,Brooklyn,American,A,12,2024-03-04
PURITY DINER,Brooklyn,American,A,11,2026-08-21
Q & Q HOUSE,Brooklyn,Chinese,A,4,2023-05-31
QAHWAH HOUSE,Brooklyn,Coffee/Tea,C,32,2026-06-26
QAHWAH HOUSE,Brooklyn,Coffee/Tea,C,55,2023-12-28
QDOBA MEXICAN EATS,Brooklyn,Mexican,A,5,2023-05-31
QUALITY CHOICE RESTAURANT AND JUICE BAR,Brooklyn,Other,A,13,2025-12-23
QUALITY GREENS KITCHEN,Brooklyn,Salads,A,9,2023-11-21
QUEEN,Brooklyn,Middle Eastern,C,42,2022-12-27
QUENTIN PIZZERIA,Brooklyn,Pizza,A,11,2024-04-15
QUEZADA RESTAURANT,Brooklyn,Latin American,A,13,2024-08-16
QUEZADA RESTAURANT,Brooklyn,Latin American,C,41,2025-12-16
QUIUBO BAKERY,Brooklyn,Latin American,A,13,2026-08-05
R & R WEST INDIAN CUIZINE,Brooklyn,Caribbean,B,27,2024-12-30
R & R WEST INDIAN CUIZINE,Brooklyn,Caribbean,B,17,2024-03-29
R-1 HOT PIZZA,Brooklyn,Pizza,A,9,2024-03-04
RADEGAST HALL & BIERGARTEN,Brooklyn,German,B,18,2024-03-15
RADHUNI SWEETS & RESTAURANT,Brooklyn,Bangladeshi,B,22,2025-10-17
RADHUNI SWEETS & RESTAURANT,Brooklyn,Bangladeshi,B,25,2024-11-12
RADHUNI SWEETS & RESTAURANT,Brooklyn,Bangladeshi,B,16,2025-08-22
RADHUNI SWEETS & RESTAURANT,Brooklyn,Bangladeshi,C,28,2026-01-05
RADIO BAKERY,Brooklyn,Bakery Products/Desserts,A,13,2025-11-06
RAIZES CHURRASCARIA,Brooklyn,Portuguese,B,17,2024-03-22
RAKUZEN,Brooklyn,Japanese,A,12,2023-08-08
RAMEN DANBO,Brooklyn,Japanese,B,19,2023-01-09
RAMEN DANBO,Brooklyn,Japanese,C,46,2024-12-16
RAMEN SPOT,Brooklyn,Asian/Asian Fusion,A,12,2025-05-28
RAMEN SPOT,Brooklyn,Asian/Asian Fusion,C,35,2024-02-20
RAMONITA'S,Brooklyn,Latin American,A,12,2024-06-24
RAS PLANT BASED,Brooklyn,Ethiopian,A,13,2024-08-21
RAS PLANT BASED,Brooklyn,Ethiopian,B,25,2026-03-10
RASH,Brooklyn,American,C,35,2024-12-18
RAZAG HALL,Brooklyn,Jewish/Kosher,A,7,2026-02-03
RAZOR'S BAR & LOUNGE,Brooklyn,Spanish,B,22,2018-10-27
RAZOR'S BAR & LOUNGE,Brooklyn,Spanish,B,15,2017-06-29
RE LA GUN TANG,Brooklyn,Chinese,B,27,2024-10-04
REALCARIBBEANPOT RESTAURANT & BAKERY,Brooklyn,Caribbean,C,41,2023-09-18
REBECCA'S,Brooklyn,American,A,9,2025-02-06
REBECCA'S,Brooklyn,American,A,12,2023-03-31
REBEN LUNCHEONETTE,Brooklyn,Spanish,A,13,2025-04-02
RECLAMATION BAR,Brooklyn,American,A,12,2026-04-07
RED CRAB JUICY SEAFOOD & BAR,Brooklyn,Seafood,A,12,2026-01-05
RED HOOK LOBSTER POUND,Brooklyn,Seafood,A,13,2024-07-17
RED LOBSTER,Brooklyn,Seafood,A,12,2025-02-05
RED ROVER,Brooklyn,Coffee/Tea,A,10,2024-08-12
RED SUN RESTAURANT,Brooklyn,Chinese,B,24,2024-08-22
RED TABLE CAFE,Brooklyn,American,A,7,2026-01-28
RED TABLE CAFE,Brooklyn,American,A,12,2024-09-23
REINA DE LA NUBE,Brooklyn,Latin American,C,30,2025-09-11
RENAISSANCE CAFE,Brooklyn,Jewish/Kosher,A,13,2026-06-09
RESTAURANTE GUATEMALTECO EL PETEN,Brooklyn,Spanish,C,35,2024-12-26
RETRO,Brooklyn,Polish,B,23,2025-01-22
REUNION,Brooklyn,Coffee/Tea,B,21,2025-09-05
RICE & BEANS,Brooklyn,Latin American,A,11,2023-04-12
RICE & BEANS,Brooklyn,Latin American,A,11,2024-12-19
RICE & BEANS,Brooklyn,Latin American,A,13,2025-11-26
RICE PIE,Brooklyn,Chinese,B,27,2024-06-03
RICHARD'S HALL AND LOUNGE,Brooklyn,Caribbean,C,41,2024-12-17
RICHARDS RESTAURANT AND GRILL,Brooklyn,Caribbean,B,23,2025-05-27
RICHIE'S CROWN HEIGHTS,Brooklyn,Other,A,9,2026-07-16
RICO POLLO II,Brooklyn,Latin American,B,23,2024-12-16
RICO POLLO III,Brooklyn,Latin American,C,39,2025-09-25
RICOS TACOS,Brooklyn,Mexican,B,21,2022-09-06
RICOS TACOS,Brooklyn,Mexican,B,23,2025-02-19
RICOTTA COFFEE,Brooklyn,Jewish/Kosher,B,16,2024-10-28
RICOTTA COFFEE,Brooklyn,Jewish/Kosher,C,30,2025-12-08
RIMINI PASTRY SHOPPE,Brooklyn,Bakery Products/Desserts,B,27,2024-11-14
RINCONCITO CHAPIN 2,Brooklyn,Latin American,A,12,2026-01-30
RINCONCITO FAMILIAR MEXICAN CUISINE,Brooklyn,Mexican,B,25,2025-01-17
RINCONCITO FAMILIAR MEXICAN CUISINE,Brooklyn,Mexican,B,23,2024-04-03
RISBO,Brooklyn,French,A,13,2024-09-25
RITA & MARIA,Brooklyn,American,A,9,2025-02-07
RITA'S ITALIAN ICE & FROZEN CUSTARD,Brooklyn,Frozen Desserts,B,24,2026-03-19
RIVERA'S BAGEL CAFE,Brooklyn,Bagels/Pretzels,A,13,2024-12-21
RIVERA'S BAGEL CAFE,Brooklyn,Bagels/Pretzels,A,12,2026-05-11
RMR CAFE,Brooklyn,American,A,9,2024-05-23
ROAST 28,Brooklyn,Chinese,A,11,2025-12-13
ROBERTA'S,Brooklyn,Pizza,B,22,2024-12-12
ROBERTA'S,Brooklyn,Pizza,B,16,2022-12-28
ROCCO PIZZA,Brooklyn,Pizza,A,13,2024-07-08
ROCCO PIZZA III,Brooklyn,American,A,13,2022-12-08
ROCCO PIZZA III,Brooklyn,American,A,5,2023-09-05
ROCKA ROLLA,Brooklyn,American,A,10,2024-10-29
ROEBLING PIZZERIA,Brooklyn,Pizza,A,11,2024-09-19
ROEBLING SPORTING CLUB,Brooklyn,American,A,13,2024-07-17
ROEBLING SPORTING CLUB,Brooklyn,American,A,12,2026-02-04
ROKA MODERN MEDITERRANEAN,Brooklyn,Mediterranean,B,22,2024-05-07
ROMA PIZZA,Brooklyn,Pizza,A,13,2024-01-23
ROMA PIZZA,Brooklyn,Pizza,A,12,2023-07-19
ROMA PIZZA,Brooklyn,Pizza,C,5,2022-12-02
ROMPE CHIMI,Brooklyn,Fusion,A,13,2023-08-08
ROOM 205,Brooklyn,Coffee/Tea,A,12,2025-09-22
ROOM 205,Brooklyn,Coffee/Tea,A,7,2024-06-26
ROOTS CAFE,Brooklyn,American,A,12,2025-08-04
ROSA'S PIZZA,Brooklyn,Pizza,C,59,2023-11-06
ROSA'S STEAKHOUSE,Brooklyn,Other,B,20,2026-04-27
ROSALIA'S CAFE,Brooklyn,Coffee/Tea,B,19,2024-02-20
ROSARIO PIZZA,Brooklyn,Pizza,C,32,2025-10-22
ROSIE PIZZA BAR,Brooklyn,Pizza,B,26,2025-09-08
ROTI-R-US,Brooklyn,Caribbean,C,0,2024-03-15
ROWE'S RESTAURANT,Brooklyn,Caribbean,B,13,2024-08-26
ROYAL BAKERY & ROTI,Brooklyn,Caribbean,A,5,2024-04-05
RU YI CHINESE RESTAURANT,Brooklyn,Chinese,C,39,2026-03-05
RUNNER & STONE,Brooklyn,New American,A,11,2023-01-26
RUSSIAN BATHS,Brooklyn,Russian,A,13,2026-01-12
RUSTIK TAVERN,Brooklyn,American,A,12,2024-07-05
RUZANA,Brooklyn,Mediterranean,C,33,2023-03-27
S & M PIZZA,Brooklyn,Pizza,B,20,2024-03-26
SABOR ANDINO,Brooklyn,Latin American,A,13,2024-03-14
SABOR CARIBE RESTAURANT,Brooklyn,Latin American,A,9,2024-07-11
SABOR CARIBE RESTAURANT,Brooklyn,Latin American,B,26,2026-01-22
SABOR DE COLOMBIA RESTAURANT & BAKERY,Brooklyn,Latin American,A,12,2025-07-17
SABOR LATINO,Brooklyn,Latin American,A,12,2026-08-05
SABOR RESTAURANT & BAKERY,Brooklyn,Latin American,C,45,2025-02-25
SABOR TROPICAL,Brooklyn,Spanish,A,12,2026-02-28
SABOR TROPICAL,Brooklyn,Spanish,A,13,2024-11-06
SABORES DE MI TIERRA,Brooklyn,Spanish,B,23,2024-09-30
SABORES DE MI TIERRA,Brooklyn,Spanish,B,26,2026-02-06
SAFIR BAKERY & CAFE,Brooklyn,Bakery Products/Desserts,B,26,2025-07-09
SAFIR BAKERY & CAFE,Brooklyn,Bakery Products/Desserts,B,26,2026-04-15
SAFIR BAKERY & CAFE,Brooklyn,Bakery Products/Desserts,C,28,2025-11-26
SAI'S CAFE,Brooklyn,Bakery Products/Desserts,C,60,2025-08-15
SAIGON BAR AND GRILL,Brooklyn,Southeast Asian,B,22,2024-09-04
SAIGON BAR AND GRILL,Brooklyn,Southeast Asian,C,38,2022-08-12
SAILOR,Brooklyn,New American,A,7,2026-02-04
SAINT JULIVERT,Brooklyn,Seafood,A,13,2023-10-18
SAINT JULIVERT,Brooklyn,Seafood,A,9,2026-01-16
SAJHOMA RESTAURANT,Brooklyn,Caribbean,A,12,2024-09-03
SAJOMA,Brooklyn,Latin American,B,20,2024-05-10
SAJOMA,Brooklyn,Latin American,B,17,2025-09-05
SAJOMA,Brooklyn,Latin American,B,23,2025-08-25
SAKURA JAPANESE RESTAURANT,Brooklyn,Japanese,A,13,2025-11-24
SAKURA JAPANESE RESTAURANT,Brooklyn,Japanese,A,9,2023-12-28
SAKURA TOKYO,Brooklyn,Japanese,A,11,2025-01-31
SAL'S PIZZERIA,Brooklyn,Pizza,A,12,2026-05-15
SAL'S PIZZERIA,Brooklyn,Pizza,B,17,2024-12-18
SALLY'S,Brooklyn,Caribbean,A,12,2026-03-25
SALLY'S CARIBBEAN RESTAURANT,Brooklyn,Caribbean,B,25,2024-03-26
SALT + CHARCOAL,Brooklyn,Japanese,C,39,2024-03-06
SALUD RESTAURANT,Brooklyn,Tapas,B,16,2016-10-12
SAM'S BAGEL,Brooklyn,American,A,12,2024-05-13
SAM'S PEARL ST DELI,Brooklyn,Sandwiches,A,12,2025-05-12
SAM'S PEARL ST DELI,Brooklyn,Sandwiches,A,11,2023-10-30
SAMURAI MAMA,Brooklyn,Japanese,A,9,2022-10-24
SAMURAI PAPA,Brooklyn,Japanese,A,9,2022-12-05
SAN PEDRO,Brooklyn,Mexican,B,18,2023-09-27
SAN REMO PIZZERIA,Brooklyn,Pizza,A,12,2026-08-24
SAN REMO PIZZERIA,Brooklyn,Pizza,A,13,2025-08-29
SAPPORO,Brooklyn,Japanese,A,9,2025-03-21
SARAGHINA CAFFE,Brooklyn,Italian,A,8,2023-12-14
SARAGHINA CAFFE,Brooklyn,Italian,A,12,2025-05-23
SAUCE AND SODA,Brooklyn,Pizza,C,7,2024-01-16
SAUCED,Brooklyn,New American,A,11,2026-05-06
SAUCED,Brooklyn,New American,A,10,2024-09-15
SAVORY THAI,Brooklyn,Thai,A,4,2026-02-04
SAVOY BAKERY,Brooklyn,Chinese,A,5,2024-09-11
SAZON PEREZ,Brooklyn,Latin American,A,12,2024-09-30
SBARRO,Brooklyn,Pizza,A,13,2025-12-03
SCHICK'S MANOR,Brooklyn,Jewish/Kosher,A,12,2026-04-20
SEA THAI,Brooklyn,Thai,B,24,2026-02-03
SEA WOLF,Brooklyn,American,C,24,2026-03-18
SEA WOLF,Brooklyn,American,C,30,2023-04-19
SEASON RESTAURANT,Brooklyn,Chinese,B,17,2025-03-18
SECRET POUR,Brooklyn,American,A,7,2023-03-09
SEEHER BAKERY,Brooklyn,Bakery Products/Desserts,A,11,2025-01-17
SEOR PIZZA,Brooklyn,Other,A,5,2026-03-12
SEPTEMBER,Brooklyn,Coffee/Tea,A,12,2025-01-29
SEPTEMBER,Brooklyn,Coffee/Tea,B,20,2024-02-21
SERENITY CAFE,Brooklyn,American,C,39,2025-08-11
SESAME BAKERY,Brooklyn,Jewish/Kosher,C,31,2024-08-22
SETAGAYA,Brooklyn,Asian/Asian Fusion,A,7,2023-11-21
SHAH'S HALAL FOOD,Brooklyn,Middle Eastern,C,49,2026-06-09
SHAKE SHACK,Brooklyn,Hamburgers,A,13,2024-07-02
SHAKE SHACK NEW YORK,Brooklyn,American,A,12,2023-12-21
SHAKING CRAB,Brooklyn,Seafood,A,11,2025-03-26
SHAMA RESTAURANT & SWEETS,Brooklyn,Pakistani,A,12,2026-09-08
SHAMA RESTAURANT & SWEETS,Brooklyn,Pakistani,C,30,2026-04-01
SHAN,Brooklyn,Chinese,A,13,2022-06-09
SHANDAR SWEET & RESTAURANT,Brooklyn,Pakistani,B,22,2024-12-09
SHANDAR SWEET & RESTAURANT,Brooklyn,Pakistani,B,27,2025-07-29
SHANE'S,Brooklyn,Creole,B,19,2025-07-14
SHANE'S,Brooklyn,Creole,B,23,2026-02-26
SHASHEMENE INT'L RESTAURANT,Brooklyn,Caribbean,A,7,2026-08-07
SHASHLIK HOUSE,Brooklyn,Turkish,B,18,2023-03-24
SHASHLIK HOUSE,Brooklyn,Eastern European,C,51,2024-02-27
SHAURMA FACTORY,Brooklyn,Middle Eastern,B,19,2025-04-25
SHAWARMA MIA,Brooklyn,Turkish,A,9,2023-11-06
SHAWARMA MIA,Brooklyn,Turkish,B,21,2025-11-25
SHAXIAN 888,Brooklyn,Chinese,A,10,2026-01-13
SHEBA HOOKAH LOUNGE,Brooklyn,Middle Eastern,B,14,2022-11-22
SHEBA HOOKAH LOUNGE,Brooklyn,Middle Eastern,C,28,2025-01-02
SHEEP BY BARASHKA,Brooklyn,Eastern European,B,24,2025-03-20
SHEEPSHEAD BAY YACHT CLUB,Brooklyn,American,A,7,2022-11-14
SHELSKY'S BROOKLYN BAGELS,Brooklyn,Bagels/Pretzels,A,6,2023-12-04
SHEPHERD'S CUP,Brooklyn,Coffee/Tea,A,12,2026-01-12
SHERDOR,Brooklyn,Eastern European,B,26,2026-06-04
SHIAWASE,Brooklyn,Japanese,A,7,2025-11-19
SHIAWASE,Brooklyn,Japanese,C,44,2023-10-05
SHIHAODIAN BAKERY,Brooklyn,Bakery Products/Desserts,B,26,2025-07-31
SHOBU SUSHI & GRILL,Brooklyn,Japanese,A,13,2024-12-12
SHOKUNIN BBQ,Brooklyn,Barbecue,B,26,2025-11-22
SHOKUNIN BBQ,Brooklyn,Barbecue,B,14,2023-01-17
SHUNDECK RESTAURANT,Brooklyn,Asian/Asian Fusion,B,24,2026-05-26
SI N'SHPI,Brooklyn,Eastern European,C,35,2025-04-29
SIENA,Brooklyn,Jewish/Kosher,A,2,2026-05-04
SIENA,Brooklyn,Jewish/Kosher,A,4,2024-03-20
SIGNATURE / FALADA,Brooklyn,Russian,A,12,2023-12-28
SILVER CRUST RESTAURANT,Brooklyn,Caribbean,A,9,2025-10-22
SILVER RICE,Brooklyn,Japanese,A,10,2026-06-10
SIMONE'S JAMAICAN CUISINE,Brooklyn,Caribbean,A,13,2025-05-28
SIMONE'S JAMAICAN CUISINE,Brooklyn,Caribbean,A,7,2022-12-09
SIMPLY GREEK,Brooklyn,Greek,B,23,2024-11-20
SIMPLY NOVA,Brooklyn,Sandwiches/Salads/Mixed Buffet,C,43,2025-10-24
SINGERS,Brooklyn,American,A,12,2024-12-18
SIP & PLAY,Brooklyn,American,C,28,2024-03-25
SIP AND SAVOR,Brooklyn,American,B,22,2026-03-16
SIP AND SAVOR,Brooklyn,American,B,25,2024-11-26
SIPS & SALT,Brooklyn,Jewish/Kosher,A,13,2023-05-31
SISTER'S & FAMILY RESTAURANT,Brooklyn,African,B,23,2023-04-19
SISTER'S & FAMILY RESTAURANT,Brooklyn,African,C,34,2024-05-06
SIX2 RESTAURANT & BAKERY,Brooklyn,Caribbean,B,23,2024-04-22
SIZZLING WOK,Brooklyn,Jewish/Kosher,A,13,2024-08-26
SKINFLINTS RESTAURANT,Brooklyn,American,A,13,2025-11-08
SKINNY DENNIS,Brooklyn,American,A,13,2024-03-18
SKINNY DENNIS,Brooklyn,American,A,11,2025-07-24
SKYWISE LOUNGE,Brooklyn,Fusion,A,3,2026-05-09
SLOW LORIS,Brooklyn,Korean,A,11,2026-09-10
SMASHBURGER,Brooklyn,American,B,27,2023-01-23
SMASHBURGER #1712,Brooklyn,Hamburgers,A,12,2024-10-31
SMASHED,Brooklyn,American,A,10,2022-05-23
SMILING PIZZA,Brooklyn,Pizza,A,13,2024-07-03
SMITH DELI,Brooklyn,American,A,11,2026-08-05
SMITH STREET BAGELS,Brooklyn,American,A,13,2024-06-12
SMITH'S TAVERN,Brooklyn,Irish,A,13,2026-05-05
SMOOTHIE KING,Brooklyn,"Juice, Smoothies, Fruit Salads",A,12,2026-04-07
SOBRE MASA,Brooklyn,Mexican,A,13,2025-11-21
SOCCER TAVERN,Brooklyn,Irish,A,2,2024-06-21
SOCIAL HOUSE CAFE,Brooklyn,Coffee/Tea,A,11,2025-10-09
SOCIALE,Brooklyn,Italian,C,43,2025-08-19
SOFIA,Brooklyn,Italian,A,8,2025-08-27
SOFIA,Brooklyn,Italian,A,13,2024-05-16
SOFIA,Brooklyn,Mexican,A,10,2023-11-21
SOHO CAFE & GRILL,Brooklyn,American,A,13,2025-06-27
SOHO CAFE & GRILL,Brooklyn,American,A,12,2024-03-05
SOLDIER RESTAURANT,Brooklyn,Caribbean,C,31,2024-03-25
SOLDIER RESTAURANT BUFFET,Brooklyn,Caribbean,C,31,2026-01-06
SOLDIER RESTAURANT BUFFET,Brooklyn,Caribbean,C,34,2025-07-23
SOLDIERS CARIBBEAN BUFFET RESTAURANT,Brooklyn,Caribbean,B,25,2024-11-25
SOLE CAFE,Brooklyn,Coffee/Tea,A,10,2025-08-21
SOMETHINGREEK,Brooklyn,Mediterranean,A,11,2024-07-03
SONIC,Brooklyn,Hamburgers,A,7,2024-01-09
SOSAKU JAPANESE RESTAURANT,Brooklyn,Japanese,B,25,2024-02-09
SOTTO CASA,Brooklyn,Pizza,B,19,2025-05-29
SOTTO VOCE,Brooklyn,Italian,A,13,2026-02-03
SOUL OF THE SEA,Brooklyn,American,A,12,2024-06-27
SOULKOFA,Brooklyn,Vegan,C,35,2025-09-26
SOULKOFA,Brooklyn,Vegan,C,30,2025-01-28
SOUND & FURY BREWERY,Brooklyn,American,A,12,2024-11-13
SOUP N BURGER,Brooklyn,American,A,13,2026-03-06
SPECIAL RESTAURANT,Brooklyn,Chinese,A,13,2025-07-03
SPEEDY ROMEO,Brooklyn,Pizza,C,33,2023-11-14
SPICE FIFTY TWO,Brooklyn,Jewish/Kosher,A,13,2024-09-25
SPICES CUISINE,Brooklyn,Caribbean,B,16,2026-03-11
SPIROS RESTAUTRANT,Brooklyn,American,A,11,2025-11-24
SPREAD LOVE & EAT,Brooklyn,Vegan,C,38,2025-01-30
SPREAD LOVE & JUICE,Brooklyn,"Juice, Smoothies, Fruit Salads",B,22,2024-04-03
SPRING GARDEN,Brooklyn,Chinese,A,13,2023-02-06
SPRINGBONE KITCHEN,Brooklyn,Soups,C,47,2024-01-25
SPRINKLES,Brooklyn,Frozen Desserts,B,27,2023-11-13
SPRINKLES,Brooklyn,Frozen Desserts,B,26,2025-09-10
ST. FRANCIS COLLEGE,Brooklyn,American,A,12,2024-05-03
ST. MAZIE,Brooklyn,American,C,40,2022-01-20
STANG THAI,Brooklyn,Thai,A,9,2024-10-03
STANG THAI,Brooklyn,Thai,C,56,2026-01-13
STANLEY COFFEE SHOP,Brooklyn,Spanish,A,13,2024-09-27
STANLEY COFFEE SHOP,Brooklyn,Spanish,A,13,2023-11-21
STANLEY COFFEE SHOP,Brooklyn,Spanish,B,27,2025-10-23
STAR SPICE,Brooklyn,Caribbean,A,12,2025-10-02
STARBUCKS,Brooklyn,Coffee/Tea,A,7,2026-06-25
STARBUCKS,Brooklyn,Coffee/Tea,A,11,2026-02-12
STARBUCKS,Brooklyn,Coffee/Tea,A,8,2026-03-23
STARBUCKS,Brooklyn,Coffee/Tea,A,10,2023-06-27
STARBUCKS,Brooklyn,Coffee/Tea,A,3,2023-03-15
STARBUCKS,Brooklyn,Coffee/Tea,A,7,2026-03-05
STARBUCKS,Brooklyn,Coffee/Tea,A,12,2025-12-26
STARBUCKS,Brooklyn,Coffee/Tea,A,7,2024-08-15
STARBUCKS,Brooklyn,Coffee/Tea,A,13,2024-09-20
STARBUCKS,Brooklyn,Coffee/Tea,A,13,2025-08-29
STARBUCKS,Brooklyn,Coffee/Tea,A,3,2024-10-11
STARBUCKS,Brooklyn,Coffee/Tea,A,13,2024-06-03
STARBUCKS,Brooklyn,Coffee/Tea,A,12,2025-09-18
STARBUCKS,Brooklyn,Coffee/Tea,B,24,2023-12-04
STARBUCKS #54446,Brooklyn,Coffee/Tea,A,13,2022-11-07
STARBUCKS #7358,Brooklyn,Coffee/Tea,A,12,2024-08-16
STARBUCKS COFFEE,Brooklyn,Coffee/Tea,A,5,2026-04-10
STARBUCKS COFFEE,Brooklyn,Coffee/Tea,A,0,2025-05-06
STARBUCKS COFFEE #29719,Brooklyn,Coffee/Tea,A,0,2026-05-21
STARBUCKS COFFEE #48170,Brooklyn,Coffee/Tea,A,9,2026-04-22
STARBUCKS COFFEE #50622,Brooklyn,Coffee/Tea,A,12,2026-05-06
STATUS Q,Brooklyn,American,A,6,2024-11-04
STAY FIT NUTRITION,Brooklyn,"Juice, Smoothies, Fruit Salads",A,12,2023-08-16
STERLING CRUST WEST INDIAN RESTAURANT,Brooklyn,Caribbean,B,26,2025-02-24
STILLWELL SOCCER SPORTS,Brooklyn,Coffee/Tea,A,12,2025-06-20
STOCKED CAFE & BURGERS,Brooklyn,Soups/Salads/Sandwiches,A,13,2023-05-25
STOCKED CAFE & BURGERS,Brooklyn,Soups/Salads/Sandwiches,A,9,2024-06-30
STOLOVAYA,Brooklyn,Russian,A,5,2023-05-22
STONE PARK CAFE,Brooklyn,Brazilian,B,19,2024-11-23
STONEFRUIT,Brooklyn,Coffee/Tea,B,24,2025-08-15
STONEFRUIT,Brooklyn,Coffee/Tea,C,52,2023-11-22
STOWAWAY,Brooklyn,American,A,5,2025-09-10
STOWAWAY,Brooklyn,American,C,12,2023-09-19
SUBWAY,Brooklyn,Sandwiches,A,10,2025-05-12
SUBWAY,Brooklyn,Sandwiches,A,12,2025-09-24
SUBWAY,Brooklyn,Sandwiches,A,12,2024-02-01
SUBWAY,Brooklyn,Sandwiches/Salads/Mixed Buffet,A,10,2024-03-21
SUBWAY,Brooklyn,Sandwiches,A,2,2025-02-04
SUBWAY,Brooklyn,Sandwiches,A,5,2025-11-03
SUBWAY,Brooklyn,American,A,13,2025-08-27
SUBWAY,Brooklyn,Sandwiches,A,8,2025-07-15
SUBWAY,Brooklyn,Sandwiches,A,12,2024-02-08
SUBWAY,Brooklyn,Sandwiches,A,13,2023-08-15
SUBWAY,Brooklyn,Sandwiches,A,13,2022-12-29
SUBWAY,Brooklyn,American,A,7,2025-10-21
SUBWAY,Brooklyn,Sandwiches,A,12,2025-10-28
SUBWAY,Brooklyn,Sandwiches/Salads/Mixed Buffet,A,13,2026-06-23
SUBWAY,Brooklyn,Sandwiches,A,13,2024-11-12
SUBWAY,Brooklyn,American,A,11,2023-03-23
SUBWAY,Brooklyn,Sandwiches,A,13,2026-03-06
SUBWAY,Brooklyn,Sandwiches,A,10,2025-12-07
SUBWAY,Brooklyn,Sandwiches,A,11,2024-01-22
SUBWAY,Brooklyn,Sandwiches,A,13,2026-02-10
SUBWAY,Brooklyn,Sandwiches,B,18,2025-01-31
SUBWAY,Brooklyn,Sandwiches,B,16,2025-05-30
SUBWAY,Brooklyn,Sandwiches,B,17,2025-07-16
SUBWAY,Brooklyn,Sandwiches,B,17,2024-11-01
SUBWAY,Brooklyn,Sandwiches,B,23,2024-09-04
SUBWAY,Brooklyn,Sandwiches,C,34,2023-12-15
SUBWAY,Brooklyn,Sandwiches,C,0,2025-09-19
SUGAR'D,Brooklyn,Caribbean,C,42,2025-11-15
SUMI SUSHI,Brooklyn,Japanese,A,7,2025-08-05
SUMP COFFEE,Brooklyn,Coffee/Tea,A,13,2026-02-26
SUN DAO 777,Brooklyn,Chinese,A,13,2026-04-11
SUN GARDEN,Brooklyn,Chinese,A,5,2025-02-18
SUNGOLD / WATER TOWER BAR / ART WILLIAMSBURG / LOBBY BAR / MIRROR BAR,Brooklyn,American,A,10,2025-01-15
SUNNY CHEN CHINESE RESTAURANT,Brooklyn,Chinese,A,4,2025-10-31
SUNNY CHEN CHINESE RESTAURANT,Brooklyn,Chinese,B,23,2024-08-21
SUNRISE BAKERY,Brooklyn,Chinese,A,13,2024-12-10
SUNRISE BAKERY,Brooklyn,Chinese,C,30,2023-11-17
SUNRISE BAKERY,Brooklyn,Bakery Products/Desserts,C,34,2024-11-15
SUNRISE ESPRESSO BAR,Brooklyn,Mexican,A,12,2026-08-25
SUNSET BAGELS,Brooklyn,American,A,13,2023-03-08
SUNSET BAGELS,Brooklyn,Bagels/Pretzels,A,2,2023-10-23
SUNSET DINER,Brooklyn,American,A,12,2025-07-22
SUNSET NUTRITION,Brooklyn,"Juice, Smoothies, Fruit Salads",A,5,2026-03-26
SUNSET PARK DINER & DONUTS,Brooklyn,American,A,12,2025-11-28
SUNSET PARK DINER & DONUTS,Brooklyn,American,A,11,2024-07-22
SUNSET PARK DINER & DONUTS,Brooklyn,American,B,25,2023-12-08
SUNSET PIZZA,Brooklyn,Pizza,A,9,2022-04-13
SUNSET PIZZA,Brooklyn,Pizza,B,20,2025-02-11
SUNSET STOOP,Brooklyn,Latin American,A,12,2026-05-14
SUPER BURRITO,Brooklyn,Mexican,A,13,2024-11-13
SUPER POLLO TO GO,Brooklyn,Spanish,A,12,2022-11-03
SUPER SKYWAY RESTAURANT & KEBAB HOUSE,Brooklyn,Pakistani,A,10,2025-06-16
SUPER SKYWAY RESTAURANT & KEBAB HOUSE,Brooklyn,Pakistani,B,22,2022-07-21
SUPERIOR WONTON NOODLE,Brooklyn,Chinese,A,13,2023-07-10
SUPERIOR WONTON NOODLE,Brooklyn,Chinese,B,27,2025-04-28
SUPREME PIZZA,Brooklyn,Pizza,B,24,2025-03-19
SURF PIZZA & WINGS,Brooklyn,Pizza,C,36,2025-02-03
SUSHI D,Brooklyn,Seafood,B,14,2023-03-26
SUSHI GALLERY,Brooklyn,Japanese,A,7,2026-08-20
SUSHI KING,Brooklyn,Japanese,A,12,2024-12-03
SUSHI KING,Brooklyn,Japanese,A,2,2023-10-11
SUSHI KING,Brooklyn,Japanese,A,9,2026-03-20
SUSHI LIN,Brooklyn,Japanese,A,12,2025-11-22
SUSHI MESHUGAH,Brooklyn,Jewish/Kosher,C,31,2024-08-15
SUSHI MIKASA,Brooklyn,Japanese,A,8,2025-11-13
SUSHI SPOT II,Brooklyn,Jewish/Kosher,A,13,2026-08-12
SUSHI TA'EEM,Brooklyn,Jewish/Kosher,A,10,2024-10-21
SUSHI TOKYO,Brooklyn,Jewish/Kosher,B,27,2024-03-25
SVG CARIBBEAN BAKERY AND RESTAURANT,Brooklyn,Caribbean,A,8,2025-06-18
SWALLOW CAFE,Brooklyn,Coffee/Tea,C,34,2024-08-29
SWEET BASIL,Brooklyn,Thai,A,13,2026-02-17
SWEET CATCH,Brooklyn,Seafood,B,16,2024-12-15
SWEET CHICK,Brooklyn,American,A,2,2025-01-29
SWEET CHICK,Brooklyn,American,B,16,2022-11-09
SWEET FIRE CAFE & STUDIO,Brooklyn,Vegan,A,11,2025-03-20
SWEET POLLY,Brooklyn,American,A,13,2024-09-25
SWEET TALK,Brooklyn,American,A,11,2024-06-01
SWEETBEE COFFEE,Brooklyn,Coffee/Tea,A,12,2024-02-21
SWEETFISH,Brooklyn,Seafood,A,0,2022-06-09
SWEETFISH,Brooklyn,Seafood,B,18,2025-04-10
SWEETFISH,Brooklyn,Seafood,B,24,2023-03-15
SWEETGREEN,Brooklyn,Salads,A,13,2025-12-20
SWEETLEAF COFFEE ROASTERS,Brooklyn,Coffee/Tea,C,41,2023-04-04
SWEETS BAR,Brooklyn,Bottled Beverages,A,12,2023-12-02
SY CUISINE CATERING,Brooklyn,Jewish/Kosher,B,21,2026-01-21
SY CUISINE CATERING,Brooklyn,Jewish/Kosher,B,20,2024-03-22
SY CUISINE CATERING,Brooklyn,Jewish/Kosher,C,29,2025-05-01
SYKO MARKETPLACE,Brooklyn,Asian/Asian Fusion,B,25,2025-04-08
SYLK COVE LOUNGE,Brooklyn,American,B,18,2025-05-02
T-SWIRL CREPE,Brooklyn,Japanese,A,13,2023-06-14
T-SWIRL CREPE,Brooklyn,Japanese,A,12,2025-02-12
TABARE RESTAURANT,Brooklyn,Latin American,A,12,2022-12-10
TABLE 87,Brooklyn,Italian,A,8,2024-01-16
TABLE 87,Brooklyn,Pizza,A,4,2026-08-31
TABLE 87,Brooklyn,Pizza,A,12,2024-10-02
TABLE 87,Brooklyn,Pizza,B,24,2026-04-07
TABU,Brooklyn,Latin American,B,22,2025-03-13
TACI'S BEYTI,Brooklyn,Turkish,A,11,2025-12-22
TACO BELL,Brooklyn,Mexican,A,13,2025-07-09
TACO BELL,Brooklyn,Tex-Mex,A,13,2025-03-31
TACO BELL,Brooklyn,Mexican,A,2,2024-03-26
TACO EXPRESS MEXICAN GRILL,Brooklyn,Mexican,C,51,2026-06-30
TACO SANTANA,Brooklyn,Mexican,B,19,2024-02-08
TACOCINA,Brooklyn,Tex-Mex,A,5,2023-06-29
TACOMBI,Brooklyn,Mexican,A,13,2024-04-19
TACOMBI,Brooklyn,Mexican,B,19,2025-01-09
TACOMBI,Brooklyn,Tex-Mex,B,23,2024-11-18
TACOOMAR,Brooklyn,Tex-Mex,A,10,2023-07-26
TACOS DELICIOSOS EL AMIGO,Brooklyn,Tex-Mex,B,17,2022-08-24
TACOS DELICIOSOS EL AMIGO,Brooklyn,Tex-Mex,B,21,2023-10-23
TACOS EL DORADO,Brooklyn,Spanish,B,27,2024-09-24
TACOS FULTON,Brooklyn,Other,A,12,2025-01-08
TACOS FULTON,Brooklyn,Other,A,12,2026-05-14
TACOS MATAMOROS,Brooklyn,Mexican,A,12,2026-08-03
TACOS MATAMOROS,Brooklyn,Mexican,B,26,2025-01-15
TACOS TIJUANA,Brooklyn,Mexican,A,10,2024-03-13
TAI LAI RESTAURANT,Brooklyn,Chinese,A,9,2024-04-17
TAIM MEDITERRANEAN KITCHEN,Brooklyn,Mediterranean,A,13,2026-01-21
TAJ KABAB KING,Brooklyn,Indian,B,21,2025-09-20
TAJMAHAL RESTAURANT,Brooklyn,Bangladeshi,A,12,2025-03-27
TAKAHACHI S. A.,Brooklyn,Bakery Products/Desserts,B,22,2024-04-26
TAKE AWAY & CAFE,Brooklyn,American,A,10,2025-10-09
TAKU SANDO,Brooklyn,Japanese,B,24,2025-07-14
TALEA BEER CO.,Brooklyn,American,A,0,2025-10-21
TALEA BEER CO.,Brooklyn,American,A,13,2025-03-07
TAMARA'S JAMAICAN RESTAURANT,Brooklyn,Caribbean,B,21,2024-03-22
TANOREEN CATERERS,Brooklyn,Middle Eastern,A,4,2025-10-09
TANOSHII,Brooklyn,Japanese,A,9,2023-06-13
TAQUERIA ACATLAN,Brooklyn,Mexican,A,13,2026-09-12
TAQUERIA EL PATRON,Brooklyn,Mexican,B,27,2023-01-10
TAQUERIA MILEAR,Brooklyn,Mexican,A,12,2025-04-02
TAQUERIA MILEAR,Brooklyn,Mexican,C,40,2023-04-03
TAQUERIA MILEAR,Brooklyn,Mexican,C,62,2024-12-31
TAQUERIA MONARCA,Brooklyn,Mexican,B,24,2023-10-03
TAQUERIA RAMIREZ,Brooklyn,Mexican,A,12,2024-06-13
TAQUERIA SANTA FE,Brooklyn,Mexican,A,12,2024-04-22
TAQUERIA TALAVERA,Brooklyn,Tex-Mex,A,9,2025-02-24
TARTINERY LAB / BEST DAMN BREAKFAST BURRITO,Brooklyn,American,A,5,2025-05-08
TASTE GOOD,Brooklyn,Chinese,C,33,2023-10-16
TASTE OF AKKO,Brooklyn,Mediterranean,A,12,2022-10-06
TASTE OF CHINA,Brooklyn,Chinese,A,10,2022-05-19
TASTE OF CHINA,Brooklyn,Chinese,A,13,2024-03-11
TASTE OF HEAVEN,Brooklyn,Soul Food,A,11,2024-10-30
TASTE THE TROPICS ICE CREAM,Brooklyn,Frozen Desserts,A,12,2025-04-30
TASTEE PATTEE BAKERY AND GRILL,Brooklyn,Caribbean,A,13,2025-01-17
TASTY BITES,Brooklyn,Caribbean,A,11,2025-06-10
TASTY DELICIOUS WEST INDIAN BAKERY & RESTAURANT,Brooklyn,Caribbean,B,20,2025-07-10
TASTY DELICIOUS WEST INDIAN BAKERY& RESTAURANT,Brooklyn,Caribbean,A,10,2026-04-24
TASTY HOUSE,Brooklyn,Chinese,A,11,2025-10-23
TEA FLOWER BAKERY,Brooklyn,Bakery Products/Desserts,B,18,2025-09-04
TEL AVIV CAFE,Brooklyn,Middle Eastern,A,7,2022-07-14
TEMKIN'S,Brooklyn,American,A,13,2025-11-05
TEN ICHI RAMEN,Brooklyn,Japanese,A,9,2025-10-30
TEN ICHI RAMEN,Brooklyn,Japanese,B,27,2024-08-22
TEN SECONDS WESTERN YUNNAN RICE NOODLES,Brooklyn,Chinese,A,7,2026-02-02
TEN SECONDS WESTERN YUNNAN RICE NOODLES,Brooklyn,Chinese,A,6,2024-03-07
TENDA SUSHI,Brooklyn,Asian/Asian Fusion,A,13,2025-02-27
TENZAN SUSHI,Brooklyn,Japanese,A,7,2025-10-27
TEQUILA RESTAURANT,Brooklyn,Mexican,B,17,2023-08-08
TERI'S PIZZERIA,Brooklyn,Pizza,B,26,2026-01-21
TERIYAKI ONE,Brooklyn,Japanese,A,5,2025-09-05
TERRACE,Brooklyn,Mexican,A,9,2024-02-16
TETE A TETE CAFE,Brooklyn,Coffee/Tea,A,5,2025-10-15
TETE-A-TETE,Brooklyn,Russian,C,29,2025-07-30
TEURA,Brooklyn,Mediterranean,A,10,2024-06-29
TEXAS CHICKEN & BURGER,Brooklyn,Chicken,A,12,2024-08-22
TEXAS CHICKEN & BURGERS,Brooklyn,Chicken,A,13,2024-09-27
TEXAS CHICKEN & BURGERS,Brooklyn,Chicken,B,27,2026-01-05
TEXAS CHICKEN & BURGERS,Brooklyn,Chicken,B,25,2026-07-29
TEXAS CHICKEN AND BURGERS,Brooklyn,Chicken,A,10,2025-11-05
TEXTBOOK COFFEE,Brooklyn,Coffee/Tea,B,27,2025-10-30
TEXTBOOK COFFEE,Brooklyn,Coffee/Tea,B,17,2025-04-18
THA KITCHEN,Brooklyn,Caribbean,A,9,2026-03-12
THAI 101,Brooklyn,Thai,A,5,2024-04-16
THAI ME,Brooklyn,Thai,A,10,2026-01-22
THAI ME,Brooklyn,Thai,B,20,2023-09-08
THAI ROS THIP,Brooklyn,Thai,A,13,2025-04-28
THAISM,Brooklyn,Thai,B,23,2024-07-10
THAISM,Brooklyn,Thai,C,35,2023-11-13
THANH DA,Brooklyn,Southeast Asian,A,7,2023-04-11
THANKS GIVING CHINESE FOOD,Brooklyn,Chinese,B,20,2024-08-28
THAT COFFEE SHOP,Brooklyn,Sandwiches,B,19,2025-01-08
THE 16TH FLOOR,Brooklyn,American,A,4,2024-06-24
THE ADIRONDACK,Brooklyn,American,A,5,2025-11-15
THE ADIRONDACK,Brooklyn,American,A,13,2024-07-24
THE AM-THAI,Brooklyn,Thai,A,7,2024-09-27
THE ARMORY,Brooklyn,American,B,15,2025-04-10
THE B'ALUK'S CRAVINGS,Brooklyn,Spanish,A,12,2024-07-26
THE BAD BAGEL,Brooklyn,Bagels/Pretzels,C,38,2023-10-23
THE BAR IN GOWANUS,Brooklyn,American,A,8,2024-09-18
THE BARLOW,Brooklyn,American,A,10,2024-03-13
THE BEER GARAGE,Brooklyn,American,B,9,2026-05-07
THE BLEND FACTORY,Brooklyn,"Juice, Smoothies, Fruit Salads",B,21,2023-06-26
THE BLEND FACTORY,Brooklyn,"Juice, Smoothies, Fruit Salads",B,22,2025-01-15
THE BREW INN,Brooklyn,Polish,C,32,2025-09-17
THE BROADWAY,Brooklyn,Tex-Mex,A,13,2026-05-07
THE BROADWAY,Brooklyn,Tex-Mex,A,13,2024-05-15
THE BROOKLYN INN,Brooklyn,American,A,12,2026-06-18
THE BROOKLYN MONARCH,Brooklyn,American,A,10,2024-09-18
THE BROOKLYN TREE,Brooklyn,American,A,10,2025-02-13
THE BROTHERS BAGELS,Brooklyn,Bagels/Pretzels,A,10,2025-03-10
THE BROTHERS BAGELS,Brooklyn,Bagels/Pretzels,A,13,2026-07-24
THE BROTHERS BAGELS,Brooklyn,Bagels/Pretzels,C,47,2024-08-28
THE BUTCHER'S DAUGHTER,Brooklyn,Vegetarian,A,7,2024-03-14
THE BUTTERY BAR,Brooklyn,American,A,10,2023-02-24
THE CANARY,Brooklyn,Irish,A,12,2024-09-22
THE CLUBHOUSE COFFEE HOUSE,Brooklyn,American,A,7,2026-07-08
THE COMMODORE,Brooklyn,Chicken,A,10,2023-04-04
THE COMMODORE,Brooklyn,Chicken,B,18,2025-08-20
THE COMMON,Brooklyn,American,B,24,2026-02-12
THE CONCRETE JUNGLE,Brooklyn,Coffee/Tea,A,12,2026-02-09
THE CONCRETE JUNGLE,Brooklyn,Coffee/Tea,C,45,2023-08-01
THE CONTINENTAL,Brooklyn,Jewish/Kosher,A,13,2024-11-27
THE COOKIE CORNER,Brooklyn,Jewish/Kosher,A,10,2024-10-02
THE CRAIC,Brooklyn,Irish,A,10,2024-08-13
THE CRAIC,Brooklyn,Irish,A,13,2025-12-12
THE CUSTOM HOUSE,Brooklyn,American,A,10,2024-07-10
THE ESTERS,Brooklyn,American,A,7,2024-10-17
THE ESTERS,Brooklyn,American,A,13,2026-05-27
THE EVERGREEN,Brooklyn,American,A,13,2026-03-17
THE FICTION,Brooklyn,Coffee/Tea,B,20,2025-01-27
THE FLY,Brooklyn,American,A,12,2024-06-14
THE GALLEY (WEWORK BUILDING),Brooklyn,American,A,13,2025-01-29
THE GARDEN,Brooklyn,Japanese,A,12,2026-04-03
THE GARDEN,Brooklyn,Japanese,A,12,2024-10-16
THE GARDEN BAR & GRILL,Brooklyn,Latin American,C,37,2024-09-22
THE GIBSON,Brooklyn,American,C,28,2025-10-09
THE GOURMET BAGEL SHOPPE,Brooklyn,Bagels/Pretzels,A,10,2025-07-15
THE GREEN PLACE AFRICAN CUISINE AND RESTAURANT,Brooklyn,African,B,20,2024-04-16
THE GROTTO AUTHENTIC CARIBBEAN CUISINE,Brooklyn,Caribbean,B,15,2023-10-13
THE GRUMPY CAT,Brooklyn,American,A,13,2024-10-03
THE HILLS RESTAURANT,Brooklyn,Caribbean,B,26,2024-08-30
THE HILLS RESTAURANT,Brooklyn,Caribbean,C,37,2022-12-01
THE HONJO SUSHI,Brooklyn,Japanese,C,31,2024-11-25
THE ISLANDS,Brooklyn,Caribbean,B,19,2025-01-16
THE JUICE BOX,Brooklyn,"Juice, Smoothies, Fruit Salads",B,15,2025-04-10
THE JUICE GALLERY,Brooklyn,"Juice, Smoothies, Fruit Salads",B,20,2024-10-23
THE JUICY BOX,Brooklyn,"Juice, Smoothies, Fruit Salads",B,20,2022-01-25
THE KETTLE BLACK,Brooklyn,American,B,24,2024-03-19
THE LIGHTS OF BAKU,Brooklyn,Middle Eastern,A,13,2025-06-05
THE LONG ISLAND BAR,Brooklyn,American,A,7,2024-06-20
THE LOT RADIO KIOSK,Brooklyn,Coffee/Tea,C,38,2023-06-23
THE MALLARD DRAKE,Brooklyn,American,A,7,2025-09-09
THE MORGAN,Brooklyn,American,C,34,2024-10-18
THE MOST HIGH,Brooklyn,Coffee/Tea,A,13,2024-06-10
THE MOST HIGH,Brooklyn,Coffee/Tea,B,18,2025-08-27
THE MOUTH,Brooklyn,Mediterranean,A,10,2026-08-25
THE MUNCHIES,Brooklyn,American,A,5,2026-02-25
THE MUNCHIES,Brooklyn,Mediterranean,A,4,2023-09-07
THE MUNCHIES,Brooklyn,Mediterranean,A,8,2025-04-29
THE NEW BRIDGEVIEW DINER,Brooklyn,American,B,26,2024-09-26
THE ORIGINAL MIKE'S PIZZA,Brooklyn,Pizza,A,9,2024-12-16
THE ORIGINAL PIZZA OF AVENUE L,Brooklyn,Pizza,A,13,2022-10-07
THE POUR HOUSE OF BAY RIDGE,Brooklyn,American,A,7,2025-12-29
THE RICHARDSON,Brooklyn,Tapas,A,7,2024-07-23
THE ROGER'S GARDEN,Brooklyn,Caribbean,C,98,2025-11-16
THE SANDWICH SHOP,Brooklyn,Sandwiches,B,23,2026-06-16
THE SECOND CITY / THE BRENTWOOD,Brooklyn,American,A,10,2024-06-06
THE SHOWROOM BAKEHOUSE,Brooklyn,Bakery Products/Desserts,A,9,2024-06-03
THE SIMPSON,Brooklyn,Caribbean,A,12,2024-05-28
THE SIMPSON,Brooklyn,Caribbean,A,13,2025-10-02
THE SOCIAL  ICE CREAM SHOP,Brooklyn,Frozen Desserts,A,11,2023-03-25
THE SOUL SPOT,Brooklyn,Soul Food,B,25,2023-02-21
THE SOUL SPOT,Brooklyn,Soul Food,C,46,2024-04-03
THE SWAN,Brooklyn,American,C,35,2025-10-06
THE SWISS SLICE OF BROOKLYN NY,Brooklyn,Pizza,A,13,2026-02-02
THE TACO BAR,Brooklyn,Mexican,A,12,2025-03-14
THE TEN BELLS,Brooklyn,Tapas,A,4,2025-12-02
THE VSPOT,Brooklyn,Vegan,C,30,2025-07-15
THE VSPOT,Brooklyn,Vegan,C,36,2023-11-28
THE WEST,Brooklyn,Coffee/Tea,B,16,2022-12-08
THE WICKED MONK,Brooklyn,American,A,13,2023-10-16
THERAPY WINE BAR 2.0,Brooklyn,American,A,11,2023-12-21
THERAPY WINE BAR 2.0,Brooklyn,American,B,22,2025-10-29
THIP OSHA,Brooklyn,Thai,B,14,2024-03-01
THIRD FALCON,Brooklyn,New French,A,7,2026-03-06
THREE BROTHERS PIZZERIA & RESTAURANT,Brooklyn,Pizza,A,13,2024-06-13
THREES BREWING / NINTH STREET ESPRESSO,Brooklyn,American,A,12,2026-08-01
THREES BREWING / NINTH STREET ESPRESSO,Brooklyn,American,B,22,2025-07-15
THUMBS UP KONGFU KITCHEN,Brooklyn,Chinese,B,27,2024-08-28
TIA ELI'S REATURANT,Brooklyn,Mexican,A,12,2025-03-07
TICO'S CAFETERIA,Brooklyn,Latin American,A,13,2025-08-11
TIENDA GUATEMALTECA EL QUETZALITO,Brooklyn,Latin American,A,13,2025-03-03
TIENDA GUATEMALTECA EL QUETZALITO,Brooklyn,Latin American,C,3,2024-08-30
TIGER BOX,Brooklyn,Korean,A,9,2022-12-27
TIGER SUGAR,Brooklyn,Coffee/Tea,A,12,2024-03-25
TIGER SUGAR,Brooklyn,Coffee/Tea,C,33,2026-02-04
TIKAL CAFE,Brooklyn,Coffee/Tea,A,13,2024-06-07
TIKAL CAFE,Brooklyn,Coffee/Tea,B,18,2025-07-15
TINA'S PLACE,Brooklyn,American,B,24,2025-09-02
TING FAI CUISINE,Brooklyn,Chinese,C,9,2022-10-03
TING FAI CUISINE,Brooklyn,Chinese,C,31,2023-11-06
TITI'S EMPANADAS,Brooklyn,Spanish,A,7,2026-02-27
TITI'S EMPANADAS,Brooklyn,Spanish,B,24,2025-05-05
TITI'S EMPANADAS,Brooklyn,Spanish,B,26,2024-04-25
TJ'S TASTY CORNER 2,Brooklyn,Caribbean,A,13,2024-10-11
TJ'S TASTY CORNER 2,Brooklyn,Caribbean,B,19,2024-05-02
TJ'S TASTY CORNER 2,Brooklyn,Caribbean,C,33,2026-03-27
TO BE THAI,Brooklyn,Thai,A,7,2025-06-05
TO BE THAI,Brooklyn,Thai,B,19,2023-10-20
TO DATE JAPANESE FOOD,Brooklyn,Japanese,C,42,2024-03-04
TOFU BOX,Brooklyn,Vegetarian,A,7,2024-07-22
TOM'S RESTAURANT,Brooklyn,American,B,15,2024-12-15
TOM'S RESTAURANT,Brooklyn,American,B,21,2026-05-06
TONE AUTHENTIC GEORGIAN BAKERY & CUISINE,Brooklyn,Eastern European,A,10,2026-02-06
TONE AUTHENTIC GEORGIAN BAKERY & CUISINE,Brooklyn,Eastern European,B,27,2024-05-02
TONY'S FAMOUS PIZZA,Brooklyn,Fusion,A,13,2024-01-29
TONY'S PIZZA,Brooklyn,Italian,A,9,2025-07-02
TONY'S PIZZA,Brooklyn,Pizza,A,11,2025-12-11
TONY'S PIZZA ON NOSTRAND,Brooklyn,Pizza,A,4,2024-04-10
"TONY'S PIZZA, JERK CHICKEN AND FISH",Brooklyn,Caribbean,A,12,2023-10-19
TONY'S PIZZERIA,Brooklyn,Pizza,A,2,2026-07-07
TONY'S PIZZERIA,Brooklyn,Pizza,A,11,2024-06-18
TONY'S PIZZERIA,Brooklyn,Pizza,B,18,2025-12-03
TOPAZE RESTAURANT & JERK CHICKEN,Brooklyn,Caribbean,B,21,2023-02-28
TORIBIO,Brooklyn,Latin American,A,12,2024-07-17
TORST,Brooklyn,American,A,13,2025-03-13
TORTILLAS KING,Brooklyn,Tex-Mex,B,27,2024-04-25
TORTILLERIA GUADALUPE & TAQUERIA,Brooklyn,Mexican,C,5,2025-03-25
TOSHKENT HOT-DOG,Brooklyn,Other,A,13,2026-01-14
TOTA'S,Brooklyn,Caribbean,B,23,2025-02-03
TOTA'S,Brooklyn,Caribbean,B,22,2026-06-23
TOUS LES JOURS,Brooklyn,Bakery Products/Desserts,A,8,2024-12-24
TOUS LES JOURS,Brooklyn,Bakery Products/Desserts,A,2,2026-06-23
TOUS LES JOURS,Brooklyn,Bakery Products/Desserts,A,13,2026-03-02
TOUS LES JOURS,Brooklyn,Bakery Products/Desserts,B,27,2024-11-26
TOWNEPLACE SUITES BY MARRIOTT,Brooklyn,American,A,6,2026-01-30
TOYO RAMEN BAR,Brooklyn,Japanese,B,27,2025-12-02
TRACKER JUST FISH,Brooklyn,American,B,21,2024-12-24
TRAD ROOM,Brooklyn,Japanese,A,12,2024-12-03
TRASTEVERE,Brooklyn,Jewish/Kosher,B,22,2023-04-24
TRAVEL BAR,Brooklyn,American,A,12,2023-06-15
TRE JOLIE CAFE,Brooklyn,American,A,12,2022-11-23
TRES BANDERAS RESTAURANT,Brooklyn,Mexican,A,7,2024-09-09
TRES BANDERAS RESTAURANT,Brooklyn,Mexican,A,11,2026-05-21
TRIANGULO PIZZA,Brooklyn,Pizza,A,11,2023-06-22
TRINI BREAKFAST SHED II,Brooklyn,Caribbean,B,27,2024-05-07
TRINI GIRL WEST INDIAN CUISINE,Brooklyn,Caribbean,A,6,2024-05-03
TRINI GIRL WEST INDIAN CUISINE,Brooklyn,Caribbean,A,10,2025-09-25
TRINIDAD GOLDEN PLACE,Brooklyn,Caribbean,C,63,2024-04-30
TRINIDAD KILLA SMOKEHOUSE,Brooklyn,Caribbean,C,29,2026-03-10
TRIO PIZZA GRILL,Brooklyn,Pizza,B,27,2022-09-06
TRIO PIZZA GRILL,Brooklyn,Pizza,C,41,2024-01-31
TRIPOLI / SWALLOW CAFE,Brooklyn,Mediterranean,A,7,2026-09-04
TROOST,Brooklyn,American,B,26,2025-09-03
TROPIC DELI & GRILL,Brooklyn,Sandwiches,A,8,2023-04-28
TROPICAL REFLECTIONS BALLROOM LLC,Brooklyn,American,A,12,2017-09-21
TROPICAL SMOOTHIE CAFE,Brooklyn,"Juice, Smoothies, Fruit Salads",B,26,2024-12-27
TROPICAL TASTE,Brooklyn,Caribbean,A,12,2026-07-13
TROPICAL TASTE,Brooklyn,Caribbean,C,32,2024-02-01
TROPICAL TASTE BAKERY AND RESTAURANT,Brooklyn,Caribbean,B,25,2023-07-24
TROPICAL TASTE RESTAURANT & BAKERY,Brooklyn,Caribbean,C,44,2025-09-29
TSAOCAA / BBQ CHICKEN,Brooklyn,Coffee/Tea,A,13,2024-05-02
TUNG SUM BAKERY,Brooklyn,Bakery Products/Desserts,A,11,2023-06-27
TUNG TUNG RESTAURANT INC,Brooklyn,Chinese,B,23,2026-02-19
TURTLES ALL THE WAY DOWN,Brooklyn,American,B,23,2026-02-12
TWENTYONEGRAINS,Brooklyn,Other,A,11,2024-12-31
TWO BOOTS,Brooklyn,Pizza,A,9,2025-07-17
TWO BOOTS,Brooklyn,Pizza,A,11,2026-08-24
TWO BROTHERS FISH & CHIPS,Brooklyn,Caribbean,C,51,2024-04-10
The Art of Prime,Brooklyn,Russian,B,21,2025-11-06
U CAFE,Brooklyn,Coffee/Tea,B,26,2024-05-10
U ICHIMOKU RAMEN,Brooklyn,Japanese,A,13,2025-04-28
UDOM THAI,Brooklyn,Thai,A,13,2025-02-03
UGLY DONUTS & CORN DOGS CAFE,Brooklyn,Korean,A,7,2026-04-07
UMAN PIZZA,Brooklyn,Jewish/Kosher,B,17,2025-05-01
UME,Brooklyn,Japanese,A,7,2022-11-03
UMI BUFFET,Brooklyn,Asian/Asian Fusion,B,27,2023-06-28
UMI BUFFET,Brooklyn,Asian/Asian Fusion,C,53,2025-07-24
UMI POKE & WOK,Brooklyn,Chinese/Japanese,A,8,2026-09-02
UMI POKE & WOK,Brooklyn,Chinese/Japanese,B,17,2025-12-01
UMI SUSHI JAPANESE CUISINE,Brooklyn,Japanese,A,10,2025-01-13
UNCLE BARRY'S,Brooklyn,American,A,12,2025-09-11
UNCLE FOON'S KITCHEN,Brooklyn,Chinese,B,25,2025-07-09
UNCLE LOUIE G'S,Brooklyn,Frozen Desserts,A,10,2026-07-23
UNCLE LOUIE G'S,Brooklyn,Frozen Desserts,A,5,2025-08-07
UNCLE NG'S RECIPE,Brooklyn,Chinese,B,17,2024-12-23
UNCUTT BAR & RESTAURANT,Brooklyn,American,B,25,2024-09-25
UNDERHILL CAFE AND GRILL,Brooklyn,Greek,A,9,2024-06-29
UNI THAI BISTRO,Brooklyn,Thai,A,13,2023-11-20
UNI THAI BISTRO,Brooklyn,Thai,A,12,2026-01-05
UNION CAFE,Brooklyn,American,A,12,2025-11-19
UNION CAFE,Brooklyn,American,A,13,2024-08-15
UNION GROUNDS,Brooklyn,American,A,11,2023-03-09
UNION HALL,Brooklyn,American,C,36,2024-12-21
UNION SQUARE SPORTS & ENTERTAINMENT AT THEATRE FOR A NEW AUDIENCE,Brooklyn,Sandwiches,A,2,2017-02-15
UNITED KITCHEN,Brooklyn,Chinese,B,26,2025-08-27
UNITED KITCHEN,Brooklyn,Chinese,C,30,2024-07-30
UNORIGINAL NOODLES,Brooklyn,Japanese,A,13,2024-10-05
UPPER DEM XPRESS,Brooklyn,Caribbean,A,12,2026-04-20
UPPER DEM XPRESS,Brooklyn,Caribbean,B,21,2025-01-13
UPTOWN WINGZ,Brooklyn,Chicken,A,12,2026-03-04
UPWELL/ GAIR,Brooklyn,American,A,13,2025-02-11
URBAN POPS,Brooklyn,Jewish/Kosher,B,26,2024-08-26
URGUT OSH MARKAZI,Brooklyn,Eastern European,A,10,2026-07-20
URSULA BROOKLYN,Brooklyn,Mexican,B,14,2025-02-06
US FRIED CHICKEN & PIZZA,Brooklyn,Chicken,B,20,2025-02-03
USULUTECO,Brooklyn,Latin American,A,10,2024-03-08
UTICA HALAL,Brooklyn,American,A,4,2024-11-25
VAMOS AL TEQUILA,Brooklyn,Mexican,A,13,2025-12-12
VAN LEEUWEN ICE CREAM,Brooklyn,Frozen Desserts,A,12,2026-05-21
VAN LEEUWEN ICE CREAM,Brooklyn,Frozen Desserts,A,13,2025-12-22
VAN LEEUWEN ICE CREAM,Brooklyn,Frozen Desserts,A,2,2026-04-23
VANKA CAFE,Brooklyn,Russian,A,9,2024-11-04
VARA JUICE,Brooklyn,"Juice, Smoothies, Fruit Salads",B,27,2024-11-14
VARIETY COFFEE ROASTERS,Brooklyn,Coffee/Tea,A,13,2023-04-13
VARIETY COFFEE ROASTERS,Brooklyn,Coffee/Tea,A,12,2024-07-22
VARIETY COFFEE ROASTERS,Brooklyn,Coffee/Tea,A,10,2025-11-12
VARIETY COFFEE ROASTERS,Brooklyn,Coffee/Tea,A,6,2025-06-27
VEE'S,Brooklyn,Caribbean,B,23,2023-02-27
VEE'S,Brooklyn,Caribbean,B,20,2025-10-28
VELVET LOUNGE,Brooklyn,American,A,9,2025-05-14
VELVET ROOM,Brooklyn,American,A,13,2026-06-27
VERA CRUZ ON BEDFORD AVE,Brooklyn,Mexican,A,12,2023-06-28
VERGE,Brooklyn,Japanese,A,11,2025-08-13
VERY JUICE,Brooklyn,Jewish/Kosher,B,19,2024-08-05
VERY JUICE,Brooklyn,Jewish/Kosher,C,29,2025-12-05
VEX EL CAFE,Brooklyn,Coffee/Tea,A,12,2025-10-17
VICKY'S FOOD & TREATS,Brooklyn,Other,A,9,2026-06-25
VIDAL CAFE,Brooklyn,American,A,3,2026-07-07
VIENNA COFFEE HOUSE,Brooklyn,Coffee/Tea,B,25,2026-06-25
VILLA CASTILLO RESTAURANT,Brooklyn,Latin American,C,28,2024-12-26
VILLA FIORITA,Brooklyn,Italian,A,5,2023-03-30
VILLAGER,Brooklyn,Coffee/Tea,A,13,2026-04-02
VINNY'S OF CARROLL GARDEN,Brooklyn,Italian,B,26,2025-08-12
VINNY'S OF CARROLL GARDEN,Brooklyn,Italian,C,79,2024-05-06
VIP KINGS BAKERY,Brooklyn,Bakery Products/Desserts,A,12,2024-11-26
VIP KINGS BAKERY,Brooklyn,Bakery Products/Desserts,B,15,2022-12-09
VIVA TORO,Brooklyn,Spanish,A,12,2025-04-15
VIVI BUBBLE TEA,Brooklyn,Coffee/Tea,A,11,2024-07-22
Vege Fusion,Brooklyn,Vegetarian,B,24,2025-10-22
W & Y BAKERY,Brooklyn,Bakery Products/Desserts,B,23,2025-08-05
WAH MING HOUSE,Brooklyn,Chinese,A,2,2024-01-29
WAKE UP COFFEE SHOP,Brooklyn,Coffee/Tea,C,2,2026-03-17
WALK UP BAR -TIME OUT BAR,Brooklyn,Other,A,10,2025-12-20
WANG HAO RESTAURANT,Brooklyn,Chinese,B,26,2025-02-26
WANISA KITCHEN,Brooklyn,Thai,C,28,2023-03-09
WARUDE,Brooklyn,Japanese,A,12,2024-07-11
WASABI SUSHI,Brooklyn,Japanese,A,9,2023-02-15
WASAN BROOKLYN,Brooklyn,Japanese,A,2,2026-03-07
WATER STREET TAVERN,Brooklyn,American,A,10,2024-12-18
WATT LI KITCHEN AND BAR,Brooklyn,American,A,10,2023-11-02
WAYLA,Brooklyn,Thai,B,23,2025-08-28
WAYLA,Brooklyn,Thai,C,34,2025-02-25
WEATHER UP,Brooklyn,American,B,18,2025-04-17
WEEKENDS,Brooklyn,American,C,61,2024-03-14
WEI FORT GREENE,Brooklyn,Chinese,A,7,2024-03-26
WEI'S WILLIAMSBURG,Brooklyn,Chinese,B,24,2023-09-13
WELCOME CHILI,Brooklyn,Chinese,A,3,2025-08-04
WELCOME HOME,Brooklyn,Bakery Products/Desserts,A,13,2026-08-17
WEN XUAN HOUSE,Brooklyn,Chinese,A,11,2025-12-23
WENDY'S,Brooklyn,Hamburgers,A,2,2024-09-23
WENDY'S,Brooklyn,Hamburgers,A,5,2025-01-17
WENDY'S,Brooklyn,Hamburgers,A,3,2024-09-17
WENDY'S,Brooklyn,American,B,23,2024-11-13
WENG'S GARDEN,Brooklyn,Chinese,A,12,2025-10-29
WERKSHOP,Brooklyn,Coffee/Tea,A,9,2023-08-15
WERKSHOP,Brooklyn,Coffee/Tea,A,12,2024-11-06
WEST WING,Brooklyn,Jewish/Kosher,A,9,2025-05-06
WESTWOOD,Brooklyn,Tex-Mex,C,44,2024-11-20
WHEATFIELD BAKERY,Brooklyn,Bakery Products/Desserts,B,23,2023-08-24
WHEATFIELD BAKERY,Brooklyn,Bakery Products/Desserts,C,30,2025-08-27
WHEATFIELD BAKERY,Brooklyn,Bakery Products/Desserts,C,33,2024-08-20
WHEEL BAGELS,Brooklyn,American,A,13,2025-09-03
WHEEL BAGELS,Brooklyn,American,B,25,2024-07-25
WHEEL BAGELS,Brooklyn,American,C,51,2023-07-25
WHEEL BAGELS,Brooklyn,American,C,51,2025-06-30
WHEELER'S,Brooklyn,American,A,9,2022-03-03
WHITE CASTLE,Brooklyn,Hamburgers,A,9,2023-08-28
WHITE CASTLE,Brooklyn,Hamburgers,A,10,2023-11-08
WHITE CASTLE,Brooklyn,Hamburgers,A,12,2025-07-21
WHITE NOISE COFFEE,Brooklyn,Coffee/Tea,A,9,2024-07-08
WHITE NOISE COFFEE,Brooklyn,Coffee/Tea,B,25,2023-11-29
WHOOPSIE DAISY,Brooklyn,American,A,10,2026-05-07
WILD BAGELS,Brooklyn,Bagels/Pretzels,A,13,2024-01-05
WILKEN'S FINE FOOD,Brooklyn,Sandwiches,B,27,2024-04-23
WILLIAMSBURG PIZZA,Brooklyn,Pizza,A,9,2022-11-02
WILLIAMSBURG PIZZA,Brooklyn,Pizza,A,13,2025-09-22
WILLIAMSBURG THAI CUISINE,Brooklyn,Thai,A,10,2025-08-21
WIN HING,Brooklyn,Chinese,B,25,2025-07-09
WIN PARKWAY,Brooklyn,Chinese,B,17,2024-08-12
WIN SON BAKERY,Brooklyn,Asian/Asian Fusion,A,11,2025-08-13
WINDSOR CAFE,Brooklyn,American,A,12,2026-02-06
WINDSOR COFFEE,Brooklyn,Coffee/Tea,A,13,2023-05-15
WING HING SEAFOOD RESTAURANT,Brooklyn,Chinese,B,23,2025-10-24
WING HUA 508,Brooklyn,Chinese,A,13,2025-09-18
WING LUCK,Brooklyn,Chinese,B,18,2024-09-04
WING STOP,Brooklyn,Chicken,A,12,2025-02-26
WING STOP,Brooklyn,Chicken,B,18,2024-08-20
WING STOP,Brooklyn,Chicken,B,17,2022-12-29
WINGSTOP,Brooklyn,Chicken,A,12,2024-05-16
WINGSTOP,Brooklyn,Chicken,C,3,2025-12-08
WO HOP KITCHEN,Brooklyn,Chinese,A,6,2024-11-25
WOLFPUP BAR,Brooklyn,American,A,2,2026-07-25
WONDER,Brooklyn,American,A,5,2025-11-21
WONDER,Brooklyn,Other,A,4,2026-01-31
WONG WONG NOODLE SHOP,Brooklyn,Chinese,A,7,2023-09-26
WONG WONG NOODLE SHOP,Brooklyn,Chinese,A,13,2025-11-25
WOORI KOREAN RESTAURANT,Brooklyn,Korean,A,10,2025-01-14
WOORI KOREAN RESTAURANT,Brooklyn,Korean,C,56,2023-11-16
WORK CAFE,Brooklyn,Coffee/Tea,A,13,2026-08-27
WYCKOFF RESTAURANT,Brooklyn,Mexican,B,26,2025-03-19
WYCKOFF RESTAURANT,Brooklyn,Mexican,C,32,2024-02-12
X-GOLF BROOKLYN,Brooklyn,American,A,13,2026-05-19
XCELLENT SOUL FOOD,Brooklyn,Soul Food,C,40,2024-03-23
XELAJU GROCERY,Brooklyn,Spanish,B,22,2025-11-05
XIA CHAO (ENTRANCE ON 58 STREET),Brooklyn,Chinese,A,8,2025-03-04
XIN GOLDEN HING CHINESE RESTAURANT,Brooklyn,Chinese,B,17,2023-01-03
XIN LI,Brooklyn,Chinese,A,10,2025-09-16
XISAN DE CLASSIC,Brooklyn,Thai,B,24,2025-10-25
XOCHIL PIZZA,Brooklyn,Pizza,B,23,2023-09-28
XOCHIL PIZZA,Brooklyn,Pizza,B,20,2025-07-15
XOCHITL TAQUERIA,Brooklyn,Mexican,A,12,2024-10-09
XUN YU SI KAO NY,Brooklyn,Chinese,C,55,2024-03-20
Y & Y SUSHI,Brooklyn,Japanese,A,12,2025-10-27
YAAD MAN THING,Brooklyn,Caribbean,B,19,2023-07-06
YAAD MAN THING,Brooklyn,Caribbean,B,21,2026-06-04
YAAD MAN THING,Brooklyn,Caribbean,C,2,2024-05-20
YANG NO 1 CHINESE ASIAN RESTAURANT,Brooklyn,Chinese,A,9,2025-08-15
YANG NO 1 CHINESE ASIAN RESTAURANT,Brooklyn,Chinese,C,68,2024-02-26
YARD & ABROAD,Brooklyn,Caribbean,B,17,2025-06-09
YAYA TEA,Brooklyn,Asian/Asian Fusion,A,13,2024-06-03
YEMEN CAFE OF BAY RIDGE,Brooklyn,Middle Eastern,A,13,2024-01-09
YEMEN CAFE OF BAY RIDGE,Brooklyn,Middle Eastern,A,12,2025-07-15
YEMEN WHDAH,Brooklyn,Middle Eastern,C,61,2024-05-06
YEMENAT,Brooklyn,Middle Eastern,C,31,2025-02-19
YI MIN RESTAURANT,Brooklyn,Chinese,A,9,2025-01-10
YI POH KITCHEN ASIAN CUISINES,Brooklyn,Chinese,B,25,2025-07-18
YIA YIA'S TAVERNA,Brooklyn,Greek,B,22,2023-01-09
YIA YIA'S TAVERNA,Brooklyn,Greek,C,32,2024-11-14
YIXIN RESTAURANT 86,Brooklyn,Chinese,A,10,2026-07-27
YO YO FRITAILLE,Brooklyn,Caribbean,C,43,2022-07-14
YOLIE'S BAR & RESTAURANT,Brooklyn,Creole,C,31,2025-02-11
YOLIE'S BAR & RESTAURANT,Brooklyn,Creole,C,46,2025-08-13
YOMIE'S RICE X YOGURT,Brooklyn,"Juice, Smoothies, Fruit Salads",A,3,2023-05-01
YONG KANG STREET,Brooklyn,Chinese,B,25,2024-08-22
YONG KANG STREET,Brooklyn,Chinese,B,26,2026-07-14
YOSSI'S BAGELS,Brooklyn,Jewish/Kosher,A,13,2023-07-13
YOSSI'S BAGELS,Brooklyn,Jewish/Kosher,A,12,2024-03-25
YOUR WAY CAFE,Brooklyn,Coffee/Tea,B,15,2024-12-09
YOURS & MINE RESTAURANT,Brooklyn,Caribbean,A,4,2023-04-25
YOURS & MINE RESTAURANT,Brooklyn,Caribbean,A,8,2024-07-18
YOZI,Brooklyn,Chinese,B,27,2025-08-13
YU KING BAKERY,Brooklyn,Bakery Products/Desserts,A,9,2023-11-20
YU KING BAKERY,Brooklyn,Bakery Products/Desserts,B,23,2023-03-21
YUAN BAO 50,Brooklyn,Chinese,B,27,2023-03-22
YUAN BAO 55,Brooklyn,Chinese,B,25,2025-01-08
YUE XIANG JU,Brooklyn,Chinese,C,28,2025-11-06
YUMI DELICACIES,Brooklyn,Chinese,C,14,2023-09-01
YUMMY BOBA & DESSERTS,Brooklyn,Coffee/Tea,A,9,2023-07-10
YUMMY YUMMY,Brooklyn,Chinese,A,12,2024-12-04
YUMMY YUMMY BROOKLYN,Brooklyn,Chinese,A,11,2025-02-11
YUZU MORDERN ASIAN KITCHEN.,Brooklyn,Jewish/Kosher,C,86,2025-10-29
ZACA CAFE,Brooklyn,French,C,28,2026-08-05
ZACA CAFE,Brooklyn,French,C,36,2024-03-13
ZACA SALAD,Brooklyn,"Juice, Smoothies, Fruit Salads",A,5,2025-03-25
ZAMZAM HALAL,Brooklyn,Mediterranean,A,12,2023-06-12
ZATAR,Brooklyn,Middle Eastern,A,13,2025-07-08
ZAZU MEDITERRANE STREET FOOD,Brooklyn,American,A,2,2024-11-26
ZEN VEGETARIAN HOUSE,Brooklyn,Vegetarian,B,27,2024-08-27
ZEN VEGETARIAN HOUSE,Brooklyn,Vegetarian,B,23,2025-09-17
ZHENG JIN JI,Brooklyn,Chinese,A,9,2026-03-14
ZHONGZHONG NOODLES,Brooklyn,Chinese,C,43,2024-05-13
ZINGER CHICKEN & GRILL,Brooklyn,Chicken,A,13,2025-11-17
ZINGER HALAL EXPRESS,Brooklyn,Hamburgers,A,13,2023-07-27
ZIO TOTO,Brooklyn,Italian,A,10,2024-07-15
ZOMBIE HUT,Brooklyn,American,A,7,2024-11-20
ZUI DE YI,Brooklyn,Chinese,A,11,2023-07-19
ZULA,Brooklyn,Turkish,B,24,2024-05-09
"""U"" LIKE CHINESE TAKE OUT",Manhattan,Chinese,B,22,2023-08-14
$1 PIZZA,Manhattan,Pizza,C,28,2023-07-13
$1 PIZZA,Manhattan,Pizza,C,34,2025-10-16
$1.50 DELICIOUS PIZZA,Manhattan,Pizza,C,60,2024-06-20
$1.50 PIZZA SLICE,Manhattan,Pizza,B,14,2024-11-25
% Arabica,Manhattan,Coffee/Tea,B,22,2026-04-15
& SON,Manhattan,Steakhouse,A,13,2026-09-01
& SON,Manhattan,Steakhouse,A,12,2024-02-20
1 STOP PATTY SHOP,Manhattan,Bakery Products/Desserts,B,22,2023-12-04
110 NUTRITION (HERBALIFE),Manhattan,"Juice, Smoothies, Fruit Salads",C,28,2022-06-21
123 MARKET PLACE,Manhattan,American,B,24,2024-10-18
16 HANDLES,Manhattan,Frozen Desserts,A,12,2024-07-02
16 HANDLES,Manhattan,Frozen Desserts,C,44,2024-03-07
16 HANDLES,Manhattan,Frozen Desserts,C,37,2025-08-19
161 LAFAYETTE,Manhattan,American,A,13,2025-04-08
169 BAR,Manhattan,American,B,16,2024-05-07
2 BROS PIZZA / CARMEN'S KITCHEN,Manhattan,Caribbean,A,7,2023-03-30
21 BAR,Manhattan,American,A,9,2022-05-18
212 EAST,Manhattan,Asian/Asian Fusion,B,17,2024-03-14
212 STEAKHOUSE,Manhattan,Steakhouse,B,16,2022-08-24
218 RESTAURANT,Manhattan,Chinese,B,19,2025-04-21
218 RESTAURANT,Manhattan,Chinese,C,5,2023-10-03
272 UPTOWN PIZZA,Manhattan,Pizza,C,34,2022-06-14
2A / BERLIN / OLD FLINGS,Manhattan,American,A,12,2024-03-20
2A / BERLIN / OLD FLINGS,Manhattan,American,B,21,2025-11-25
2ND AV PIZZA,Manhattan,Pizza,A,3,2026-01-20
2ND AVE DELI,Manhattan,Jewish/Kosher,A,12,2026-09-08
2ND AVE DELI,Manhattan,Jewish/Kosher,A,12,2023-09-12
3 SHEETS SALOON,Manhattan,American,A,12,2024-10-16
3 TIMES,Manhattan,Chinese,B,27,2024-08-14
310 BOWERY BAR,Manhattan,American,A,12,2024-10-22
345 CANTINA,Manhattan,Mexican,A,11,2025-11-25
345 CANTINA,Manhattan,Mexican,B,22,2023-01-21
34th BAGELS AND MORE,Manhattan,Bagels/Pretzels,A,11,2025-11-18
34th BAGELS AND MORE,Manhattan,Bagels/Pretzels,A,12,2024-07-10
375 CHICKEN N FRIES,Manhattan,Chicken,B,21,2022-06-01
390 CLIENT CENTER,Manhattan,Other,A,5,2026-08-05
420 BAR & LOUNGE,Manhattan,Spanish,A,6,2026-08-20
425 PARK,Manhattan,American,A,4,2024-08-07
456 NEW SHANGHAI RESTAURANT,Manhattan,Chinese,B,26,2025-04-21
456 NEW SHANGHAI RESTAURANT,Manhattan,Chinese,B,22,2026-07-13
5 ACRES,Manhattan,American,A,12,2026-02-10
5 ESTRELLA BAKERY,Manhattan,Bakery Products/Desserts,A,11,2026-03-25
5 NAPKIN BURGER,Manhattan,Hamburgers,B,21,2024-11-20
51 PIZZA,Manhattan,Pizza,B,25,2024-12-19
5IVE SPICE,Manhattan,Asian/Asian Fusion,B,14,2026-04-30
5IVE SPICE,Manhattan,Asian/Asian Fusion,B,25,2025-02-06
5TH & MAD,Manhattan,Irish,B,14,2026-07-01
65 MARKET PLACE,Manhattan,American,B,27,2022-11-30
6TH FLOOR CAFE,Manhattan,American,A,13,2024-11-21
7 GRAMS CAFFE,Manhattan,Coffee/Tea,A,13,2023-06-28
7 STREET BURGER,Manhattan,American,A,6,2024-10-21
77 BURGER,Manhattan,Hamburgers,A,13,2025-01-09
787 COFFEE,Manhattan,Coffee/Tea,A,13,2026-08-10
787 COFFEE,Manhattan,Coffee/Tea,A,8,2025-02-04
787 COFFEE,Manhattan,Coffee/Tea,A,12,2025-08-26
787 COFFEE,Manhattan,Coffee/Tea,B,26,2026-08-18
787 COFFEE,Manhattan,Latin American,B,21,2026-04-13
787 COFFEE,Manhattan,Coffee/Tea,B,19,2024-10-10
787 COFFEE,Manhattan,Coffee/Tea,B,17,2025-02-20
787 COFFEE,Manhattan,Coffee/Tea,C,40,2022-08-18
787 COFFEE,Manhattan,Coffee/Tea,C,29,2025-09-12
787 COFFEE,Manhattan,Coffee/Tea,C,28,2023-12-15
787 COFFEE,Manhattan,Coffee/Tea,C,41,2025-09-11
787 COFFEE,Manhattan,Latin American,C,49,2023-07-18
787 COFFEE,Manhattan,Coffee/Tea,C,30,2025-12-04
787 COFFEE,Manhattan,Coffee/Tea,C,45,2023-09-28
787 COFFEE,Manhattan,Coffee/Tea,C,52,2024-02-23
787 COFFEE,Manhattan,Coffee/Tea,C,7,2026-03-20
7TH STREET BURGER,Manhattan,Hamburgers,A,13,2023-07-24
7TH STREET BURGER,Manhattan,Hamburgers,A,6,2024-12-23
8-BIT BITES,Manhattan,American,A,13,2025-07-17
810 DELI & CAFE,Manhattan,American,A,13,2026-03-05
810 DELI & CAFE,Manhattan,American,A,11,2024-12-02
82 STANTON,Manhattan,American,B,23,2025-03-11
83 ASIAN,Manhattan,Chinese,A,13,2023-01-11
886,Manhattan,Asian/Asian Fusion,A,11,2024-04-24
888 HUDSON THAI,Manhattan,Thai,B,20,2025-01-28
94 NAGALE PIZZA,Manhattan,Pizza,A,10,2025-04-22
98K FRIED CHICKEN AND SANDWICH,Manhattan,Chicken,A,13,2025-04-10
99 CENTS FRESH SLICE PIZZA,Manhattan,Pizza,A,6,2022-05-20
99C PIZZA,Manhattan,Pizza,A,10,2026-01-08
:3 COFFEE,Manhattan,Coffee/Tea,A,10,2025-11-17
A LA TURKA,Manhattan,Turkish,A,11,2025-09-02
A SAFFRON THREAD,Manhattan,Indian,A,7,2023-09-19
A SALT & BATTERY,Manhattan,English,A,13,2025-08-13
A SLICE OF NEW YORK,Manhattan,Pizza,B,27,2025-09-30
A SLICE OF NEW YORK,Manhattan,Pizza,C,92,2023-04-12
A SLICE OF NEW YORK,Manhattan,Pizza,C,31,2025-01-02
A TASTE OF SEAFOOD,Manhattan,American,A,10,2025-03-04
A TASTE OF SEAFOOD,Manhattan,American,C,49,2023-12-14
A TASTE OF SEAFOOD,Manhattan,Seafood,C,48,2024-11-12
A'MORE CAFFE,Manhattan,Coffee/Tea,A,8,2023-07-05
A-1 PIZZA SHOP,Manhattan,Pizza,B,22,2025-12-18
A-OK CAFE BY ARITZIA,Manhattan,Coffee/Tea,A,12,2025-04-17
A.W.O.L. BAR & GRILL,Manhattan,American,A,13,2024-11-12
AARON'S CHINESE AND THAI,Manhattan,Chinese,C,55,2023-01-31
AARON'S CHINESE AND THAI,Manhattan,Chinese,C,39,2024-10-22
ABA TURKISH RESTAURANT,Manhattan,Turkish,A,13,2023-03-07
ABAITA,Manhattan,Jewish/Kosher,A,10,2025-10-29
ABIKO CURRY,Manhattan,Japanese,B,15,2023-10-30
ABIKO CURRY,Manhattan,Japanese,B,19,2025-08-12
ABITINO'S PIZZA,Manhattan,Pizza,A,11,2025-01-16
ABRACO,Manhattan,Coffee/Tea,B,27,2024-08-22
ACME / THE NINES,Manhattan,New American,A,13,2026-07-30
ACOSTA,Manhattan,Latin American,B,24,2024-01-31
ACQUOLINA CATERING,Manhattan,American,A,13,2024-01-22
ADEMI COFFEE AND TEA,Manhattan,Eastern European,A,11,2024-09-27
ADEMI COFFEE AND TEA,Manhattan,Eastern European,A,11,2026-03-12
ADEMI COFFEE AND TEA,Manhattan,Eastern European,A,12,2023-08-18
ADOBO MEXICAN GRILL,Manhattan,Tex-Mex,C,62,2025-03-18
ADORO LEI,Manhattan,Pizza,C,55,2024-12-19
AFFICIONADO COFFEE ROASTERS,Manhattan,Coffee/Tea,A,9,2026-05-19
AGATA & VALENTINA,Manhattan,Sandwiches/Salads/Mixed Buffet,B,27,2025-02-20
AGAVI ORGANIC JUICEBAR,Manhattan,"Juice, Smoothies, Fruit Salads",C,35,2025-08-25
AI KI YA,Manhattan,Japanese,A,12,2025-11-05
AI KI YA,Manhattan,Japanese,B,15,2023-10-25
AIME LEON DORE SOHO,Manhattan,Coffee/Tea,C,47,2025-08-18
AIRE ANCIENT BATHS,Manhattan,"Juice, Smoothies, Fruit Salads",A,12,2025-10-15
AJISAI JAPANESE FUSION,Manhattan,Japanese,B,27,2025-10-07
AJISAI JAPANESE FUSION,Manhattan,Japanese,C,59,2024-04-25
AJISEN RAMEN,Manhattan,Japanese,A,13,2025-05-20
AJISEN RAMEN,Manhattan,Japanese,B,22,2024-07-01
AKIMORI,Manhattan,Japanese,B,27,2025-04-03
AKIMOTO SUSHI,Manhattan,Japanese,A,2,2026-07-09
AKIMOTO SUSHI,Manhattan,Japanese,B,25,2025-01-06
AL BADAWI,Manhattan,Middle Eastern,B,21,2026-01-15
ALACHI MASALA,Manhattan,Indian,B,17,2024-05-09
ALAMO DRAFTHOUSE CINEMA,Manhattan,American,A,13,2024-12-04
ALCALA RESTAURANT,Manhattan,Spanish,B,22,2024-03-25
ALDO SOHM WINE BAR,Manhattan,French,A,13,2026-07-30
ALEEF,Manhattan,Sandwiches/Salads/Mixed Buffet,A,13,2026-01-14
ALICE,Manhattan,Italian,B,27,2025-02-25
ALIDORO,Manhattan,Sandwiches,A,13,2025-05-30
ALIMAMA TEA CAFE,Manhattan,Coffee/Tea,A,9,2026-02-10
ALKE CAFE,Manhattan,American,A,12,2025-11-08
ALL & SUNDRY,Manhattan,American,B,22,2026-04-08
ALL AMERICAN DELI,Manhattan,Sandwiches,A,13,2024-02-27
ALLIANZ CAFETERIA,Manhattan,American,A,11,2026-06-16
ALOAF CAFE,Manhattan,Bakery Products/Desserts,B,26,2024-04-26
ALOAF CAFE,Manhattan,Bakery Products/Desserts,C,38,2026-06-26
ALTAIR,Manhattan,American,C,33,2025-10-24
ALTESI RISTORANTE,Manhattan,Italian,A,12,2024-10-22
AMA RAW BAR,Manhattan,Seafood,A,9,2024-04-04
AMBER,Manhattan,Other,B,27,2023-08-14
AMBER SUSHI,Manhattan,Japanese,C,43,2024-12-10
AMC MAGIC JOHNSON HARLEM 9,Manhattan,American,A,11,2025-09-09
AMC THEATRES,Manhattan,American,A,10,2026-07-14
AMC THEATRES,Manhattan,American,A,12,2024-04-04
AMELIE WINE BAR,Manhattan,French,B,24,2026-02-05
AMELIE WINE BAR,Manhattan,French,B,26,2024-02-29
AMERICAN BREW + PRESS,Manhattan,American,B,24,2025-11-24
AMERICAN BREW + PRESS,Manhattan,American,C,30,2024-12-17
AMERICAN GIRL CAFE,Manhattan,American,A,11,2024-10-10
AMERICAN LEGION VETERANS POST,Manhattan,American,A,5,2023-03-30
AMERICAN MUSEUM OF NATURAL HISTORY FOOD COURT,Manhattan,American,A,0,2023-06-21
AMERICAN MUSEUM OF NATURAL HISTORY FOOD COURT,Manhattan,American,A,12,2024-10-28
AMERICAN WHISKEY,Manhattan,American,A,2,2023-05-03
AMMOS ESTIATORIO,Manhattan,Greek,B,18,2023-03-01
AMORINO,Manhattan,Frozen Desserts,B,21,2025-07-18
AMORINO,Manhattan,Frozen Desserts,C,46,2024-09-26
AMPLE HILLS CREAMERY,Manhattan,Frozen Desserts,A,12,2025-10-22
AMSTERDAM BILLIARDS,Manhattan,American,A,11,2026-04-08
AMURA JAPANESE RESTAURANT,Manhattan,Japanese,A,12,2025-06-03
AMURA JAPANESE RESTAURANT,Manhattan,Japanese,B,24,2024-02-15
AMY RUTH'S,Manhattan,Soul Food,A,12,2024-10-23
AMY'S BREAD,Manhattan,Coffee/Tea,B,16,2024-04-10
AMY'S BREAD,Manhattan,Bakery Products/Desserts,B,27,2024-08-29
AMY'S BREAD,Manhattan,Bakery Products/Desserts,C,33,2024-05-06
AMZ JFK27 CAFE,Manhattan,American,A,12,2025-07-21
ANA BAR AND EATERY,Manhattan,American,B,16,2025-01-21
ANALIA'S RESTAURANT,Manhattan,Latin American,B,26,2026-02-13
ANATOLI 56,Manhattan,Greek,A,12,2026-09-04
ANDAZ 5TH AVENUE,Manhattan,American,A,10,2026-04-28
ANDIAMO PIZZA,Manhattan,Pizza,A,2,2025-12-08
ANDO PATISSERIE,Manhattan,Bakery Products/Desserts,C,2,2024-11-29
ANDRE'S HUNGARIAN STRUDELS,Manhattan,Bakery Products/Desserts,B,15,2023-08-10
ANDREA'S PIZZA,Manhattan,Pizza,A,9,2025-12-10
ANDREW'S NYC DINER,Manhattan,American,A,9,2026-07-28
ANDY'S DELI,Manhattan,American,B,27,2025-05-14
ANDY'S DELI,Manhattan,American,C,30,2024-06-25
ANEJO,Manhattan,Mexican,A,12,2025-12-04
ANEJO TRIBECA,Manhattan,Mexican,A,12,2024-08-13
ANGELA'S CAKE,Manhattan,Bakery Products/Desserts,B,27,2025-09-18
ANGELINA BAKERY,Manhattan,Sandwiches/Salads/Mixed Buffet,A,12,2026-01-12
ANGELINA BAKERY,Manhattan,Bakery Products/Desserts,B,18,2025-12-10
ANGELINA BAKERY,Manhattan,Sandwiches/Salads/Mixed Buffet,C,38,2025-08-26
ANGELINA PARIS,Manhattan,French,B,27,2025-08-28
ANITA GELATO,Manhattan,Frozen Desserts,A,4,2025-07-18
ANITA GELATO,Manhattan,Frozen Desserts,A,7,2024-03-14
ANITA GELATO,Manhattan,Frozen Desserts,A,10,2024-05-02
ANITA GELATO,Manhattan,Italian,A,12,2026-05-12
ANITA'S CUISINE,Manhattan,Mexican,B,25,2025-11-03
ANKARA #3,Manhattan,Turkish,C,42,2023-04-19
ANOTHEROOM,Manhattan,American,A,11,2024-06-25
ANSA COFFEE,Manhattan,Coffee/Tea,A,13,2026-06-08
ANSA COFFEE,Manhattan,Coffee/Tea,C,4,2026-02-25
ANTALIA,Manhattan,Mediterranean,B,16,2022-09-13
ANTLER,Manhattan,American,A,10,2023-05-30
ANTON'S,Manhattan,American,A,13,2023-12-07
ANYTIME BAR & BILLIARDS,Manhattan,American,A,11,2023-09-20
ANYTIME STREET,Manhattan,Korean,C,30,2025-10-08
AOC EAST,Manhattan,French,A,12,2024-11-13
APOLLO BAGELS,Manhattan,Bagels/Pretzels,A,9,2026-02-04
APOLLO BAGELS,Manhattan,Bagels/Pretzels,A,5,2026-04-23
APOLLO BAGELS,Manhattan,Bagels/Pretzels,A,12,2024-07-23
APOLLO BAGELS,Manhattan,Bagels/Pretzels,A,7,2024-08-08
APPAS PIZZA,Manhattan,Korean,A,12,2023-08-03
APPAS PIZZA,Manhattan,Korean,B,24,2025-01-15
APPLEBEE'S,Manhattan,American,A,9,2024-05-22
AQUAMARINA,Manhattan,Italian,A,13,2024-04-17
ARAMARK SERVICES,Manhattan,Fusion,A,10,2023-12-08
ARAMARK SERVICES INC,Manhattan,Fusion,A,3,2023-12-08
ARC'TERYX,Manhattan,American,A,13,2024-09-24
ARCH AMENITIES GROUP,Manhattan,American,A,9,2024-12-03
ARCO CAFE,Manhattan,Italian,B,15,2025-04-21
ARETSKY'S PATROON,Manhattan,American,A,11,2025-08-19
ARI SUSHI,Manhattan,Japanese,B,26,2025-09-29
ARIA,Manhattan,Italian,B,26,2018-09-06
ARIA WEST VILLAGE,Manhattan,Italian,B,19,2024-11-13
ARIANA KEBAB HOUSE,Manhattan,Afghan,A,12,2024-07-08
ARK BAGELS,Manhattan,Bagels/Pretzels,B,27,2026-03-25
ARLO BODEGA / FOXTAIL BAR,Manhattan,American,A,13,2024-11-20
ARNO RISTORANTE,Manhattan,Italian,A,9,2026-01-22
AROQA,Manhattan,Indian,C,32,2024-01-23
ARORA,Manhattan,American,A,13,2023-07-27
ART BAR,Manhattan,American,B,21,2026-03-18
ARTBEAN COFFEE ROASTERS,Manhattan,Coffee/Tea,A,8,2026-01-09
ARTE CAFE / EL COCO,Manhattan,Italian,A,10,2025-09-30
ARTE CAFE / EL COCO,Manhattan,Italian,C,28,2024-04-23
ARTESANO,Manhattan,Peruvian,A,13,2023-06-27
ARTHUR & SONS,Manhattan,Italian,A,11,2024-09-12
ARTHUR & SONS / ARTIE'S BACKROOM,Manhattan,Italian,A,7,2023-05-16
ARTHUR'S TAVERN,Manhattan,American,A,10,2026-02-27
ARTISTIC PIZZA,Manhattan,Pizza,B,27,2022-09-28
ARTURO'S,Manhattan,Italian,A,7,2023-03-20
ASHBY'S,Manhattan,American,A,13,2024-04-18
ASHBY'S,Manhattan,American,A,7,2025-08-29
ASKILI ORCHARD,Manhattan,Eastern European,A,9,2026-02-04
ASTRO RESTAURANT,Manhattan,American,B,25,2024-08-14
ASUKA SUSHI,Manhattan,Japanese,A,13,2025-08-28
ASUKA SUSHI,Manhattan,Japanese,A,8,2023-02-15
ASUKA SUSHI,Manhattan,Japanese,C,40,2024-08-13
AT 43 BAYARD,Manhattan,Coffee/Tea,A,7,2025-08-08
AT NINE RESTAURANT & BAR,Manhattan,Thai,B,25,2025-09-09
AT NINE RESTAURANT & BAR,Manhattan,Thai,C,31,2024-12-16
AT THE VENUE,Manhattan,Coffee/Tea,C,0,2024-11-12
ATEAZ,Manhattan,American,A,12,2024-09-24
ATLA,Manhattan,Mexican,B,19,2025-09-12
ATLAS KITCHEN,Manhattan,Chinese,B,18,2023-11-15
ATLAS SOCIAL CLUB,Manhattan,American,A,7,2026-01-21
ATOBOY,Manhattan,Korean,A,9,2026-09-12
ATOMIC WINGS,Manhattan,Chicken,A,5,2026-02-11
ATOMIX,Manhattan,Korean,A,12,2026-01-15
ATRIO,Manhattan,American,A,9,2024-07-08
ATRIO,Manhattan,American,B,22,2023-02-23
ATTO SUSHI & CAFE HATOU,Manhattan,Japanese,A,13,2025-03-12
AU CHEVAL DINER,Manhattan,American,A,12,2023-05-30
AU ZA'ATAR,Manhattan,Middle Eastern,A,12,2026-04-30
AUBI & RAMSA,Manhattan,Frozen Desserts,B,20,2023-07-11
AUDREY BAKERY & CAFE,Manhattan,Bakery Products/Desserts,A,8,2026-09-15
AUDREY BAKERY & CAFE,Manhattan,Bakery Products/Desserts,A,10,2024-03-01
"AUNTIE ANN KIOSK 1, 2, 3",Manhattan,Hotdogs/Pretzels,B,17,2025-02-26
AUNTIE ANNE'S / CARVEL,Manhattan,Bagels/Pretzels,B,25,2025-01-21
AUNTIE ANNE'S PRETZELS,Manhattan,Hotdogs/Pretzels,B,27,2024-08-16
AUNTIE ANNE'S PRETZELS,Manhattan,Hotdogs/Pretzels,B,15,2025-05-05
AUTOMATIC SLIM'S,Manhattan,American,B,26,2025-01-09
AUX MERVEILLEUX DE FRED,Manhattan,Bakery Products/Desserts,A,10,2022-12-02
AVA SOCIAL,Manhattan,American,A,7,2024-11-29
AVE D PIZZERIA,Manhattan,Pizza,B,24,2024-04-26
AVE D PIZZERIA,Manhattan,Pizza,C,35,2026-07-22
AVE D PIZZERIA,Manhattan,Pizza,C,38,2025-05-28
AVO,Manhattan,Salads,A,13,2024-04-05
AVOCADO OH SMOOTHIE,Manhattan,"Juice, Smoothies, Fruit Salads",B,26,2024-08-27
AVRA ESTIATORIO,Manhattan,Greek,A,13,2026-02-18
AVRA ESTIATORIO,Manhattan,Greek,A,12,2024-05-22
AVRILILILLYS CREAMERY,Manhattan,Bakery Products/Desserts,A,12,2026-07-28
AWESUM DIMSUM TIME SQUARE,Manhattan,Chinese,B,22,2025-08-14
AYADA,Manhattan,Thai,B,24,2024-12-24
AYADA THAI 2,Manhattan,Thai,C,28,2024-11-26
Alphonso's Pizzeria and Trattoria,Manhattan,Pizza,A,10,2024-11-12
Avoca,Manhattan,American,B,24,2025-04-02
B & B BAGELS,Manhattan,Bagels/Pretzels,A,10,2024-11-27
B & B BAGELS,Manhattan,Bagels/Pretzels,A,7,2026-01-08
B & D HALAL FOOD,Manhattan,African,B,20,2025-06-30
B AND B RESTAURANT,Manhattan,African,C,52,2025-09-22
B&H DAIRY,Manhattan,Jewish/Kosher,A,12,2024-01-11
B&W DELI GROCERY,Manhattan,American,C,2,2024-08-28
BAAZI NYC,Manhattan,Indian,C,35,2023-02-28
BABS,Manhattan,Continental,A,11,2021-08-19
BABY JOHN'S PIZZERIA,Manhattan,Pizza,A,9,2026-04-07
BAGEL & SCHMEAR,Manhattan,American,B,20,2024-02-16
BAGEL & SCHMEAR,Manhattan,American,C,29,2025-04-25
BAGEL BELLY,Manhattan,Sandwiches/Salads/Mixed Buffet,A,12,2024-04-30
BAGEL BELLY,Manhattan,Sandwiches/Salads/Mixed Buffet,B,26,2024-02-16
BAGEL BOBS ON YORK,Manhattan,Bagels/Pretzels,A,13,2023-05-03
BAGEL BOSS,Manhattan,Jewish/Kosher,C,31,2024-08-27
BAGEL HOUSE,Manhattan,Bagels/Pretzels,A,11,2024-02-05
BAGEL MARKET,Manhattan,American,B,14,2025-08-11
BAGEL MARKET,Manhattan,American,B,25,2024-05-07
BAGEL MARKET,Manhattan,Bagels/Pretzels,C,55,2025-02-06
BAGEL MARKET,Manhattan,Bagels/Pretzels,C,29,2023-04-19
BAGEL MARKET NEW YORK,Manhattan,Bagels/Pretzels,C,38,2025-09-16
BAGEL PUB,Manhattan,Bagels/Pretzels,A,10,2025-02-25
BAGEL TO SANDWICH,Manhattan,Bagels/Pretzels,A,8,2024-11-07
BAGEL WORKS,Manhattan,Bagels/Pretzels,B,20,2024-11-26
BAGELS & CO,Manhattan,Bagels/Pretzels,A,10,2023-06-30
BAGIZZA BAGELS & PIZZA,Manhattan,American,B,26,2026-01-14
BAILEY'S CORNER PUB,Manhattan,Irish,B,14,2023-01-31
BAJIBAJI,Manhattan,Chinese,B,18,2025-04-23
BAKE CULTURE,Manhattan,Asian/Asian Fusion,A,12,2025-10-23
BAKED CRAVINGS,Manhattan,Bakery Products/Desserts,A,12,2025-09-22
BAKERY MOCANA,Manhattan,Bakery Products/Desserts,C,72,2026-06-15
BAKERY MOCANA,Manhattan,Bakery Products/Desserts,C,5,2024-03-26
BAKERY ON 3RD CAFE,Manhattan,Bakery Products/Desserts,B,21,2022-11-22
BALCON SALON,Manhattan,American,A,10,2024-01-31
BALLATO,Manhattan,Italian,A,12,2024-09-09
BANDITS,Manhattan,American,B,17,2024-03-19
BANGKOK 2 THAI,Manhattan,Thai,A,11,2026-04-07
BANGKOK 2 THAI,Manhattan,Thai,B,20,2025-07-01
BANH MI CAFE,Manhattan,Asian/Asian Fusion,A,12,2025-05-15
BANH MI CO UT,Manhattan,Asian/Asian Fusion,A,11,2024-07-26
BANH MI ZON,Manhattan,Asian/Asian Fusion,B,21,2024-08-22
BANH MI ZON,Manhattan,Asian/Asian Fusion,B,21,2026-05-12
BANK OF NOVA SCOTIA CAFE,Manhattan,American,A,10,2025-08-12
BANQUET KITCHEN,Manhattan,Fusion,A,11,2025-01-14
BANTER,Manhattan,Australian,A,13,2024-05-21
BANTER,Manhattan,Australian,B,26,2025-07-22
BAO BY KAYA,Manhattan,Chinese,A,5,2023-11-28
BAR 314,Manhattan,Italian,C,64,2024-09-09
BAR BELLY,Manhattan,New American,B,26,2024-11-12
BAR CENTRALE,Manhattan,American,A,7,2024-05-30
BAR GOTO,Manhattan,Japanese,A,5,2026-08-13
BAR ITALIA,Manhattan,Italian,B,22,2023-04-05
BAR LOUISE,Manhattan,New American,B,27,2025-04-24
BAR MERCER,Manhattan,Mexican,B,19,2023-01-24
BAR MILLER,Manhattan,Japanese,A,12,2023-11-16
BAR MOGA,Manhattan,Japanese,A,13,2024-02-08
BAR MONTO,Manhattan,Irish,A,13,2024-11-19
BAR OLIVER,Manhattan,New American,A,13,2025-06-27
BAR PISELLINO,Manhattan,Italian,A,11,2024-02-01
BAR PITTI,Manhattan,Italian,A,13,2024-12-03
BAR PITTI,Manhattan,Italian,B,22,2023-05-23
BAR REVIVAL,Manhattan,American,A,13,2026-07-21
BAR SIX,Manhattan,French,A,11,2025-05-15
BAR V,Manhattan,Mediterranean,A,13,2026-05-28
BARAWINE,Manhattan,New American,A,7,2025-10-23
BARAWINE,Manhattan,New American,B,26,2023-01-12
BARBOUNIA,Manhattan,Mediterranean,A,12,2025-04-01
BARBUTO,Manhattan,Italian,B,20,2024-03-13
BARBUTO,Manhattan,Italian,B,17,2025-10-01
BARCADE,Manhattan,American,A,13,2026-07-27
BARD BASEMENT FACULTY KITCHEN,Manhattan,American,A,7,2025-04-15
BARDOLINO PIZZA,Manhattan,Pizza,A,13,2025-10-21
BAREBURGER,Manhattan,American,C,40,2025-07-02
BARKING DOG,Manhattan,American,C,44,2025-08-27
BARKING DOG NYC,Manhattan,American,A,10,2023-06-06
BARN JOO,Manhattan,Korean,A,10,2024-10-24
BARNARD COLLEGE - MILSTEIN CENTER PEETS COFFEE,Manhattan,Coffee/Tea,A,7,2022-09-16
BARNES & NOBLE CAFE,Manhattan,Coffee/Tea,A,8,2024-04-18
BARNES & NOBLE CAFE,Manhattan,Coffee/Tea,A,8,2025-10-08
BARNES & NOBLE CAFE,Manhattan,Coffee/Tea,B,27,2023-10-30
BAROLO EAST,Manhattan,Italian,A,11,2022-11-30
BAROLO EAST,Manhattan,Italian,A,12,2025-01-21
BARRIO CHINO,Manhattan,Mexican,B,27,2023-03-08
BARROW'S PUB,Manhattan,Irish,B,25,2024-12-26
BARRY'S CHELSEA,Manhattan,"Juice, Smoothies, Fruit Salads",C,45,2025-02-06
BARRY'S EAST 64TH,Manhattan,"Juice, Smoothies, Fruit Salads",A,7,2024-06-10
BARRY'S NOHO,Manhattan,"Juice, Smoothies, Fruit Salads",A,11,2026-09-15
BASILICO PIZZERIA,Manhattan,Other,A,12,2025-07-09
BASTA MIDDLE EASTERN GRILL,Manhattan,Middle Eastern,A,13,2025-12-17
BATEAUX NEW YORK,Manhattan,American,A,11,2019-06-13
BAWARCHI INDIAN CUISINE93,Manhattan,Indian,B,20,2025-03-31
BAYA BAR,Manhattan,"Juice, Smoothies, Fruit Salads",A,12,2023-09-13
BAYA BAR,Manhattan,"Juice, Smoothies, Fruit Salads",A,2,2025-07-17
BAYARD HOTEL,Manhattan,American,C,33,2025-07-24
BAYARD SUSHI,Manhattan,Japanese,C,29,2024-08-13
BB JUICE BAR,Manhattan,"Juice, Smoothies, Fruit Salads",C,28,2023-08-01
BB.Q CHICKEN 3RD AVENUE,Manhattan,Korean,B,25,2025-02-20
BBF,Manhattan,Japanese,B,27,2025-04-25
BBF,Manhattan,Japanese,C,35,2024-08-27
BCD TOFU HOUSE,Manhattan,Korean,A,13,2023-10-12
BDC STUDIOS,Manhattan,Bakery Products/Desserts,A,9,2026-08-14
BEACH CAFE,Manhattan,American,B,20,2022-09-27
BEACH CAFE,Manhattan,American,C,43,2024-09-18
BEACON THEATRE,Manhattan,American,A,10,2019-06-06
BEACON THEATRE (BALCONY BAR),Manhattan,American,A,2,2018-05-18
"BEACON THEATRE (ORCHESTRA BAR, MAIN FLOOR)",Manhattan,American,A,2,2018-05-18
BEANS AND VINES EXPRESS,Manhattan,Latin American,A,7,2023-10-26
BEANS AND VINES EXPRESS,Manhattan,Latin American,A,12,2024-10-03
BEAST & BUTTERFLIES,Manhattan,American,B,26,2025-07-23
BEATBOX,Manhattan,American,A,12,2026-09-10
BECKETT'S,Manhattan,American,B,20,2024-02-15
BEDFORD STUDIO,Manhattan,Coffee/Tea,A,10,2024-11-14
BEER AUTHORITY,Manhattan,Irish,A,10,2026-04-30
BEER CULTURE,Manhattan,American,C,44,2026-04-30
BEER RUN,Manhattan,American,A,13,2023-12-27
BEER RUN COLUMBUS,Manhattan,American,A,13,2025-04-03
BEETLE HOUSE,Manhattan,American,A,9,2025-12-05
BEL AMI,Manhattan,Coffee/Tea,C,32,2025-07-18
BEL-FRIES,Manhattan,Chicken,A,13,2025-05-05
BELAIRE CAFE,Manhattan,American,A,10,2026-05-18
BELLA BLU,Manhattan,Italian,A,4,2024-12-19
BELLA BLU,Manhattan,Italian,C,37,2023-10-04
BELLINI,Manhattan,Italian,B,18,2025-01-28
BELTANE,Manhattan,New American,B,27,2025-04-15
BENARES,Manhattan,Indian,B,17,2025-04-22
BENARES,Manhattan,Indian,B,18,2024-11-19
BENEMON,Manhattan,Japanese,A,12,2026-05-08
BENITO ONE,Manhattan,Italian,A,9,2023-01-13
BENITO ONE,Manhattan,Italian,B,27,2025-10-28
BENOIT BISTRO,Manhattan,French,A,12,2025-03-03
BENTON,Manhattan,Japanese,B,17,2024-12-24
BENVENUTO CAFE,Manhattan,American,A,13,2022-04-29
BEST WESTERN PLUS SOHO,Manhattan,American,B,18,2025-02-07
BHATTI INDIAN GRILL,Manhattan,Indian,C,39,2023-10-11
BIBBLE AND SIP,Manhattan,Bakery Products/Desserts,C,54,2022-12-29
BIERHAUS,Manhattan,German,A,10,2023-03-27
BIG O CAFE,Manhattan,American,A,12,2026-06-22
BIG O CAFE,Manhattan,American,A,11,2025-04-02
BIG WONG,Manhattan,Chinese,B,20,2025-06-06
BIG WONG,Manhattan,Chinese,C,63,2025-10-28
BIGOI VENEZIA,Manhattan,Italian,A,12,2024-04-04
BILL'S BAR AND BURGER DOWNTOWN,Manhattan,Hamburgers,C,30,2022-11-18
BILLY'S BAKERY,Manhattan,Bakery Products/Desserts,A,12,2025-08-26
BING & NOODLES BY CHOW HOUSE,Manhattan,Chinese,B,16,2024-04-25
BING & NOODLES BY CHOW HOUSE,Manhattan,Chinese,C,55,2025-07-02
BIRCH COFFEE,Manhattan,Coffee/Tea,A,10,2025-12-16
BIRCH COFFEE,Manhattan,Coffee/Tea,A,10,2026-08-10
BIRCH COFFEE,Manhattan,Coffee/Tea,A,2,2026-04-07
BIRCH COFFEE,Manhattan,Coffee/Tea,A,7,2023-07-14
BIRCH COFFEE,Manhattan,Coffee/Tea,A,2,2023-12-12
BIRCH COFFEE,Manhattan,Coffee/Tea,A,4,2024-11-15
BIRCH COFFEE,Manhattan,Coffee/Tea,A,9,2025-06-10
BIRCH COFFEE,Manhattan,Coffee/Tea,A,11,2026-02-19
BIRD & BRANCH,Manhattan,Coffee/Tea,A,6,2026-03-16
BIRD & BRANCH,Manhattan,Coffee/Tea,A,12,2024-12-03
BISTROT 3 TOROS,Manhattan,French,A,6,2026-05-12
BITE,Manhattan,Mediterranean,A,12,2023-05-02
BITE,Manhattan,American,B,15,2025-05-06
BITES OF XI'AN,Manhattan,Chinese,C,44,2025-08-14
BITES OF XIAN,Manhattan,Chinese,A,10,2023-08-14
BITES OF XIAN,Manhattan,Chinese,A,10,2026-07-30
BIZCOCHO DE COLORES,Manhattan,Bakery Products/Desserts,A,13,2023-04-07
BJORK CAFE & BISTRO,Manhattan,Scandinavian,B,15,2024-11-20
BLACK CRESCENT,Manhattan,American,A,10,2022-07-05
BLACK PRESS COFFEE,Manhattan,Coffee/Tea,A,12,2024-03-04
BLACK PRESS COFFEE,Manhattan,Coffee/Tea,A,13,2023-08-16
BLACK PRESS COFFEE,Manhattan,Coffee/Tea,A,11,2026-06-25
BLACK SEED BAGELS,Manhattan,Bagels/Pretzels,A,10,2024-10-11
BLACK SEED BAGELS,Manhattan,Bagels/Pretzels,B,27,2025-12-01
BLACK STONE COFFEE ROASTERS,Manhattan,American,A,12,2026-07-10
BLACK TAP/ TENDER CRUSH,Manhattan,American,A,12,2026-09-01
BLACK TAP/ TENDER CRUSH,Manhattan,American,B,20,2024-12-18
BLACKWELLS,Manhattan,American,A,13,2024-06-25
BLAKE & TODD,Manhattan,Sandwiches,B,16,2025-04-16
BLAKE & TODD,Manhattan,Sandwiches,B,18,2024-08-15
BLANK SLATE,Manhattan,American,A,12,2026-07-28
BLANK STREET,Manhattan,Coffee/Tea,A,12,2025-07-14
BLANK STREET,Manhattan,Coffee/Tea,A,10,2025-01-22
BLANK STREET,Manhattan,Coffee/Tea,A,12,2023-10-11
BLANK STREET,Manhattan,Coffee/Tea,A,10,2023-12-27
BLANK STREET COFFEE,Manhattan,Coffee/Tea,A,8,2024-12-13
BLANK STREET COFFEE,Manhattan,Coffee/Tea,A,2,2023-01-20
BLANK STREET COFFEE,Manhattan,Coffee/Tea,A,9,2026-03-03
BLANK STREET COFFEE,Manhattan,Coffee/Tea,A,7,2025-12-09
BLANK STREET COFFEE,Manhattan,Coffee/Tea,A,12,2023-07-27
BLANK STREET COFFEE,Manhattan,Coffee/Tea,A,8,2026-03-30
BLANK STREET COFFEE,Manhattan,Coffee/Tea,A,12,2025-01-08
BLANK STREET COFFEE,Manhattan,Coffee/Tea,A,11,2024-08-15
BLANK STREET COFFEE,Manhattan,Coffee/Tea,A,11,2023-01-20
BLANK STREET COFFEE,Manhattan,Coffee/Tea,A,8,2024-12-24
BLANK STREET COFFEE,Manhattan,Coffee/Tea,A,13,2026-01-06
BLEECKER STREET BAR,Manhattan,American,B,14,2025-08-12
BLEECKER STREET PIZZA,Manhattan,Pizza,A,12,2024-06-05
BLEECKER STREET PIZZA,Manhattan,Pizza,A,7,2023-01-05
BLONDIES,Manhattan,American,B,19,2025-02-13
BLOOM'S TAVERN,Manhattan,American,A,13,2024-03-14
BLOOM'S TAVERN,Manhattan,American,A,7,2025-08-11
BLUE & GOLD TAVERN,Manhattan,American,A,5,2024-09-27
BLUE BOTTLE COFFEE,Manhattan,Coffee/Tea,A,8,2024-01-23
BLUE BOTTLE COFFEE,Manhattan,Coffee/Tea,A,7,2024-06-06
BLUE BOTTLE COFFEE,Manhattan,Coffee/Tea,B,24,2024-11-07
BLUE BOTTLE COFFEE,Manhattan,Coffee/Tea,C,66,2024-12-13
BLUE BOX CAFE,Manhattan,French,A,8,2024-10-07
BLUE HAVEN,Manhattan,American,A,13,2022-08-23
BLUE HAVEN EAST,Manhattan,American,A,12,2026-07-27
BLUE MOUNTAIN,Manhattan,Japanese,C,34,2025-10-23
BLUE MOUNTAIN HEIGHTS CAFE & BAR,Manhattan,Caribbean,A,12,2023-04-06
BLUE PARK KITCHEN,Manhattan,American,A,13,2025-08-14
BLUE PARK KITCHEN,Manhattan,American,A,13,2026-07-30
BLUE RIBBON BRASSERIE,Manhattan,American,A,7,2024-05-09
BLUE RIBBON FRIED CHICKEN,Manhattan,Chicken,A,12,2023-10-10
BLUE RIBBON SUSHI IZAKAYA,Manhattan,Japanese,B,19,2025-04-22
BLUE RIBBON SUSHI IZAKAYA,Manhattan,Japanese,C,41,2023-09-14
BLUE RUIN,Manhattan,American,A,13,2022-03-28
BLUE RUIN,Manhattan,American,B,26,2024-05-08
BLUE SPOON,Manhattan,American,A,13,2024-12-09
BLUE SPOON,Manhattan,American,B,17,2024-03-05
BLUESTONE LANE,Manhattan,Australian,A,13,2026-01-22
BLUESTONE LANE,Manhattan,Coffee/Tea,A,2,2024-02-01
BLUESTONE LANE,Manhattan,Coffee/Tea,A,12,2026-08-10
BLUESTONE LANE,Manhattan,American,A,12,2023-06-16
BLUESTONE LANE,Manhattan,Australian,A,12,2024-11-15
BLUESTONE LANE,Manhattan,Coffee/Tea,A,13,2026-07-24
BLUESTONE LANE,Manhattan,Australian,B,23,2024-11-25
BLUESTONE LANE,Manhattan,Australian,B,19,2026-01-22
BLUESTONE LANE,Manhattan,Australian,B,27,2024-12-02
BLUESTONE LANE,Manhattan,Australian,B,27,2023-08-01
BLUESTONE LANE,Manhattan,Coffee/Tea,B,25,2024-02-28
BLUESTONE LANE,Manhattan,Australian,C,42,2024-08-23
BLUESTONE LANE,Manhattan,Coffee/Tea,C,49,2024-04-04
BLUESTONE LANE,Manhattan,Coffee/Tea,C,33,2024-11-29
BLUJEEN,Manhattan,American,C,29,2020-02-05
BLVD BISTRO,Manhattan,Soul Food,A,13,2026-08-27
BLVD BISTRO,Manhattan,Soul Food,B,25,2025-03-12
BNP PARIBAS COFFEE BAR,Manhattan,Coffee/Tea,A,6,2026-03-18
BNY MELLON - EXECUTIVE DINING HALL,Manhattan,American,A,12,2024-11-19
BO KY,Manhattan,Chinese,B,21,2025-12-01
BO KY,Manhattan,Chinese,C,35,2023-07-27
BO KY,Manhattan,Chinese,C,0,2024-11-26
BO'S BAGELS,Manhattan,Bagels/Pretzels,A,7,2025-02-20
BOB'S YOUR UNCLE,Manhattan,American,A,7,2025-10-01
BOBA GUYS,Manhattan,Coffee/Tea,B,21,2024-04-11
BOBBY VAN'S GRILL,Manhattan,Steakhouse,B,23,2025-02-13
BOBBY'S NIGHT OUT,Manhattan,Mexican,B,19,2025-08-05
BOBO,Manhattan,French,A,13,2024-11-19
BOCA CHICA SEAFOOD,Manhattan,Spanish,A,9,2025-05-19
BOCADITO BISTRO,Manhattan,Eastern European,B,26,2024-05-01
BOCCA,Manhattan,Italian,B,20,2025-09-16
BOCCA DI BACCO,Manhattan,Italian,C,66,2024-08-19
BODRUM,Manhattan,Mediterranean,A,12,2026-08-20
BOHEMIAN SPIRIT,Manhattan,Czech,A,5,2024-12-19
BOMBAY BISTRO,Manhattan,Indian,B,18,2024-03-07
BOMBAY GRILL HOUSE,Manhattan,Indian,B,17,2025-02-05
BOMBAY'S,Manhattan,Indian,A,13,2024-08-27
BOND 45 ITALIAN KITCHEN AND BAR,Manhattan,Italian,A,13,2024-12-17
BONDI SUSHI,Manhattan,Japanese,A,5,2024-05-15
BONDI SUSHI,Manhattan,Japanese,A,12,2025-01-10
BONDI SUSHI,Manhattan,Japanese,A,8,2023-01-24
BONDST,Manhattan,Japanese,B,21,2024-11-26
BONI & MOTT,Manhattan,Mediterranean,A,13,2026-04-24
BONJOUR CREPES & WINE,Manhattan,Sandwiches,B,24,2023-02-06
BONO'S CAFE,Manhattan,American,B,17,2025-09-10
BONSAII CAFE,Manhattan,Coffee/Tea,A,12,2026-03-12
BONSAII CAFE,Manhattan,Coffee/Tea,A,7,2023-05-02
BONSIGNOUR,Manhattan,American,C,29,2025-07-21
BOQUERIA,Manhattan,Spanish,B,22,2024-03-07
BOQUERIA,Manhattan,Spanish,C,38,2025-07-17
BOQUERIA,Manhattan,Tapas,C,40,2025-08-12
BOSS TWEEDS,Manhattan,New American,A,13,2025-09-30
BOTTE,Manhattan,Italian,A,12,2025-01-02
BOTTINO,Manhattan,Italian,A,11,2024-01-18
BOUCHERIE,Manhattan,French,A,12,2026-05-12
BOURKE STREET BAKERY (LOCATED IN GRAND CENTRAL TERMINAL),Manhattan,Bakery Products/Desserts,B,18,2026-03-30
BOWERY BEER GARDEN / SHINKA / MR. WU'S BASEMENT / ROOFTOP93,Manhattan,American,A,5,2023-04-19
BOXERS NYC,Manhattan,American,B,25,2025-11-08
BOXERS NYC,Manhattan,American,B,27,2023-08-22
BRADY'S,Manhattan,American,A,7,2024-08-28
BRANDY LIBRARY LOUNGE,Manhattan,French,A,9,2025-05-16
BRASIER,Manhattan,Mexican,A,12,2025-02-06
BRASS NEW YORK / TUSKBAR,Manhattan,French,A,13,2026-09-12
BRASSERIE COGNAC,Manhattan,French,A,13,2024-10-09
BRASSERIE COGNAC,Manhattan,American,C,54,2024-09-26
BRASSERIE TOAST CAFE,Manhattan,American,B,27,2026-03-31
BRASSERIE TOAST CAFE,Manhattan,American,C,32,2024-08-15
BRASSERIE TOAST CAFE,Manhattan,American,C,34,2025-09-17
BRAVEST,Manhattan,American,C,36,2025-01-30
BRAVO PIZZA,Manhattan,Jewish/Kosher,B,26,2026-04-30
BREAD & BUTTER,Manhattan,American,B,27,2024-03-14
BREAD & BUTTER,Manhattan,American,C,21,2025-08-11
BREAD & BUTTER,Manhattan,American,C,47,2026-02-04
BREAD N WINE,Manhattan,Sandwiches,B,27,2025-12-11
BREAD N WINE,Manhattan,Sandwiches,B,15,2024-03-14
BREAD STORY,Manhattan,Bakery Products/Desserts,A,9,2024-01-11
BREAKFAST BY SALT'S CURE,Manhattan,American,A,13,2025-10-16
BREAKFAST BY SALT'S CURE,Manhattan,American,A,12,2024-05-28
BREW MEMORIES,Manhattan,Chinese,A,13,2025-12-05
BREW MEMORIES,Manhattan,Chinese,B,27,2024-08-19
BRICIOLA,Manhattan,Italian,A,11,2023-11-16
BRICIOLA,Manhattan,Italian,B,26,2025-07-17
BRICKYARD,Manhattan,American,A,2,2025-07-28
BROAD NOSH BAGELS,Manhattan,Sandwiches,A,12,2026-06-25
BROAD NOSH BAGELS,Manhattan,Sandwiches/Salads/Mixed Buffet,C,64,2024-03-22
BROADSTONE BAR & KITCHEN,Manhattan,American,B,23,2024-07-31
BROADSTONE BAR & KITCHEN,Manhattan,American,B,27,2023-02-02
BROADWAY AU LAIT,Manhattan,Vegetarian,A,11,2024-10-03
BROADWAY DIVE,Manhattan,American,A,10,2026-02-19
BROADWAY PIZZA,Manhattan,Pizza,A,12,2022-08-03
BROADWAY PIZZA,Manhattan,Pizza,B,21,2022-03-07
BROADWAY PIZZA,Manhattan,Pizza,C,51,2024-09-05
BROOKLYN BAGEL & COFFEE COMPANY,Manhattan,Bagels/Pretzels,A,5,2023-11-29
BROOKLYN CHOP HOUSE,Manhattan,Steakhouse,A,11,2025-02-05
BROOKLYN DINER,Manhattan,American,A,13,2026-03-20
BROOKLYN DUMPLING SHOP,Manhattan,Chinese,A,9,2025-05-06
BROOKLYN PIZZA MASTERS,Manhattan,Pizza,A,12,2024-05-09
BROOKLYN PIZZA MASTERS,Manhattan,Pizza,B,22,2026-04-09
BROOKLYNEER,Manhattan,American,B,23,2023-06-02
BROTHER'S BAKERY CAFE,Manhattan,American,A,9,2025-12-23
BRYANT PARK GRILL,Manhattan,American,A,13,2024-05-07
BT3 AISLE A,Manhattan,American,A,0,2025-02-01
BUA,Manhattan,American,A,11,2023-01-03
BUA THAI RAMEN & ROBATA GRILL,Manhattan,Thai,A,11,2025-02-27
BUA THAI RAMEN & ROBATA GRILL,Manhattan,Thai,C,28,2023-02-16
BUBBA GUMP SHRIMP CO.,Manhattan,American,A,12,2026-08-24
BUBBY'S,Manhattan,American,A,10,2026-08-15
BUCEO 95,Manhattan,Spanish,A,11,2025-09-18
BUDAPEST CAFE,Manhattan,Eastern European,B,21,2026-06-24
BUDDHA BODAI,Manhattan,Vegetarian,A,10,2025-03-06
BUDDHA BODAI,Manhattan,Vegetarian,B,25,2024-11-18
BUENOS AIRES,Manhattan,Latin American,A,6,2025-05-07
BUKHARA GRILL,Manhattan,Indian,C,40,2025-09-16
BUND DUMPLING HOUSE,Manhattan,Chinese,C,37,2025-08-27
BUND DUMPLING HOUSE,Manhattan,Chinese,C,4,2024-08-16
BUNNY DELI,Manhattan,Sandwiches,B,27,2024-03-07
BURGER & LOBSTER,Manhattan,Seafood,B,22,2025-09-08
BURGER KING,Manhattan,Hamburgers,A,8,2024-10-04
BURGER KING,Manhattan,Hamburgers,A,13,2023-09-21
BURGER KING,Manhattan,Hamburgers,A,5,2026-03-18
BURGER WORLD,Manhattan,Hamburgers,A,13,2025-09-17
BURGEROLOGY,Manhattan,Hamburgers,B,23,2024-08-15
BURGEROLOGY,Manhattan,Hamburgers,B,23,2026-02-05
BURGOS RESTAURANT,Manhattan,Latin American,B,23,2022-11-28
BURP BOWL,Manhattan,Chinese,C,40,2023-07-13
BURP BOWL CAFE,Manhattan,Chinese,B,23,2025-11-10
BUSTAN,Manhattan,Mediterranean,B,27,2024-12-18
BUTTER,Manhattan,New American,C,31,2023-12-26
BUTTERCUP BAKE SHOP,Manhattan,Bakery Products/Desserts,B,23,2023-10-31
BUTTERCUP BAKESHOP,Manhattan,Bakery Products/Desserts,B,26,2024-11-13
BUTTERCUP BAKESHOP,Manhattan,Bakery Products/Desserts,B,27,2026-04-16
BUUNNI COFFEE,Manhattan,Coffee/Tea,A,13,2025-08-05
BY THE WAY BAKERY,Manhattan,Bakery Products/Desserts,A,2,2026-08-06
Benvenuto Pizza #2 Corp,Manhattan,Pizza,A,12,2024-03-27
Benvenuto Pizza #2 Corp,Manhattan,Pizza,A,10,2025-09-04
C & B,Manhattan,Coffee/Tea,B,19,2023-06-28
CABRINI 181,Manhattan,American,A,13,2024-11-07
CABRINI JUICERY,Manhattan,"Juice, Smoothies, Fruit Salads",A,11,2024-03-07
CABRINI JUICERY,Manhattan,"Juice, Smoothies, Fruit Salads",A,13,2025-07-21
CACHAPAS Y MAS,Manhattan,Latin American,B,27,2024-04-22
CAFE 101,Manhattan,American,A,13,2024-02-26
CAFE 11,Manhattan,Jewish/Kosher,C,33,2025-09-25
CAFE 1792,Manhattan,American,A,13,2026-04-07
CAFE 2,Manhattan,American,A,11,2025-06-25
CAFE 23,Manhattan,American,A,11,2023-06-12
CAFE ABBONDANZA,Manhattan,American,B,27,2024-04-23
CAFE ADORA,Manhattan,Other,A,9,2026-07-29
CAFE AROMA,Manhattan,American,A,12,2023-01-05
CAFE AT SAKS FIFTH AVENUE,Manhattan,Coffee/Tea,A,13,2023-05-03
CAFE ATELIER (ART STUDENTS LEAGUE),Manhattan,American,A,13,2024-03-04
CAFE BILBOQUET,Manhattan,French,A,3,2024-10-15
CAFE BLOOM,Manhattan,Coffee/Tea,A,13,2024-11-07
CAFE BY THE GIRLS,Manhattan,Coffee/Tea,A,12,2025-07-16
CAFE CHINA,Manhattan,Chinese,A,12,2024-11-19
CAFE CLEMENTINE,Manhattan,American,A,12,2026-08-13
CAFE D'ALSACE,Manhattan,French,A,10,2024-11-25
CAFE FIORELLO,Manhattan,Italian,A,6,2025-02-03
CAFE FIORELLO,Manhattan,Italian,A,13,2023-10-30
CAFE FRED,Manhattan,Coffee/Tea,A,11,2025-12-31
CAFE GRUMPY,Manhattan,Coffee/Tea,A,7,2023-12-12
CAFE GRUMPY,Manhattan,Coffee/Tea,A,13,2023-04-13
CAFE GRUMPY,Manhattan,Coffee/Tea,A,4,2023-01-25
CAFE GRUMPY,Manhattan,Coffee/Tea,A,4,2025-12-05
CAFE GRUMPY,Manhattan,Coffee/Tea,A,8,2025-04-10
CAFE GRUMPY,Manhattan,Coffee/Tea,A,7,2026-08-11
CAFE GRUMPY,Manhattan,Coffee/Tea,C,51,2024-05-22
CAFE GRUMPY,Manhattan,Coffee/Tea,C,28,2024-04-25
CAFE HESTIA,Manhattan,American,B,20,2024-08-21
CAFE HESTIA,Manhattan,American,B,16,2025-07-15
CAFE HESTIA,Manhattan,Sandwiches/Salads/Mixed Buffet,C,69,2026-06-24
CAFE HONG KONG,Manhattan,Chinese,C,33,2023-02-09
CAFE HUGO,Manhattan,American,A,0,2025-11-12
CAFE INTEGRAL,Manhattan,Coffee/Tea,A,12,2024-05-24
CAFE JOAH,Manhattan,American,C,35,2025-09-12
CAFE LUCE,Manhattan,Italian,A,13,2023-11-21
CAFE LUXEMBOURG,Manhattan,French,A,12,2025-03-21
CAFE MIOMIO / BAR MUTSUMI,Manhattan,Japanese,A,8,2024-01-25
CAFE MOGADOR,Manhattan,Moroccan,A,9,2023-10-16
CAFE NUNEZ,Manhattan,Latin American,A,12,2025-11-21
CAFE NUNEZ,Manhattan,Latin American,C,29,2025-07-24
"CAFE ON 5TH, STERLING AFFAIR",Manhattan,American,A,12,2023-03-22
CAFE ONE,Manhattan,American,B,23,2025-07-08
CAFE PANINO MUCHO GUSTO,Manhattan,Coffee/Tea,A,9,2025-01-06
CAFE SELECT,Manhattan,Eastern European,A,13,2025-08-18
CAFE SELECT,Manhattan,Eastern European,C,12,2022-09-22
CAFE SKYE,Manhattan,American,B,20,2023-09-19
CAFE SKYE,Manhattan,American,C,40,2025-08-12
CAFETERIA,Manhattan,American,A,13,2025-02-07
CAFFE ARONNE,Manhattan,Coffee/Tea,C,36,2025-01-27
CAFFE BENE,Manhattan,Coffee/Tea,A,7,2024-10-29
CAFFE BUON GUSTO,Manhattan,Italian,C,39,2023-10-12
CAFFE NAPOLI,Manhattan,Italian,B,21,2024-08-06
CAFFE NAPOLI,Manhattan,Italian,C,71,2023-01-26
CAFFE REGGIO,Manhattan,Italian,A,12,2025-01-08
CAFFE ROMA,Manhattan,Bakery Products/Desserts,B,23,2024-11-25
CAFFE VITA,Manhattan,Coffee/Tea,A,12,2026-06-22
CALABRIJE'S,Manhattan,Mexican,A,12,2026-01-15
CALAVERAS CORNER,Manhattan,Mexican,B,22,2024-09-05
CALEDONIA,Manhattan,American,A,12,2024-03-20
CALEDONIA,Manhattan,Irish,A,12,2024-10-03
CALEXICO,Manhattan,Mexican,C,4,2024-09-03
CANDLE 79,Manhattan,Vegan,A,12,2019-09-12
CANDLE 79,Manhattan,Vegan,A,11,2018-12-13
CANTINA TAQUERIA & TEQUILA BAR,Manhattan,Mexican,B,27,2025-05-08
CANTINA TAQUERIA & TEQUILA BAR,Manhattan,Mexican,B,20,2026-01-08
CANTINA TAQUERIA & TEQUILIA BAR,Manhattan,Mexican,B,27,2023-08-16
CANTO,Manhattan,Italian,A,13,2023-08-31
CAP'T LOUI SEAFOOD BOIL,Manhattan,Seafood,B,24,2025-05-29
CAPITAL RESTAURANT,Manhattan,American,C,38,2024-11-13
CAPIZZI,Manhattan,Pizza,A,9,2024-12-02
CAPIZZI,Manhattan,Pizza,A,13,2026-06-29
CAPY,Manhattan,Bakery Products/Desserts,A,7,2023-05-02
CAPY,Manhattan,Bakery Products/Desserts,A,13,2024-08-13
CARAVAN UYGHUR CUISINE,Manhattan,Asian/Asian Fusion,C,33,2024-09-19
CARBONE,Manhattan,Italian,B,22,2025-09-24
CARBONE,Manhattan,Italian,B,21,2024-03-05
CARDIO BAKERY,Manhattan,Chinese,B,18,2026-03-18
CARIBBEAN STARR,Manhattan,Caribbean,A,12,2024-05-17
CARIBBEAN STARR,Manhattan,Caribbean,A,12,2025-07-14
CARIDAD RESTAURANT,Manhattan,Latin American,A,7,2026-02-10
CARINITO NYC,Manhattan,Mexican,C,33,2023-08-09
CARLO'S BAKE SHOP,Manhattan,Bakery Products/Desserts,A,13,2024-10-15
CARMINE'S,Manhattan,Italian,A,12,2024-02-01
CARNEGIE DINER & CAFE/DELOS GREEK RESTAURANT/ CARNEGIE CATERING,Manhattan,Greek,A,13,2026-03-30
CARNEGIE PIZZA,Manhattan,Pizza,A,12,2025-10-29
CAROL'S BUN,Manhattan,Chinese,A,13,2023-06-12
CARROT EXPRESS,Manhattan,Soups/Salads/Sandwiches,A,8,2025-07-18
CARROT EXPRESS,Manhattan,Soups/Salads/Sandwiches,A,12,2024-10-31
CARROT EXPRESS,Manhattan,Soups/Salads/Sandwiches,B,18,2023-10-26
CARVEL,Manhattan,Frozen Desserts,C,45,2025-01-09
CARVEL / CINNABON / AUNTIE ANNE'S,Manhattan,Hotdogs/Pretzels,A,12,2026-04-08
CASA,Manhattan,Brazilian,A,13,2025-07-08
CASA ADELA,Manhattan,Latin American,B,27,2024-03-12
CASA CARMEN,Manhattan,Mexican,A,12,2024-10-08
CASA CARMEN,Manhattan,Mexican,A,8,2024-06-11
CASA CARMEN,Manhattan,Mexican,A,11,2026-07-07
CASA D' ANGELO,Manhattan,Italian,A,12,2024-12-18
CASA DI ISACCO,Manhattan,Italian,B,18,2024-12-03
CASA EMILIO RESTAURANT,Manhattan,Spanish,C,64,2025-06-09
CASA LA FEMME,Manhattan,Egyptian,A,9,2024-08-20
CASA LA FEMME,Manhattan,Egyptian,A,9,2026-05-28
CASA LOUIE,Manhattan,Italian,A,10,2025-04-29
CATERING KITCHEN (GOOGLE),Manhattan,American,A,12,2023-12-06
CATRIA MODERN ITALIAN,Manhattan,Italian,B,21,2024-12-03
CAVA,Manhattan,Mediterranean,A,9,2025-12-10
CAVA,Manhattan,Mediterranean,A,6,2026-07-20
CAVA,Manhattan,Mediterranean,A,12,2025-10-02
CAVA,Manhattan,Mediterranean,A,13,2025-12-16
CAVA,Manhattan,Mediterranean,A,13,2024-04-24
CAVA,Manhattan,Mediterranean,B,20,2025-12-01
CAVA,Manhattan,Mediterranean,C,71,2023-08-15
CAVA,Manhattan,Mediterranean,C,30,2022-09-26
CAZUELA MEXICANA,Manhattan,Mexican,B,26,2023-08-23
CAZUELA MEXICANA,Manhattan,Mexican,C,53,2025-10-07
"CECCONI'S, THE CLUB, MAGIC ROOM",Manhattan,Italian,A,13,2023-08-23
CELLAR 36,Manhattan,American,A,7,2024-03-06
CELLAR DOG,Manhattan,American,A,10,2025-07-23
CENTRAL MARKET NEW YORK,Manhattan,Italian,B,18,2024-03-05
CENTRAL PARK CAFE,Manhattan,Italian,C,41,2026-02-18
CERTE CATERING,Manhattan,American,B,22,2024-12-31
CERVO'S,Manhattan,Seafood,B,16,2025-11-25
CHA CHA MATCHA,Manhattan,Coffee/Tea,A,7,2025-11-24
CHA CHA MATCHA,Manhattan,Coffee/Tea,A,10,2026-06-10
CHA CHA MATCHA,Manhattan,Coffee/Tea,A,12,2024-07-11
CHA CHA MATCHA,Manhattan,Coffee/Tea,B,17,2023-03-28
CHA CHA MATCHA,Manhattan,Coffee/Tea,B,25,2023-09-06
CHA KEE,Manhattan,Chinese,A,13,2025-04-25
CHA-AN TEAHOUSE,Manhattan,Japanese,A,12,2026-02-26
CHAI THAI KITCHEN,Manhattan,Thai,B,20,2025-09-10
CHAI THAI KITCHEN,Manhattan,Thai,C,39,2024-06-27
CHAMOUN'S WAY,Manhattan,Lebanese,A,9,2023-05-23
CHAMOUN'S WAY,Manhattan,Lebanese,B,16,2025-09-16
CHAMP GOURMET,Manhattan,American,A,8,2023-11-06
CHAMPION PIZZA,Manhattan,Pizza,B,15,2023-05-23
CHAMPION PIZZA ESSEX,Manhattan,Pizza,C,36,2024-11-06
CHARCOAL EATS,Manhattan,Indian,B,18,2025-06-17
CHARLES PAN-FRIED CHICKEN,Manhattan,Chicken,A,12,2026-05-07
CHARLES PAN-FRIED CHICKEN,Manhattan,Chicken,B,23,2025-08-28
CHARLIE BIRD,Manhattan,Italian,A,10,2024-03-06
CHARLIE'S PIZZA,Manhattan,Pizza,A,2,2024-03-21
CHARLOTTE CAFE,Manhattan,American,B,23,2025-01-02
CHAROEN KRUNG,Manhattan,Thai,A,13,2025-07-10
CHATEAU 49,Manhattan,French,A,13,2025-06-11
CHAZZ PALMINTERI ITALIAN RESTAURANT,Manhattan,Italian,A,13,2024-10-03
CHECKER'S,Manhattan,American,A,7,2026-06-22
CHECKER'S,Manhattan,American,A,12,2025-01-13
CHEESEBOAT,Manhattan,Eastern European,B,19,2026-04-28
CHEESY PIZZA,Manhattan,Pizza,A,12,2026-05-12
CHEESY PIZZA,Manhattan,Pizza,B,26,2024-12-19
CHEF GUO,Manhattan,Chinese,A,8,2024-02-29
CHEF TAN,Manhattan,Chinese,A,12,2023-03-21
CHEF TAN,Manhattan,Chinese,C,34,2026-01-06
CHEF TAN,Manhattan,Chinese,C,58,2025-02-19
CHELSEA BAGEL,Manhattan,Bagels/Pretzels,B,18,2025-07-18
CHELSEA BELL,Manhattan,American,A,11,2025-06-10
CHELSEA BELL,Manhattan,American,B,24,2024-11-12
CHELSEA DELI,Manhattan,Sandwiches,A,13,2023-02-16
CHELSEA DELI,Manhattan,Sandwiches,B,27,2024-08-20
CHELSEA JUICE,Manhattan,"Juice, Smoothies, Fruit Salads",B,17,2024-05-15
CHELSEA MUSIC HALL,Manhattan,American,A,10,2019-07-11
CHELSEA PAPAYA,Manhattan,American,B,24,2023-09-12
"CHELSEA PIERS, LP @ CHELSEA PIERS FITNESS",Manhattan,American,A,10,2026-08-10
CHELSEA SQUARE DINER,Manhattan,American,B,22,2025-04-25
CHELSEA SQUARE DINER,Manhattan,American,C,37,2024-08-19
CHELSEA TABLE AND STAGE,Manhattan,American,B,27,2025-10-22
CHEZ JOSEPHINE,Manhattan,French,B,25,2024-05-06
CHEZ LES FRENCHIES CAFE,Manhattan,French,A,12,2026-08-31
CHEZ MATY ET SOKHNA,Manhattan,African,B,24,2025-07-17
CHEZ MATY ET SOKHNA,Manhattan,African,B,27,2023-05-04
CHEZ MATY ET SOKHNA,Manhattan,African,C,42,2025-01-28
CHEZ NOUS,Manhattan,French,C,32,2022-09-13
CHICA & THE DON,Manhattan,Latin American,A,13,2025-12-30
CHICHA SAN CHEN,Manhattan,Coffee/Tea,A,12,2026-04-29
CHICK CHICK,Manhattan,Chicken,B,24,2024-09-27
CHICK-FIL-A,Manhattan,Chicken,A,7,2026-03-24
CHICK-FIL-A,Manhattan,Chicken,A,7,2026-03-26
CHICK-FIL-A,Manhattan,Chicken,A,9,2026-04-02
CHICK-FIL-A,Manhattan,Chicken,A,10,2024-06-21
CHICK-FIL-A,Manhattan,Chicken,A,4,2025-10-02
CHICK-FIL-A,Manhattan,Chicken,A,8,2024-12-13
CHICK-FILL-A,Manhattan,Chicken,A,13,2025-01-08
CHICKEN FEASTIN,Manhattan,Chicken,A,2,2025-11-13
CHICKEN INSIDER,Manhattan,Chicken,A,5,2025-12-02
"CHICKEN, FRIES CONCESSION",Manhattan,Chicken,A,0,2025-02-01
CHICKPEA,Manhattan,American,B,27,2025-10-27
CHIHIRO TEA,Manhattan,Coffee/Tea,A,10,2023-09-25
CHINA 1,Manhattan,Chinese,A,10,2022-03-31
CHINA GOURMET,Manhattan,Chinese,B,16,2022-11-18
CHINA KING,Manhattan,Chinese,A,11,2026-07-13
CHINA RED EXPRESS,Manhattan,Chinese,B,24,2025-04-25
CHINA RIVER,Manhattan,Chinese,B,26,2024-01-31
CHINA XIANG,Manhattan,Chinese,A,13,2023-05-23
CHINA XIANG,Manhattan,Chinese,C,28,2025-09-08
CHINATOWN SNACKS,Manhattan,Asian/Asian Fusion,B,25,2026-08-04
CHINELOS II DELI-GROCERY RESTAURANT,Manhattan,Mexican,C,33,2025-04-29
CHIP CITY,Manhattan,Bakery Products/Desserts,A,5,2024-10-09
CHIPILO,Manhattan,Sandwiches,A,12,2023-10-17
CHIPILO,Manhattan,Sandwiches,C,32,2025-04-23
CHIPOTLE MEXICAN GRILL,Manhattan,Tex-Mex,A,9,2025-07-15
CHIPOTLE MEXICAN GRILL,Manhattan,Tex-Mex,A,10,2023-08-08
CHIPOTLE MEXICAN GRILL,Manhattan,Tex-Mex,A,7,2026-07-28
CHIPOTLE MEXICAN GRILL,Manhattan,Tex-Mex,A,12,2024-11-06
CHIPOTLE MEXICAN GRILL,Manhattan,Tex-Mex,A,4,2026-04-29
CHIPOTLE MEXICAN GRILL,Manhattan,Tex-Mex,A,13,2025-10-27
CHIPOTLE MEXICAN GRILL,Manhattan,Tex-Mex,A,12,2024-07-03
CHIPOTLE MEXICAN GRILL,Manhattan,Tex-Mex,A,12,2024-03-05
CHIPOTLE MEXICAN GRILL,Manhattan,Tex-Mex,A,11,2026-01-05
CHIPOTLE MEXICAN GRILL,Manhattan,Tex-Mex,A,13,2023-10-06
CHIPOTLE MEXICAN GRILL,Manhattan,Tex-Mex,A,13,2026-01-21
CHIPOTLE MEXICAN GRILL,Manhattan,Tex-Mex,A,13,2026-06-26
CHIPOTLE MEXICAN GRILL,Manhattan,Tex-Mex,A,4,2026-03-09
CHIPOTLE MEXICAN GRILL,Manhattan,Tex-Mex,A,13,2024-07-22
CHIPOTLE MEXICAN GRILL,Manhattan,Tex-Mex,A,10,2023-05-03
CHIPOTLE MEXICAN GRILL,Manhattan,Tex-Mex,A,9,2023-12-12
CHIPOTLE MEXICAN GRILL,Manhattan,Tex-Mex,A,6,2024-05-30
CHIPOTLE MEXICAN GRILL,Manhattan,Tex-Mex,A,12,2025-10-03
CHIPOTLE MEXICAN GRILL,Manhattan,Tex-Mex,A,11,2026-07-21
CHIPOTLE MEXICAN GRILL,Manhattan,Tex-Mex,A,9,2026-05-27
CHIPOTLE MEXICAN GRILL,Manhattan,Tex-Mex,A,9,2024-06-10
CHIPOTLE MEXICAN GRILL,Manhattan,Tex-Mex,B,15,2025-07-10
CHIPOTLE MEXICAN GRILL,Manhattan,Tex-Mex,B,19,2024-08-26
CHIPOTLE MEXICAN GRILL,Manhattan,Tex-Mex,B,19,2026-07-29
CHIPOTLE MEXICAN GRILL,Manhattan,Tex-Mex,B,26,2026-02-09
CHIPOTLE MEXICAN GRILL,Manhattan,Tex-Mex,B,17,2026-07-20
CHIPOTLE MEXICAN GRILL,Manhattan,Tex-Mex,B,17,2024-07-02
CHIPOTLE MEXICAN GRILL #3056,Manhattan,Tex-Mex,A,8,2025-12-13
CHIPOTLE MEXICAN GRILL #3056,Manhattan,Tex-Mex,A,12,2026-01-13
CHIPOTLE MEXICAN GRILL #3056,Manhattan,Tex-Mex,B,24,2025-02-13
CHIPOTLE MEXICAN GRILL #3477,Manhattan,Mexican,A,12,2024-02-06
CHIRP,Manhattan,Peruvian,A,12,2024-03-25
CHIRP,Manhattan,Peruvian,B,19,2025-08-22
CHIRPING CHICKEN,Manhattan,Chicken,A,12,2026-01-12
CHIRPING CHICKEN,Manhattan,American,C,30,2024-03-20
CHIU HONG BAKERY,Manhattan,Bakery Products/Desserts,B,14,2023-09-07
CHIU HONG BAKERY,Manhattan,Bakery Products/Desserts,B,26,2026-07-23
CHO DANG GOL,Manhattan,Korean,A,10,2025-07-17
CHO-KO RESTAURANT,Manhattan,Japanese,A,2,2024-01-25
CHOCNYC BAKERY,Manhattan,Bakery Products/Desserts,A,12,2023-06-22
CHOCOLATE DIP,Manhattan,Frozen Desserts,B,23,2025-10-07
CHOCOLATE DIP,Manhattan,Bakery Products/Desserts,B,23,2025-06-30
CHOCOLATE DIP,Manhattan,Bakery Products/Desserts,C,31,2025-01-29
CHOMP CHOMP,Manhattan,Thai,B,26,2024-08-27
CHOMP CHOMP,Manhattan,Thai,C,60,2026-05-28
CHOP'T,Manhattan,Soups/Salads/Sandwiches,A,12,2024-03-06
CHOP'T,Manhattan,Salads,A,10,2024-09-16
CHOP'T,Manhattan,Soups/Salads/Sandwiches,A,8,2025-07-02
CHOP'T,Manhattan,Salads,A,9,2024-12-30
CHOP'T,Manhattan,American,A,12,2026-08-25
CHOP'T,Manhattan,Salads,A,7,2026-03-17
CHOP'T,Manhattan,Salads,A,2,2024-10-09
CHOP-SHOP,Manhattan,Asian/Asian Fusion,B,26,2023-01-25
CHOPT,Manhattan,Other,A,13,2023-08-03
CHOTE MIYA,Manhattan,Indian,A,13,2023-08-29
CHOTE MIYA,Manhattan,Indian,A,12,2024-11-07
CHOW HOUSE,Manhattan,Chinese,B,22,2024-03-11
CHOW HOUSE,Manhattan,Chinese,C,69,2025-09-12
CHU ROS THAI,Manhattan,Thai,B,19,2022-12-28
CHU ROS THAI,Manhattan,Thai,B,20,2025-08-07
CHUN YANG,Manhattan,Coffee/Tea,A,5,2024-02-28
CHUN YANG,Manhattan,Coffee/Tea,A,12,2025-09-09
CHURRASCARIA PLATAFORMA,Manhattan,Brazilian,A,12,2025-12-11
CHURRASCARIA PLATAFORMA,Manhattan,Brazilian,A,13,2024-06-11
CIAO BELLA PIZZA,Manhattan,Pizza,B,20,2023-08-22
CINICO COFFEE COMPANY,Manhattan,Coffee/Tea,B,23,2025-03-03
CINNABON / AUNTIE ANNE'S,Manhattan,Bakery Products/Desserts,C,3,2024-08-27
CINNAHOLIC,Manhattan,Bakery Products/Desserts,A,11,2025-10-21
CIPRIANI DOLCI,Manhattan,Italian,C,35,2022-11-17
CIPRIANI DOWNTOWN,Manhattan,Italian,A,10,2024-03-07
CIRCLE LINE MANHATTAN,Manhattan,American,A,12,2025-10-15
CIRCLE LINE QUEENS,Manhattan,American,A,7,2024-07-30
CIRCLE LINE STATEN ISLAND,Manhattan,Coffee/Tea,A,7,2023-11-03
CITADINES CONNECT,Manhattan,Continental,C,51,2024-03-28
CITIZENS OF CHELSEA,Manhattan,Coffee/Tea,A,7,2025-09-03
CITIZENS OF SOHO,Manhattan,Australian,C,38,2025-07-03
CITY CINEMAS 123,Manhattan,American,A,8,2024-06-26
CITY GOURMET MARKET,Manhattan,American,A,12,2025-07-15
CITY ONE,Manhattan,Chinese,A,11,2025-04-17
CITY ONE,Manhattan,Chinese,B,15,2023-08-31
CITY WINERY NEW YORK,Manhattan,American,C,29,2023-08-31
CKA KA QELLUE,Manhattan,Mediterranean,A,12,2026-02-19
CLAIRE'S KITCHEN CAFE,Manhattan,American,C,33,2025-09-05
CLASSIC CAR CLUB,Manhattan,American,B,19,2023-03-30
CLAUD,Manhattan,French,A,10,2022-08-23
CLAUDETTE,Manhattan,French,A,13,2023-10-19
CLAUDETTE,Manhattan,French,A,12,2022-04-06
CLAUDIA'S COFFEE SHOP,Manhattan,Coffee/Tea,A,0,2025-07-18
CLAUDIO'S PIZZA & PASTA,Manhattan,Pizza,B,17,2024-12-18
CLINTON HALL,Manhattan,American,A,8,2025-10-01
CLOISTERS GRILL,Manhattan,Latin American,A,12,2025-12-30
CLOUD SOCIAL,Manhattan,American,A,12,2022-11-28
CLOVE INDIAN RESTAURANT BAR,Manhattan,Indian,B,19,2026-05-18
CLUB 59 NYC STUDIO CAFE,Manhattan,Italian,B,25,2026-06-30
CLUB CUMMING,Manhattan,American,B,22,2024-12-17
COACH,Manhattan,American,A,3,2023-12-04
COACH,Manhattan,American,A,4,2025-08-07
COCINA DEL SUR,Manhattan,Latin American,B,14,2025-01-29
COCO FRESH TEA & JUICE,Manhattan,Coffee/Tea,A,12,2022-11-21
COCO FRESH TEA & JUICE,Manhattan,Coffee/Tea,A,6,2025-11-18
COCORON,Manhattan,Japanese,B,27,2023-05-30
COCORON,Manhattan,Japanese,B,20,2025-08-07
COCOTAZO,Manhattan,Spanish,A,9,2026-06-06
CODINO,Manhattan,Italian,A,13,2026-04-08
COFFEE + COCKTAILS / LE COIN NYC / SAISHIN,Manhattan,French,B,20,2025-02-13
COFFEE + COCKTAILS / LE COIN NYC / SAISHIN,Manhattan,French,B,27,2023-08-16
COFFEE AT,Manhattan,Coffee/Tea,A,11,2022-11-03
COFFEE AT BREADS BAKERY,Manhattan,Coffee/Tea,C,30,2023-10-03
COFFEE BAR,Manhattan,Coffee/Tea,A,4,2026-04-27
COFFEE PROJECT,Manhattan,Coffee/Tea,A,12,2025-07-01
COFFEE PROJECT NEW YORK - CHELSEA,Manhattan,Coffee/Tea,A,12,2024-06-03
COFFEE PROJECT NY,Manhattan,Coffee/Tea,A,11,2025-04-17
COFFEE PROJECT NY,Manhattan,Coffee/Tea,A,12,2023-12-14
COFFEE RX ROASTERS,Manhattan,Coffee/Tea,A,9,2026-03-26
COLGATE PALMOLIVE,Manhattan,American,A,4,2023-03-31
COLGATE PALMOLIVE,Manhattan,American,A,9,2025-10-07
COLGATE PALMOLIVE,Manhattan,American,A,7,2024-06-26
COLONY CLUB,Manhattan,American,A,12,2024-10-18
COLONY CLUB,Manhattan,American,A,12,2023-04-10
"COLUMBIA UNIVERSITY BAKER ATHLETICS COMPLEX, STAND #3",Manhattan,Coffee/Tea,C,28,2016-11-12
COLUMBUS CAFE,Manhattan,Sandwiches,B,23,2026-06-12
COLUMBUS CAFE,Manhattan,Sandwiches,B,25,2024-12-11
COLUMNS WINE BAR,Manhattan,Mediterranean,B,20,2025-10-09
COMA BUENO,Manhattan,Latin American,B,22,2025-04-07
COMFORT INN,Manhattan,Armenian,B,18,2025-08-12
COMFORT INN,Manhattan,Armenian,C,34,2023-10-26
COMIC STRIP LIVE,Manhattan,American,B,22,2025-10-22
COMMON GOOD HARLEM,Manhattan,Coffee/Tea,A,12,2023-05-18
COMMON GOOD HARLEM,Manhattan,Coffee/Tea,A,7,2026-03-05
COMMONS CAFE,Manhattan,American,A,7,2025-09-24
COMMUNITY DINING HALL AT MCKEON HALL FORDAM UNIV,Manhattan,American,A,12,2025-08-12
COMMUNITY FOOD AND JUICE,Manhattan,American,B,16,2024-04-01
COMMUNITY FOOD AND JUICE,Manhattan,American,C,42,2025-09-12
CONDE NAST,Manhattan,American,A,10,2023-04-28
CONDE NAST,Manhattan,American,A,12,2022-03-31
CONGEE VILLAGE,Manhattan,Chinese,B,25,2025-01-16
CONMIGO,Manhattan,Mexican,B,24,2025-12-30
CONOR'S GOAT,Manhattan,American,A,12,2025-12-17
CONVENE,Manhattan,American,A,13,2022-12-05
CONVENE,Manhattan,American,A,13,2025-07-02
CONVENE,Manhattan,American,A,10,2022-08-02
CONWELL COFFEE HALL,Manhattan,Coffee/Tea,B,27,2024-11-27
COOK UNITY,Manhattan,American,A,12,2025-02-11
COOKIE ODYSSEY,Manhattan,Bakery Products/Desserts,B,27,2026-05-26
COOL CULINARY,Manhattan,Other,A,11,2023-05-06
COOLEY LLP,Manhattan,American,A,9,2026-04-06
COOPER'S CRAFT & KITCHEN,Manhattan,American,A,11,2026-09-10
COPINETTE,Manhattan,Continental,B,19,2025-07-23
COPPA,Manhattan,Coffee/Tea,A,0,2022-08-22
COPPER MUG COFFEE,Manhattan,Coffee/Tea,A,7,2024-08-22
CORBET & CONLEY CATERERS,Manhattan,American,A,12,2025-04-24
CORBET & CONLEY CATERERS,Manhattan,American,C,57,2024-12-24
CORIMA,Manhattan,Mexican,A,10,2025-11-06
CORK & KALE (EVEN HOTEL NEW YORK-MIDTOWN EAST),Manhattan,American,A,12,2025-04-28
CORK & KALE (EVEN HOTEL NEW YORK-MIDTOWN EAST),Manhattan,American,A,11,2022-09-27
CORK & KALE (EVEN HOTEL NEW YORK-MIDTOWN EAST),Manhattan,American,C,30,2024-12-30
CORK & KALE AT EVEN HOTEL,Manhattan,American,B,21,2026-04-16
CORK & KALE AT EVEN HOTEL,Manhattan,American,B,17,2024-08-26
CORK WINE BAR,Manhattan,French,A,13,2024-03-05
CORNER BISTRO,Manhattan,American,B,22,2024-02-28
CORNER GOURMET,Manhattan,American,B,20,2025-07-18
CORRADO BREAD & PASTRY,Manhattan,Coffee/Tea,A,10,2023-04-25
CORRADO BREAD & PASTRY,Manhattan,Coffee/Tea,A,12,2024-09-20
COSME,Manhattan,Mexican,A,7,2025-01-15
COSTA,Manhattan,Mediterranean,B,19,2024-06-20
COTTA,Manhattan,Italian,A,10,2023-11-29
COUNTER & BODEGA,Manhattan,Latin American,C,29,2024-03-27
COURT STREET GROCERS,Manhattan,Sandwiches,C,33,2024-03-21
COWGIRL,Manhattan,Tex-Mex,A,7,2024-11-19
COWGIRL SEAHORSE,Manhattan,Southwestern,A,11,2026-01-20
COZY CAFE,Manhattan,Middle Eastern,A,10,2026-05-12
COZY CAFE,Manhattan,Middle Eastern,A,12,2024-11-26
CPS EVENTS AT THE PLAZA,Manhattan,American,A,13,2024-05-29
CRAB HOUSE,Manhattan,Seafood,A,12,2023-10-16
CRAB HOUSE,Manhattan,Seafood,A,13,2025-07-15
CRAFT,Manhattan,American,A,9,2024-09-12
CRAFT & CARRY,Manhattan,Irish,A,4,2025-10-23
CRAFT + CARRY,Manhattan,American,A,13,2025-11-19
CRAFT + CARRY,Manhattan,American,C,48,2023-10-18
CRAVE FISH BAR,Manhattan,American,A,12,2026-02-05
CRAVE FISH BAR/CRAVE SUSHI BAR,Manhattan,Seafood,B,17,2023-11-22
CREATIVE CAKES,Manhattan,American,A,5,2025-10-24
CREATIVE EDGE CATERERS,Manhattan,American,A,9,2026-03-17
CREDIT AGRICOLE DINING,Manhattan,American,A,10,2025-07-09
CREME,Manhattan,Coffee/Tea,A,7,2025-05-07
CREME,Manhattan,Coffee/Tea,A,12,2023-10-31
CREPE CAFE,Manhattan,American,A,7,2023-11-13
CREPE HOUSE,Manhattan,Frozen Desserts,A,12,2025-04-17
CREPES ON COLUMBUS,Manhattan,French,C,69,2022-11-30
CRIMINAL COURT BLDG CAFETERIA,Manhattan,American,B,15,2026-07-23
CRIOLLAS,Manhattan,Latin American,A,7,2023-09-08
CRISPIANO,Manhattan,Pizza,A,9,2026-03-26
CRISPY BAMBOO RESTAURANT,Manhattan,Chinese,A,7,2026-06-22
CROMPTON ALE HOUSE,Manhattan,American,B,24,2023-12-04
CROWN FRIED CHICKEN & PIZZA,Manhattan,Chicken,B,24,2024-12-16
CRUMBL,Manhattan,Bakery Products/Desserts,A,11,2024-04-25
CT CLUB,Manhattan,Italian,A,12,2026-04-23
CUBBYHOLE,Manhattan,American,A,9,2025-12-23
CUCHIFRITOS,Manhattan,Spanish,B,26,2024-01-23
CUCHIFRITOS,Manhattan,Spanish,B,27,2024-12-17
CUCINA ITALIAN TAVERN,Manhattan,Italian,A,12,2026-09-02
CUCINA ITALIAN TAVERN,Manhattan,Italian,B,25,2025-06-16
CULTURE ESPRESSO,Manhattan,Coffee/Tea,A,12,2024-10-18
CUNY GRADUATE CENTER-DINING COMMONS (E0688),Manhattan,American,A,6,2025-03-18
CUNY GRADUATE CENTER-DINING COMMONS (E0688),Manhattan,American,B,18,2024-03-26
CURRENT,Manhattan,American,A,10,2024-05-15
CURRY HOUSE,Manhattan,Thai,A,13,2023-09-12
CURRY KING,Manhattan,Pakistani,A,10,2024-04-09
CUT BY WOLFGANG PUCK,Manhattan,Steakhouse,C,34,2026-02-19
Charles Pan-Fried Chicken,Manhattan,Soul Food,A,11,2024-10-17
Chick-fil-A,Manhattan,American,A,8,2024-08-15
D & P 52ND FLOOR,Manhattan,American,A,9,2025-09-24
D ELICI,Manhattan,American,C,5,2024-08-26
D' ABRUZZO,Manhattan,Other,A,10,2023-12-20
D'LILI BAKERY,Manhattan,Bakery Products/Desserts,A,11,2025-07-24
D'LILI BAKERY,Manhattan,Bakery Products/Desserts,A,13,2023-04-27
D'LIOZ BAKERY,Manhattan,Bakery Products/Desserts,A,2,2025-03-20
D.E. SHAW,Manhattan,American,B,27,2026-01-12
D.SALAM AFRICAN CUISINE,Manhattan,African,C,48,2025-02-26
DA ANDREA RISTORANTE,Manhattan,Italian,A,6,2024-02-27
DA BAO BAKERY,Manhattan,Chinese,B,19,2025-10-20
DA BAO BAKERY,Manhattan,Chinese,B,22,2026-06-15
DA BIANCA PIZZERIA,Manhattan,Pizza,B,24,2025-10-08
DA CAPO,Manhattan,Italian,A,13,2024-06-12
DA CAPO,Manhattan,Italian,A,11,2022-08-30
DA CAPO CAFFE,Manhattan,Italian,A,13,2024-02-27
DA MARINO NYC,Manhattan,Italian,B,23,2023-01-18
DA NICO RISTORANTE,Manhattan,Italian,A,13,2023-02-15
DA TOMMASO RISTORANTE,Manhattan,Italian,A,13,2024-01-11
DADDIES,Manhattan,Italian,B,15,2023-04-25
DADDIES,Manhattan,Italian,C,32,2025-12-03
DAHLA,Manhattan,Other,A,12,2026-06-04
DAILY PROVISIONS,Manhattan,American,A,10,2024-11-04
DAILY PROVISIONS,Manhattan,American,A,6,2025-02-27
DALLAS BBQ,Manhattan,Barbecue,A,13,2024-10-22
DAME,Manhattan,English,A,5,2024-05-14
DAN JONES COFFEE BAR,Manhattan,Coffee/Tea,B,17,2025-08-07
DANIEL'S COFFEE AND MORE,Manhattan,Coffee/Tea,A,8,2024-03-22
DANTE,Manhattan,Italian,B,22,2024-03-11
DANTE WEST VILLAGE,Manhattan,Italian,B,18,2025-12-01
DANTE WEST VILLAGE,Manhattan,Italian,B,26,2023-02-27
DAO DIM SUM,Manhattan,Chinese,A,3,2026-08-14
DARK MATTER COFFEE - ADIOS AMIGOS,Manhattan,Coffee/Tea,A,10,2025-01-09
DARYL ROTH THEATRE,Manhattan,American,A,11,2026-07-29
DAVE'S HOT CHICKEN,Manhattan,American,A,13,2025-06-02
DAVE'S HOT CHICKEN,Manhattan,American,A,7,2026-01-14
DAVEY'S ICE CREAM,Manhattan,Frozen Desserts,B,26,2025-08-21
DAVID BURKE TAVERN,Manhattan,American,B,26,2025-01-27
DAVID BURKE TAVERN,Manhattan,American,B,21,2025-10-30
DAVID'S BAGELS,Manhattan,American,A,13,2024-07-18
DAVID'S BAGELS,Manhattan,American,A,13,2025-10-17
DAVIDOVICH BAKERY,Manhattan,Bagels/Pretzels,B,18,2023-09-20
DAVIDOVICH BAKERY,Manhattan,Bakery Products/Desserts,B,24,2025-06-30
DAVIDOVICH BAKERY,Manhattan,Bakery Products/Desserts,C,28,2023-06-23
DAY DRINKS CHELSEA,Manhattan,Coffee/Tea,C,49,2025-08-07
DD SOUP DUMPLING,Manhattan,Asian/Asian Fusion,C,33,2024-07-16
DEAR IRVING,Manhattan,American,A,13,2026-04-14
DEAR MAMA COFFEE,Manhattan,American,B,21,2024-04-11
DEATH & CO.,Manhattan,American,B,25,2024-12-18
DEBORAH MILLER,Manhattan,American,A,7,2023-02-21
DEBUTEA,Manhattan,Coffee/Tea,B,22,2024-10-15
DEL FRISCO'S DOUBLE EAGLE STEAKHOUSE,Manhattan,Steakhouse,A,0,2022-11-29
DELGADO'S CANDY STORE,Manhattan,Sandwiches/Salads/Mixed Buffet,A,11,2025-11-14
DELGADO'S CANDY STORE,Manhattan,Sandwiches/Salads/Mixed Buffet,C,38,2025-08-06
DELI & GRILL,Manhattan,American,B,25,2026-07-14
DELI & GRILL,Manhattan,American,C,65,2025-08-13
DELI & GRILL,Manhattan,American,C,30,2024-12-19
DELI EL CHAPINCITO,Manhattan,Latin American,B,27,2024-11-25
DELI EL CHAPINCITO,Manhattan,Latin American,C,30,2026-02-13
DELICIAS MEXICANAS,Manhattan,Mexican,A,12,2026-07-07
DELICIAS MEXICANAS,Manhattan,Mexican,A,12,2025-01-16
DELICIOUS CHINESE RESTAURANT,Manhattan,Chinese,B,23,2024-04-04
DELICO,Manhattan,Sandwiches,B,18,2024-11-27
DELMONICO GOURMET,Manhattan,American,B,27,2024-04-23
DELMONICO GOURMET,Manhattan,American,C,46,2025-04-15
DELUXE GREEN BO,Manhattan,Chinese,B,23,2025-11-06
DELUXE GREEN BO,Manhattan,Chinese,C,73,2024-03-27
DEN SOCIAL,Manhattan,Korean,A,7,2020-02-28
DENINO'S,Manhattan,Pizza,A,13,2024-03-05
DEPLOY COFFEE,Manhattan,Coffee/Tea,A,10,2025-04-30
DER KRUNG,Manhattan,Thai,A,12,2025-10-08
DESI GALLI,Manhattan,Indian,A,11,2025-10-06
DESI GALLI,Manhattan,Indian,B,24,2025-07-16
DESI GALLI,Manhattan,Indian,B,27,2024-03-05
DESIMONES,Manhattan,American,A,13,2026-08-27
DESPANA,Manhattan,Tapas,C,42,2025-07-17
DEVIN'S FISH & CHIPS,Manhattan,Seafood,A,9,2025-08-12
DEVIN'S FISH & CHIPS,Manhattan,Seafood,B,19,2023-04-04
DEVOCION,Manhattan,Coffee/Tea,A,12,2025-06-11
DHABA INDIAN CUISINE,Manhattan,Indian,A,9,2026-02-26
DHABA INDIAN CUISINE,Manhattan,Indian,B,15,2023-10-12
DHAMAKA,Manhattan,Indian,B,25,2024-03-05
DICHTER PHARMACY,Manhattan,Coffee/Tea,A,4,2023-01-10
DIG INN,Manhattan,American,A,9,2025-08-07
DIG INN,Manhattan,American,A,11,2024-05-29
DIG INN,Manhattan,American,B,25,2024-12-17
DIG INN,Manhattan,American,B,26,2023-05-08
DIG INN,Manhattan,Brazilian,B,8,2026-08-31
DIG INN,Manhattan,American,B,16,2025-01-09
DIG INN,Manhattan,American,B,24,2024-05-08
DIG INN,Manhattan,Brazilian,B,18,2024-12-24
DILL & PARSLEY,Manhattan,Mediterranean,B,20,2025-09-25
DIM SUM GO GO,Manhattan,Chinese,A,13,2024-03-21
DIM SUM PALACE,Manhattan,Chinese,A,13,2026-01-15
DIM SUM PALACE,Manhattan,Chinese,A,12,2023-03-28
DIM SUM PALACE,Manhattan,Chinese,A,10,2022-11-29
DIM SUM PALACE,Manhattan,Chinese,B,27,2024-12-30
DIM SUM PALACE,Manhattan,Chinese,B,21,2024-05-07
DIM SUM PALACE,Manhattan,Chinese,C,39,2025-08-04
DIM SUM PALACE,Manhattan,Chinese,C,30,2025-09-04
DIM SUM SAM,Manhattan,Chinese,A,11,2025-01-30
DIM SUM SAM,Manhattan,Chinese,B,27,2025-06-10
DIM SUM SAM,Manhattan,Chinese,B,19,2025-04-28
DIMES,Manhattan,American,A,12,2023-12-27
DIMES,Manhattan,Californian,A,13,2023-05-23
DIMSUM PALACE,Manhattan,Chinese,C,38,2025-01-27
DIN TAI FUNG,Manhattan,Thai,A,12,2025-08-14
DINER 24,Manhattan,American,B,19,2024-09-24
DINO'S PIZZERIA,Manhattan,Pizza,A,12,2024-03-04
DINO'S PIZZERIA,Manhattan,Pizza,A,7,2025-05-08
DIRTY TACO,Manhattan,Mexican,B,21,2025-07-16
DISFRUTA,Manhattan,Mexican,C,38,2024-09-03
DISHES,Manhattan,American,A,13,2024-09-05
DISHES,Manhattan,American,B,24,2026-01-13
DISHES,Manhattan,American,B,22,2024-09-03
DISHES,Manhattan,American,B,27,2023-02-24
DISHES,Manhattan,American,C,33,2025-04-30
DISHES,Manhattan,American,C,39,2023-03-07
DISTRICT LOCAL,Manhattan,American,A,11,2026-08-04
DISTRICT TAP HOUSE,Manhattan,American,A,7,2023-06-06
DIZZY'S CLUB,Manhattan,American,A,10,2023-06-23
DO NOT DISTURB,Manhattan,New American,A,12,2023-03-30
DO NOT DISTURB,Manhattan,New American,A,10,2026-03-19
DO NOT FEED ALLIGATORS,Manhattan,Coffee/Tea,C,51,2025-01-06
DOABA DELI,Manhattan,Indian,C,40,2023-11-15
DOABA DELI,Manhattan,Indian,C,31,2025-09-17
DOG & BONE,Manhattan,American,A,12,2024-05-23
DOG & BONE,Manhattan,American,B,26,2022-11-28
DOLAR SHOP,Manhattan,Chinese,B,24,2025-09-25
DOLAR SHOP,Manhattan,Chinese,C,50,2025-01-22
DOMAIN CAFE (GOOGLE),Manhattan,American,A,13,2024-11-20
DOMINICAN VALLE RESTAURANT,Manhattan,Spanish,B,21,2025-02-19
DOMINO'S,Manhattan,Pizza,A,12,2024-09-26
DOMINO'S,Manhattan,Pizza,A,3,2024-03-28
DOMINO'S,Manhattan,Pizza,A,13,2023-04-28
DOMINO'S,Manhattan,Pizza,A,9,2024-10-09
DOMINO'S,Manhattan,Pizza,A,13,2024-07-09
DOMINO'S,Manhattan,Pizza,A,4,2026-07-22
DOMINO'S,Manhattan,Pizza,A,7,2024-09-26
DOMINO'S PIZZA #3680,Manhattan,Pizza,A,4,2024-10-03
DOMINO'S PIZZA #3685,Manhattan,Pizza,A,12,2026-03-25
DOMINO'S PIZZA #3685,Manhattan,Pizza,A,12,2024-12-05
DOMINO'S PIZZA #3689,Manhattan,Pizza,A,2,2026-08-13
DON ANTONIO RESTAURANT,Manhattan,Italian,A,6,2023-04-28
DON CEVICHE,Manhattan,Latin American,A,12,2024-03-20
DON GIOVANNI RISTORANTE,Manhattan,Italian,A,12,2024-09-26
DON PEPI PIZZA,Manhattan,Pizza,A,12,2022-02-23
DONBURIYA,Manhattan,Japanese,C,33,2025-02-05
DONBURIYA,Manhattan,Japanese,C,31,2023-04-23
DONER HAUS,Manhattan,German,C,37,2026-04-28
DONNA MARGHERITIA,Manhattan,Italian,B,27,2024-04-18
DORRIAN'S RED HAND,Manhattan,American,A,13,2025-11-25
DOS CAMINOS,Manhattan,Mexican,B,14,2024-11-27
DOS TOROS,Manhattan,Mexican,A,11,2024-11-18
DOS TOROS,Manhattan,Mexican,A,9,2026-03-09
DOS TOROS,Manhattan,Spanish,A,13,2023-04-14
DOS TOROS TAQUERIA,Manhattan,Mexican,A,12,2024-11-26
DOS TOROS TAQUERIA,Manhattan,Spanish,A,10,2024-12-17
DOUBLE DUTCH ESPRESSO,Manhattan,Coffee/Tea,A,13,2025-01-15
DOUBLE TWISTER ICE CREAM,Manhattan,Frozen Desserts,B,20,2024-03-05
DOUGH DOUGHNUTS,Manhattan,Donuts,A,10,2025-02-13
DOUGHNUT PLANT,Manhattan,Donuts,A,10,2023-11-08
DOUGHNUT PLANT,Manhattan,Donuts,B,27,2025-05-15
DOUGHNUTTERY,Manhattan,American,A,12,2024-02-15
DOUGHNUTTERY,Manhattan,Donuts,A,2,2025-09-08
DOUGHNUTTERY,Manhattan,Donuts,A,4,2023-07-14
DOWLING'S / BEMELMANS BAR / CAFE CARLYLE / THE GALLERY,Manhattan,American,B,15,2023-08-04
DOWN UNDER COFFEE,Manhattan,Coffee/Tea,A,13,2023-04-26
DOWNTOWN YOGURT,Manhattan,Frozen Desserts,A,13,2024-06-18
DRAGON 88,Manhattan,Chinese,B,16,2025-11-19
DRAGON 88,Manhattan,Chinese,B,25,2024-02-28
DRAGON KING J,Manhattan,Chinese,A,10,2026-01-23
DRAGON SUSHI OF 8 AVENUE,Manhattan,Japanese,A,11,2024-02-29
DRAUGHT 55,Manhattan,American,B,18,2023-04-05
DREAM BABY,Manhattan,American,A,13,2026-03-26
DREAM BABY,Manhattan,American,A,12,2024-10-22
DREAM TALK,Manhattan,Coffee/Tea,A,10,2026-02-06
DREAMER'S PIZZA,Manhattan,Pizza,B,22,2023-11-21
DREAMER'S PIZZA II,Manhattan,Pizza,A,13,2025-10-29
DREAMERS COFFEE HOUSE,Manhattan,Coffee/Tea,A,12,2026-07-29
DROM,Manhattan,Mediterranean,A,12,2024-12-03
DROM,Manhattan,Mediterranean,A,10,2023-05-04
DROM,Manhattan,Mediterranean,B,25,2023-01-22
DROP OFF SERVICE,Manhattan,American,A,2,2022-05-03
DUAL TOWNE PLACE SUITES/SPRINGHILL SUITES,Manhattan,American,B,23,2022-11-15
DUAL TOWNE PLACE SUITES/SPRINGHILL SUITES,Manhattan,American,C,49,2024-08-22
DUAL TOWNE PLACE SUITES/SPRINGHILL SUITES,Manhattan,American,C,61,2025-06-12
DUDLEY'S,Manhattan,Australian,A,12,2025-02-10
DUE WEST,Manhattan,New American,A,10,2026-05-28
DUKE EATERY,Manhattan,Sandwiches/Salads/Mixed Buffet,B,20,2026-06-30
DULCE VIDA KITCHEN,Manhattan,Latin American,A,12,2023-05-31
DUMPLING XI,Manhattan,Chinese,C,40,2025-07-23
DUN HUANG GRAND CENTRAL,Manhattan,Chinese,C,56,2024-03-14
DUN HUANG GRAND CENTRAL,Manhattan,Chinese,C,4,2025-07-02
DUNKIN,Manhattan,Donuts,A,7,2024-03-27
DUNKIN,Manhattan,Donuts,A,12,2025-11-25
DUNKIN,Manhattan,Donuts,A,12,2025-01-02
DUNKIN,Manhattan,Donuts,A,8,2025-12-30
DUNKIN,Manhattan,Donuts,A,9,2024-07-25
DUNKIN,Manhattan,Donuts,A,12,2024-08-08
DUNKIN,Manhattan,Donuts,A,12,2025-12-05
DUNKIN,Manhattan,Donuts,A,12,2024-10-01
DUNKIN,Manhattan,Donuts,A,10,2023-02-08
DUNKIN,Manhattan,American,A,10,2025-10-10
DUNKIN,Manhattan,Donuts,A,10,2024-08-01
DUNKIN,Manhattan,Donuts,A,11,2024-11-14
DUNKIN,Manhattan,Donuts,A,13,2025-04-15
DUNKIN,Manhattan,Donuts,A,12,2024-04-05
DUNKIN,Manhattan,Donuts,A,8,2024-07-01
DUNKIN,Manhattan,Donuts,A,13,2023-01-23
DUNKIN,Manhattan,American,A,7,2023-09-20
DUNKIN,Manhattan,Donuts,A,13,2026-07-23
DUNKIN,Manhattan,Donuts,A,2,2023-10-06
DUNKIN,Manhattan,Donuts,A,13,2025-05-15
DUNKIN,Manhattan,Donuts,A,8,2025-07-08
DUNKIN,Manhattan,American,A,13,2026-07-31
DUNKIN,Manhattan,Donuts,A,9,2024-12-12
DUNKIN,Manhattan,Coffee/Tea,A,13,2025-08-19
DUNKIN,Manhattan,Donuts,A,10,2025-06-09
DUNKIN,Manhattan,Donuts,A,12,2023-10-05
DUNKIN,Manhattan,Donuts,A,9,2026-09-11
DUNKIN,Manhattan,Donuts,A,12,2025-05-19
DUNKIN,Manhattan,Donuts,A,12,2026-06-10
DUNKIN,Manhattan,Donuts,A,2,2025-06-02
DUNKIN,Manhattan,Donuts,A,13,2024-10-15
DUNKIN,Manhattan,Donuts,A,12,2025-01-30
DUNKIN,Manhattan,Donuts,A,9,2024-05-01
DUNKIN,Manhattan,Donuts,A,3,2026-08-03
DUNKIN,Manhattan,Donuts,A,12,2024-07-18
DUNKIN,Manhattan,Donuts,A,10,2025-10-02
DUNKIN,Manhattan,Donuts,B,14,2023-01-17
DUNKIN / BASKIN ROBBINS,Manhattan,Coffee/Tea,A,8,2026-03-20
DUNKIN / BASKIN ROBBINS,Manhattan,Donuts,A,10,2025-09-22
DUNKIN DONUTS,Manhattan,Donuts,A,5,2026-08-03
DUNKIN DONUTS,Manhattan,Donuts,A,2,2025-04-17
DUNKIN DONUTS,Manhattan,Donuts,A,12,2024-02-07
DUNKIN DONUTS,Manhattan,Donuts,A,9,2024-02-20
DUNKIN DONUTS,Manhattan,American,A,10,2024-10-24
DUNKIN DONUTS,Manhattan,Donuts,A,8,2024-09-19
DUNKIN DONUTS,Manhattan,Donuts,A,2,2024-02-20
DUNKIN DONUTS/ SANDY GROUND FERRY BOATS TAVERN,Manhattan,Donuts,A,12,2025-12-15
DUNKIN',Manhattan,Donuts,A,7,2025-09-26
DUNKIN',Manhattan,Donuts,A,10,2025-05-14
DUNKIN',Manhattan,Donuts,A,13,2024-04-18
DUNKIN',Manhattan,Donuts,A,8,2026-07-02
DUNKIN',Manhattan,Donuts,A,7,2024-11-06
DUNKIN',Manhattan,Donuts,A,12,2025-01-27
DUNKIN',Manhattan,Donuts,A,9,2024-10-29
DUNKIN',Manhattan,Donuts,C,41,2024-07-25
DUNKIN' / 'BASKIN ROBBINS,Manhattan,Donuts,A,13,2024-08-15
DUNKIN' / 'BASKIN ROBBINS,Manhattan,Donuts,A,13,2023-02-17
DUNKIN' / 'BASKIN ROBBINS,Manhattan,Donuts,A,8,2023-07-13
DUNKIN' / BASKIN ROBBINS,Manhattan,Donuts,A,9,2023-01-18
DUNKIN' / BASKIN ROBBINS,Manhattan,Donuts,A,12,2024-06-26
DUNKIN' / BASKIN ROBBINS,Manhattan,Donuts,A,11,2025-03-25
DUNKIN' / BASKIN ROBBINS,Manhattan,Coffee/Tea,A,13,2024-03-29
DUNKIN' / BASKIN ROBBINS,Manhattan,Donuts,A,12,2024-08-28
DUNKIN' / BASKIN ROBBINS,Manhattan,Donuts,A,2,2023-04-18
DUNKIN' DONUTS,Manhattan,Coffee/Tea,A,11,2025-12-18
DUNKIN' DONUTS,Manhattan,Donuts,A,11,2024-05-21
"DUNKIN', 'BASKIN ROBBINS",Manhattan,Donuts,A,9,2025-06-30
"DUNKIN', BASKIN ROBBINS",Manhattan,Donuts,A,13,2026-07-02
"DUNKIN', BASKIN ROBBINS",Manhattan,Donuts,A,11,2025-08-06
DUNKIN'/HUDSON NEWS,Manhattan,American,A,12,2024-05-01
DUNKIN’,Manhattan,American,A,10,2025-10-17
DUTCH BABY,Manhattan,American,A,7,2026-06-04
DY JUICE BAR,Manhattan,"Juice, Smoothies, Fruit Salads",A,11,2026-05-19
DY JUICE BAR,Manhattan,"Juice, Smoothies, Fruit Salads",B,19,2025-02-11
DYCKMAN BAKERY,Manhattan,Bakery Products/Desserts,A,13,2024-02-20
DYCKMAN BAKERY,Manhattan,Bakery Products/Desserts,B,26,2025-02-13
DYCKMAN BAKERY,Manhattan,Bakery Products/Desserts,B,22,2026-06-25
DYCKMAN PALACE PIZZA,Manhattan,Pizza,A,7,2026-03-30
Dalia's Harlem Cafe,Manhattan,Coffee/Tea,A,13,2025-09-18
E.A.K. RAMEN,Manhattan,Japanese,A,12,2025-01-21
E.J'S LUNCHEONETTE,Manhattan,American,A,12,2026-05-04
EA DUMPLING,Manhattan,Asian/Asian Fusion,A,9,2025-05-15
EAR INN,Manhattan,American,C,40,2025-02-11
EARTHBAR,Manhattan,"Juice, Smoothies, Fruit Salads",A,10,2026-02-02
EARTHBAR,Manhattan,"Juice, Smoothies, Fruit Salads",A,7,2026-01-12
EARTHBAR,Manhattan,"Juice, Smoothies, Fruit Salads",C,63,2026-02-11
EARTHBAR,Manhattan,American,C,50,2026-04-03
EARTHBAR,Manhattan,"Juice, Smoothies, Fruit Salads",C,55,2026-03-31
EARTHBAR @ EQUINOX,Manhattan,"Juice, Smoothies, Fruit Salads",C,0,2026-02-24
EAST END BAR & GRILL,Manhattan,American,A,9,2024-04-15
EAST MEETS WEST BY FRIEDMANS,Manhattan,Asian/Asian Fusion,A,12,2026-04-17
EAST SEASON RESTAURANT HOUSE,Manhattan,Chinese,B,25,2026-03-13
EASTPOINT / DOWNTIME,Manhattan,American,A,12,2023-06-22
EASTVIEW SR. LIVING,Manhattan,American,A,10,2026-05-07
EASTWOOD,Manhattan,Middle Eastern,A,11,2026-09-12
EASY CORNER,Manhattan,Caribbean,A,13,2023-04-03
EAT HERE NOW,Manhattan,American,A,9,2026-05-27
EATALY CAFFE,Manhattan,Italian,A,11,2026-04-06
EATALY NY LLC (KIOSK),Manhattan,Pizza,A,12,2024-08-21
EATALY NY LLC (KIOSK),Manhattan,Pizza,A,2,2026-02-04
EDEN WOK,Manhattan,Jewish/Kosher,B,19,2025-08-26
EDISON BALLROOM,Manhattan,Asian/Asian Fusion,A,10,2024-09-10
EDWARD'S,Manhattan,American,A,13,2024-12-11
EFFY'S CAFE,Manhattan,Jewish/Kosher,A,13,2023-09-13
EFFYS CAFE,Manhattan,Jewish/Kosher,A,8,2024-06-13
EJ BBQ & SUSHI,Manhattan,Asian/Asian Fusion,C,2,2025-02-10
EL AZTECA Y EL GUANACO,Manhattan,Latin American,B,19,2026-04-13
EL CAMION CANTINA,Manhattan,Mexican,B,24,2025-02-18
EL CAPRI III,Manhattan,Spanish,A,13,2024-12-13
EL CASTILLO DE JAGUA,Manhattan,Latin American,A,11,2025-12-03
EL CASTILLO DE JAGUA II,Manhattan,Spanish,C,39,2025-04-17
EL CASTILLO DE JAGUA II,Manhattan,Spanish,C,51,2022-09-26
EL CASTILLO DE JAGUA II,Manhattan,Spanish,C,53,2023-12-06
EL CASTILLO DE MADISON,Manhattan,Latin American,A,11,2024-04-18
EL CHURRO,Manhattan,Coffee/Tea,A,12,2025-10-23
EL COCO,Manhattan,Mexican,A,13,2025-01-08
EL GALLO TAQUERIA,Manhattan,Mexican,A,13,2024-10-21
EL GALLO TAQUERIA,Manhattan,Mexican,B,23,2025-08-11
EL GALLO TAQUERIA,Manhattan,Mexican,C,34,2025-01-29
EL GRECO,Manhattan,Greek,B,20,2024-09-26
EL KALLEJON,Manhattan,Mexican,A,8,2026-04-21
EL KALLEJON,Manhattan,Mexican,A,10,2024-02-08
EL MANANTIAL BAKERY,Manhattan,Bakery Products/Desserts,B,24,2026-05-14
EL MIL SABORES,Manhattan,Tex-Mex,A,13,2026-06-23
EL MIL SABORES,Manhattan,Tex-Mex,B,18,2024-12-16
EL NUEVO CARRIBENO,Manhattan,Latin American,A,12,2025-01-28
EL NUEVO SABOR,Manhattan,Latin American,C,48,2023-11-16
EL NUEVO SANDY,Manhattan,Latin American,B,22,2025-05-06
EL NUEVO SANDY,Manhattan,Latin American,C,43,2024-07-01
EL PITALLITO RESTAURANT,Manhattan,Spanish,B,22,2024-05-16
EL PLATO LOCO,Manhattan,Spanish,A,12,2025-08-20
EL PORTON,Manhattan,Mexican,C,56,2023-01-04
EL PORTON,Manhattan,Mexican,C,45,2024-11-19
EL POTE RESTAURANT,Manhattan,Spanish,C,8,2024-04-30
EL TA'KOY / MEZZANINE / TERRACE ON 7,Manhattan,Hawaiian,B,25,2023-09-06
EL TORO MEXICAN GRILL,Manhattan,Mexican,A,10,2023-04-13
EL TORO MEXICAN GRILL,Manhattan,Mexican,A,4,2024-09-16
EL VEZ,Manhattan,Mexican,A,7,2023-12-21
ELCIELO NEW YORK / THE POOL CLUB,Manhattan,Latin American,A,11,2026-08-25
ELECTRIC SHUFFLE,Manhattan,American,B,18,2024-11-26
ELEMENT HOTEL TIME SQUARE,Manhattan,American,A,12,2025-10-09
ELENI'S GOODS,Manhattan,Greek,A,13,2026-05-12
ELENI'S GOODS,Manhattan,Greek,C,37,2024-12-12
ELEPHANT EAR THAI EATERY,Manhattan,Japanese,B,21,2025-09-04
ELEPHANT EAR THAI EATERY,Manhattan,Japanese,C,36,2023-11-28
ELEVEN B,Manhattan,Pizza,B,26,2024-03-05
ELEVEN B,Manhattan,Pizza,C,30,2025-08-28
ELI'S ESSENTIALS,Manhattan,American,A,10,2024-09-18
ELI'S ESSENTIALS,Manhattan,Sandwiches/Salads/Mixed Buffet,B,23,2024-10-24
ELI'S ESSENTIALS,Manhattan,Sandwiches/Salads/Mixed Buffet,B,21,2026-03-17
ELI'S TABLE,Manhattan,American,A,12,2025-10-25
ELIM BISTRO,Manhattan,Sandwiches,B,22,2024-07-24
ELIM BISTRO,Manhattan,Sandwiches,B,27,2026-03-17
ELIM BISTRO,Manhattan,Sandwiches,C,33,2023-04-05
ELLEN'S STARDUST DINER,Manhattan,American,A,12,2025-09-15
ELLIE'S CHINESE RESTAURANT,Manhattan,Chinese,A,12,2023-03-28
ELSA LA REINA DEL CHICHARRON,Manhattan,Latin American,C,2,2025-08-26
ELSA RESTAURANT LA REINA DEL CHICHARRON,Manhattan,Latin American,A,13,2024-12-09
EMBASSY SUITES,Manhattan,American,B,19,2024-04-11
EMMY SQUARED PIZZA,Manhattan,Pizza,A,11,2023-05-16
EMMY SQUARED PIZZA,Manhattan,Pizza,A,12,2023-06-28
EMMY SQUARED PIZZA,Manhattan,Pizza,B,26,2025-06-26
EMMY SQUARED PIZZA,Manhattan,Pizza,B,26,2023-08-16
EMMY SQUARED PIZZA,Manhattan,Pizza,C,53,2024-02-28
EMPANADAS MONUMENTAL,Manhattan,Spanish,A,12,2026-09-04
EMPANADAS MONUMENTAL,Manhattan,Latin American,A,10,2024-04-11
EMPANADAS MONUMENTAL,Manhattan,Spanish,B,25,2024-11-27
EMPANADAS MONUMENTAL,Manhattan,Latin American,C,28,2026-06-29
EMPEROR DUMPLING,Manhattan,Asian/Asian Fusion,A,13,2025-01-14
EMPEROR DUMPLING,Manhattan,Chinese/Japanese,A,12,2023-05-09
EMPEROR DUMPLING,Manhattan,Asian/Asian Fusion,B,20,2025-06-26
EMPEROR DUMPLING,Manhattan,Chinese/Japanese,B,26,2025-06-30
EMPEROR DUMPLING,Manhattan,Chinese/Japanese,C,38,2025-01-07
EMPIRE CORNER II,Manhattan,Chinese,A,5,2024-04-02
EMPIRE DINER,Manhattan,American,B,26,2025-01-06
EMPIRE III,Manhattan,Chinese,A,9,2026-04-27
EMPIRE III,Manhattan,Chinese,C,41,2024-09-25
EMPIRE STEAK HOUSE,Manhattan,American,B,19,2025-08-18
EMPIRE STEAK HOUSE,Manhattan,American,C,38,2024-12-23
EMPLOYEE FEEDING,Manhattan,American,A,0,2025-02-01
EMPYREAN INDIAN KITCHEN / SPICED CRAFT,Manhattan,Indian,A,13,2025-06-30
ENTWINE,Manhattan,American,B,25,2023-04-12
EPICERIE BOULUD,Manhattan,French,A,8,2024-01-22
EPICERIE BOULUD,Manhattan,French,B,18,2022-11-03
EQUIS PICA POLLO,Manhattan,Latin American,A,10,2025-02-20
ERNST & YOUNG,Manhattan,American,A,5,2025-03-24
ERNST AND YOUNG,Manhattan,Other,A,8,2024-10-15
ESMERALDO BAKERY,Manhattan,Bakery Products/Desserts,B,24,2025-11-24
ESS-A-BAGEL,Manhattan,American,A,12,2026-06-10
ESSEN,Manhattan,American,B,27,2025-04-23
ESSEN,Manhattan,American,B,26,2022-11-28
ESSEN,Manhattan,American,C,34,2024-08-30
ESSEN,Manhattan,American,C,32,2024-11-25
ESSEX,Manhattan,New American,B,15,2025-04-29
ESSEX,Manhattan,New American,C,35,2024-11-14
ESTIATORIO MILOS,Manhattan,Greek,A,8,2025-12-08
ESTIATORIO MILOS,Manhattan,Greek,A,9,2024-03-19
ETC,Manhattan,Fusion,B,16,2025-10-20
ETC,Manhattan,Fusion,B,25,2022-11-23
ETC,Manhattan,Fusion,C,36,2024-11-19
ETHEL BARRYMORE THEATRE,Manhattan,American,A,7,2023-01-25
ETHOS GALLERY,Manhattan,Greek,B,23,2022-11-28
ETHOS GALLERY,Manhattan,Greek,B,24,2024-11-18
ETHYL'S ALCOHOL & FOOD,Manhattan,American,A,10,2026-02-19
EUROPAN CAFE,Manhattan,American,A,9,2026-04-01
EUROPAN CAFE,Manhattan,American,A,7,2025-10-27
EVA'S X CINCO DE MAYO,Manhattan,Mexican,B,24,2025-02-12
EVERETT CAFE - COLUMBIA UNIVERSITY,Manhattan,Coffee/Tea,A,8,2026-05-07
EVERGREEN ON 38,Manhattan,Chinese,A,11,2026-06-16
EVERYMAN ESPRESSO,Manhattan,Coffee/Tea,A,7,2024-03-21
EVERYMAN ESPRESSO,Manhattan,Coffee/Tea,A,12,2025-05-28
EXECUTIVE DINING ROOM,Manhattan,American,A,7,2026-04-29
EXQUISITE VIBEZ RESTAURANT BAR & LOUNGE,Manhattan,Caribbean,C,43,2026-03-17
EXQUISITE VIBEZ RESTAURANT BAR & LOUNGE,Manhattan,Caribbean,C,41,2025-09-10
EXQUISITE VIBEZ RESTAURANT BAR & LOUNGE,Manhattan,Caribbean,C,40,2025-02-25
EXTRA SAUCE BK,Manhattan,American,A,12,2024-10-03
EXTRAVERT,Manhattan,Salads,A,5,2024-12-30
EYES ON HUDSON CAFE,Manhattan,American,C,68,2025-11-05
EYES ON HUDSON CAFE,Manhattan,American,C,37,2025-07-18
EZ PAELLA,Manhattan,Spanish,A,13,2026-04-30
El Cibao Restaurant,Manhattan,Spanish,C,44,2025-01-29
"Employee Dining Room; Banquel Floors 3, 5",Manhattan,American,A,9,2024-04-12
FACES & NAMES,Manhattan,New American,B,14,2025-09-11
FACTORY TAMAL,Manhattan,Mexican,A,7,2024-10-24
FACULTY HOUSE - (COLUMBIA UNIVERSITY),Manhattan,American,A,8,2025-02-13
FAENA NEW YORK,Manhattan,American,A,12,2026-03-26
FAILTE,Manhattan,Irish,C,52,2022-04-27
FAIRFAX,Manhattan,American,A,9,2025-02-10
FAIRFIELD INN & SUITES,Manhattan,American,A,10,2024-03-14
FAIRFIELD INN & SUITES,Manhattan,American,A,7,2023-03-16
FAIRFIELD INN & SUITES MANHATTAN NEW YORK CENTRAL PARK,Manhattan,American,A,12,2024-06-11
FAIRFIELD INN CHELSEA,Manhattan,Continental,C,32,2025-04-21
FAIRYTALES LOUNGE,Manhattan,American,A,4,2026-05-07
FALAFEL ON BROADWAY,Manhattan,Middle Eastern,A,10,2025-07-14
FAMOUS & FRESH PIZZA,Manhattan,Pizza,A,13,2025-01-13
FAMOUS & FRESH PIZZA,Manhattan,Pizza,B,27,2024-03-12
FAMOUS 1 DOLLAR PIZZA,Manhattan,Pizza,C,44,2025-02-04
FAMOUS BAGEL BUFFET,Manhattan,American,B,19,2026-07-09
FAMOUS FAMIGLIA PIZZERIA,Manhattan,Pizza,A,12,2026-04-23
FAMOUS FAMIGLIA PIZZERIA,Manhattan,Pizza,A,5,2023-05-02
FAMOUS FAMIGLIA PIZZERIA,Manhattan,Pizza,A,13,2024-07-22
FAMOUS FAMIGLIA PIZZERIA,Manhattan,Pizza,B,27,2024-08-19
FAMOUS PIZZA,Manhattan,Pizza,A,12,2024-01-09
FAMOUS SICHUAN,Manhattan,Chinese,A,12,2024-01-25
FAMOUS SICHUAN,Manhattan,Chinese,C,4,2025-11-10
FARIDA,Manhattan,Russian,C,35,2024-11-22
FARM TO BURGER,Manhattan,American,A,11,2023-02-10
FARRA,Manhattan,New American,A,13,2026-01-09
FASANO FIFTH AVENUE BAR,Manhattan,Italian,A,11,2023-01-30
FASHION INSTITUTE OF TECHNOLOGY DAVID DUBINSKY STUDENT CENTER,Manhattan,American,A,5,2022-10-25
FAT BOYS BURGERS,Manhattan,American,C,53,2025-05-21
FATTOUSH,Manhattan,Mediterranean,A,7,2026-03-31
FAY DA BAKERY,Manhattan,Bakery Products/Desserts,A,12,2023-05-03
FAY DA BAKERY,Manhattan,Bakery Products/Desserts,B,19,2026-03-25
FAY DA BAKERY,Manhattan,Bakery Products/Desserts,C,37,2025-09-02
FEDERAL GOURMET DELI,Manhattan,American,A,13,2025-05-01
FEDERAL GOURMET DELI,Manhattan,American,C,53,2025-02-11
FELICE,Manhattan,Italian,A,9,2023-05-18
FELICE 64,Manhattan,Italian,A,12,2023-05-30
FELICE ON HUDSON,Manhattan,Italian,A,12,2025-03-20
FELIX,Manhattan,French,A,10,2023-02-16
FELIX ROASTING CO,Manhattan,Coffee/Tea,A,12,2026-04-01
FELIX ROASTING CO.,Manhattan,Coffee/Tea,A,13,2026-09-14
FELIX ROASTING COMPANY,Manhattan,Coffee/Tea,A,12,2026-01-12
FELLINI,Manhattan,Coffee/Tea,C,42,2024-02-27
FERDI,Manhattan,Italian,A,9,2024-03-21
FERRARA'S,Manhattan,Bakery Products/Desserts,A,7,2024-01-16
FERRIS BOOTH COMMONS - ALFRED LERNER HALL,Manhattan,American,B,27,2024-02-29
FERRY HOUSE CAFE,Manhattan,Coffee/Tea,C,31,2025-01-28
FESTIVAL,Manhattan,American,B,17,2024-08-28
FIASCHETTERIA PISTOIA,Manhattan,Italian,A,9,2025-06-10
FIASCHETTERIA PISTOIA,Manhattan,Italian,A,11,2026-04-29
FIDDLESTICKS,Manhattan,Irish,A,12,2025-10-21
FIELDS GOOD CHICKEN,Manhattan,Chicken,A,12,2024-10-08
FIELDTRIP,Manhattan,African,C,52,2024-04-25
FIFTEEN CENTRAL PARK WEST RESTAURANT,Manhattan,Other,A,7,2025-07-07
FIFTHSIP,Manhattan,Coffee/Tea,A,5,2026-03-02
FIFTYLAN,Manhattan,Coffee/Tea,A,10,2025-12-08
FILÉ GUMBO BAR,Manhattan,Creole/Cajun,A,11,2025-02-04
FINE FOOD CUISINE,Manhattan,American,C,45,2025-12-01
FINEST DUMPLING RESTAURANT,Manhattan,Chinese,A,13,2025-08-29
FINESTRA,Manhattan,Italian,A,12,2026-05-21
FINN'S BAGELS,Manhattan,Coffee/Tea,A,12,2025-10-15
FINNEGAN'S WAKE,Manhattan,Irish,B,16,2025-02-10
FIRECRACKER WINGS,Manhattan,Chicken,B,27,2025-06-16
FISH MARKET,Manhattan,Seafood,A,13,2025-01-14
FIT CAFETERIA (David Dubinsky Student Center),Manhattan,American,A,13,2025-01-14
FIVE FLIES COFFEE,Manhattan,American,B,15,2025-04-30
FIVE GUYS,Manhattan,Hamburgers,A,8,2024-03-20
FIVE GUYS BURGERS & FRIES,Manhattan,American,A,12,2026-04-22
FIVE GUYS FAMOUS BURGERS AND FRIES,Manhattan,Hamburgers,A,9,2026-02-19
FIVE GUYS FAMOUS BURGERS AND FRIES,Manhattan,Hamburgers,A,7,2024-10-07
FIVE GUYS FAMOUS BURGERS AND FRIES,Manhattan,Hamburgers,A,11,2023-04-26
FIVE GUYS FAMOUS BURGERS AND FRIES,Manhattan,Hamburgers,A,11,2024-11-26
FIVE GUYS FAMOUS BURGERS AND FRIES,Manhattan,Hamburgers,A,9,2025-07-24
FIVE GUYS FAMOUS BURGERS AND FRIES,Manhattan,Hamburgers,A,13,2024-04-04
FIVE GUYS FAMOUS BURGERS AND FRIES,Manhattan,Hamburgers,A,13,2026-07-27
FIVE GUYS FAMOUS BURGERS AND FRIES,Manhattan,Hamburgers,A,9,2024-11-06
FIVE GUYS FAMOUS BURGERS AND FRIES,Manhattan,Hamburgers,A,13,2026-06-18
FIVE GUYS FAMOUS BURGERS AND FRIES,Manhattan,Hamburgers,A,7,2023-12-18
FIVE IRON GOLF,Manhattan,American,B,24,2023-10-17
FIVESTUY CAFE,Manhattan,Sandwiches,A,9,2026-02-26
FIVESTUY CAFE,Manhattan,Sandwiches,A,7,2024-12-18
FIVESTUY CAFE,Manhattan,Sandwiches,B,27,2024-08-07
FLAME HIBACHI / DYNASTY DIM SUM,Manhattan,Chinese/Japanese,A,13,2026-09-10
FLASH DANCERS GENTLEMEN'S CLUB,Manhattan,American,A,10,2025-03-18
FLASH DANCERS GENTLEMEN'S CLUB,Manhattan,American,A,9,2022-08-22
FLASH DANCERS GENTLEMEN'S CLUB,Manhattan,American,C,37,2024-11-26
FLASHDANCERS GENTLEMEN'S CLUB,Manhattan,American,A,8,2024-12-18
FLAVORS & CATERING EVENTS,Manhattan,American,A,10,2024-08-07
FLEX,Manhattan,American,A,11,2025-06-10
FLIK @ HOLY NAME PROVINCE,Manhattan,Other,A,12,2022-07-22
FLIK @ WELLINGTON MANAGEMENT,Manhattan,Bakery Products/Desserts,A,0,2023-08-01
FLIK INTERNATIONAL,Manhattan,American,A,9,2022-09-27
FLIK INTERNATIONAL,Manhattan,Other,A,3,2023-03-31
FLIK INTERNATIONAL CORP (MUTUAL OF AMERICA),Manhattan,American,A,12,2022-08-10
FLIK INTERNATIONAL CORP (MUTUAL OF AMERICA),Manhattan,American,A,6,2025-07-09
FLIP,Manhattan,American,A,7,2026-08-19
FLIPPERS,Manhattan,American,B,24,2024-11-18
FLIPPERS,Manhattan,American,C,48,2022-11-28
FLOR DE MAYO,Manhattan,Latin American,B,25,2025-02-13
FLOR DE MAYO,Manhattan,Latin American,B,22,2024-04-04
FLOR DE MAYO,Manhattan,Chinese/Cuban,C,31,2023-01-30
FLORAL,Manhattan,Chinese/Japanese,C,49,2025-07-23
FLORENTIN,Manhattan,New American,A,13,2024-03-19
FLOWERS ON THE PARK CAFE,Manhattan,Coffee/Tea,C,51,2025-03-05
FLUFFIES HOT CHICKEN,Manhattan,Chicken,B,25,2025-02-18
FLUTE,Manhattan,French,A,12,2025-05-22
FOK NOODLES,Manhattan,Chinese,C,51,2025-09-02
FONDA OF CHELSEA,Manhattan,Mexican,A,13,2024-10-11
FOOD KING,Manhattan,Chinese,B,21,2025-08-21
FOOD PASSION,Manhattan,American,B,16,2026-02-27
FOR FIVE COFFEE ROASTERS,Manhattan,Coffee/Tea,A,13,2024-10-22
FORD FOUNDATION-WORLD CAFE,Manhattan,Continental,A,8,2023-10-19
FOREIGNER,Manhattan,Coffee/Tea,C,31,2023-05-01
FOREVER COFFEE BAR,Manhattan,Coffee/Tea,A,9,2024-07-18
FOREVER TASTE,Manhattan,Chinese,A,11,2024-04-22
FORSYTHIA,Manhattan,Italian,B,21,2024-03-26
FORTY CARROTS,Manhattan,Coffee/Tea,B,21,2024-12-24
FORTY CARROTS (7th floor),Manhattan,American,A,11,2024-08-28
FORUM BUILDING PANTRIES,Manhattan,American,A,5,2024-04-30
FOTIA MEDITERRANEAN,Manhattan,Mediterranean,A,12,2023-10-05
FOUR POINTS BY SHERATON,Manhattan,American,A,9,2025-01-29
FOUR SEASONS HOTEL BANQUET KITCHEN,Manhattan,American,A,11,2024-07-15
FRAME,Manhattan,American,C,41,2024-12-17
FRAME,Manhattan,American,C,28,2026-02-05
FRAME,Manhattan,American,C,29,2025-08-21
FRANCESCO'S PIZZERIA,Manhattan,Pizza,C,30,2023-01-13
FRANK'S TRATTORIA,Manhattan,Pizza,C,36,2024-07-09
FRANKIE & JOHNNIE'S STEAKHOUSE,Manhattan,Steakhouse,A,0,2022-07-13
FRANKIES DOGS ON THE GO,Manhattan,Hotdogs,A,10,2024-03-05
FRASKO DELI,Manhattan,American,A,7,2024-04-17
FRASKO DELI,Manhattan,American,B,27,2026-01-05
FRAUNCES TAVERN,Manhattan,American,A,9,2023-10-17
FREEMANS,Manhattan,American,B,21,2024-12-09
FRENCHETTE BAKERY AT THE WHITNEY,Manhattan,French,A,11,2024-04-02
FRENCHY COFFEE NYC,Manhattan,French,B,25,2025-07-21
FRESH & CO,Manhattan,Sandwiches/Salads/Mixed Buffet,A,10,2026-03-10
FRESH & CO,Manhattan,Sandwiches/Salads/Mixed Buffet,A,12,2023-05-16
FRESH & CO,Manhattan,Sandwiches/Salads/Mixed Buffet,A,12,2026-07-22
FRESH & CO,Manhattan,Sandwiches/Salads/Mixed Buffet,A,10,2024-03-12
FRESH CURRY,Manhattan,Bangladeshi,B,24,2024-02-06
FRESH CURRY,Manhattan,Bangladeshi,C,29,2025-01-09
FRESH PIZZA & DELI,Manhattan,Pizza,A,11,2026-07-30
FRESH PIZZA & DELI,Manhattan,Pizza,B,17,2025-07-17
FRESH&CO,Manhattan,Soups/Salads/Sandwiches,A,11,2025-05-01
FRICO ON 2ND,Manhattan,Pizza,C,28,2026-01-23
FRIED FRANK CATERING,Manhattan,American,A,10,2026-09-14
FRIEDMAN'S,Manhattan,American,A,11,2023-04-12
FRIEDMANS,Manhattan,American,A,12,2025-04-16
FRIEND OF A FARMER,Manhattan,American,A,9,2025-01-16
FRIEND OF A FARMER,Manhattan,American,A,13,2025-06-23
FRIEND OF A FARMER,Manhattan,American,C,31,2024-02-12
FRIENDLY GOURMET PIZZA,Manhattan,American,B,26,2025-08-12
FRIJOLITO'S RESTAURANT,Manhattan,Mexican,A,10,2022-06-07
FRIJOLITO'S RESTAURANT,Manhattan,Mexican,B,24,2024-03-23
FROZEN LOVE,Manhattan,Other,A,7,2026-09-14
FROZEN PALM,Manhattan,American,A,13,2026-08-27
FRUCES,Manhattan,"Juice, Smoothies, Fruit Salads",B,22,2026-06-17
FRUCES,Manhattan,"Juice, Smoothies, Fruit Salads",B,24,2025-01-13
FRUIT PARADISE SMOOTHIES,Manhattan,"Juice, Smoothies, Fruit Salads",A,11,2023-10-31
FRUIT PARADISE SMOOTHIES,Manhattan,"Juice, Smoothies, Fruit Salads",A,13,2025-10-09
FRUIT PARADISE SMOOTHIES,Manhattan,"Juice, Smoothies, Fruit Salads",C,46,2025-06-20
FU SING,Manhattan,Chinese,B,23,2025-01-30
FU WING CHINESE FOOD,Manhattan,Chinese,A,12,2024-03-06
FU ZHOU WEI ZHONG WEI JU XIANG FENG WEI,Manhattan,Chinese,A,13,2025-03-06
FUMO,Manhattan,American,A,13,2024-12-30
FUNNY BBQ,Manhattan,Barbecue,A,10,2024-01-30
FUSION BAR & GRILL,Manhattan,Mexican,A,8,2024-08-28
G & J PIZZERIA,Manhattan,Pizza,B,21,2018-08-09
G'S CANDY STORE COFFEE SHOP,Manhattan,American,B,22,2024-12-10
G'S CHEESESTEAKS,Manhattan,Sandwiches,A,12,2026-04-08
GAB'S,Manhattan,American,A,9,2023-12-27
GABBY O'HARA'S,Manhattan,Irish,A,7,2026-09-03
GABRIEL KREUTHER,Manhattan,French,A,13,2023-10-11
GABY RESTAURANT,Manhattan,French,A,13,2025-03-26
GADFLY BAR,Manhattan,American,B,20,2025-11-13
GAGOPA KARAOKE,Manhattan,Bottled Beverages,A,7,2024-09-18
GAI CHICKEN & RICE,Manhattan,Thai,A,11,2024-12-17
GALLAGHER'S,Manhattan,American,C,56,2023-05-16
GALLEGO SEAFOOD,Manhattan,Seafood,B,20,2024-09-27
GALLEGO SEAFOOD 2 RESTAURANT,Manhattan,Seafood,B,22,2024-05-08
GAMMEEOK,Manhattan,Korean,B,23,2025-04-02
GAMMEEOK,Manhattan,Korean,C,44,2024-09-03
GAN-HOO BBQ,Manhattan,Korean,A,8,2025-12-05
GANACHE COFFEE,Manhattan,Coffee/Tea,B,23,2026-08-04
GANSEVOORT LIBERTY MARKET,Manhattan,Fusion,A,12,2025-04-22
GANSEVOORT LIBERTY MARKET,Manhattan,Fusion,B,26,2023-09-22
GARDEN MARKET,Manhattan,American,A,0,2025-02-01
GARDEN MARKET,Manhattan,American,A,5,2025-02-01
GARDEN MARKET,Manhattan,American,A,0,2023-03-04
GARDEN PUB,Manhattan,American,A,0,2023-03-04
GARDENIA DELI,Manhattan,Sandwiches,A,12,2022-05-18
GASOLINE ALLEY COFFEE,Manhattan,Coffee/Tea,A,10,2025-02-07
GASTRO AT 35,Manhattan,American,B,25,2024-11-14
GATSBY'S LANDING,Manhattan,American,A,13,2026-06-29
GAZAB,Manhattan,Indian,B,21,2024-11-14
GEISHA ASIAN CUISINE & LOUNGE,Manhattan,Asian/Asian Fusion,B,25,2023-08-19
GEISHA ASIAN CUISINE & LOUNGE,Manhattan,Asian/Asian Fusion,B,24,2024-08-26
GELATERIA GENTILE,Manhattan,Frozen Desserts,C,32,2025-07-07
GELATOVILLE CHELSEA,Manhattan,Frozen Desserts,A,10,2026-01-02
GELSO & GRAND,Manhattan,Italian,B,15,2024-08-20
GEMINA COFFEE SHOP,Manhattan,Coffee/Tea,A,7,2026-04-16
GEMMA,Manhattan,Italian,B,26,2024-08-14
GENA'S GRILL,Manhattan,Latin American,B,27,2024-05-09
GENA'S GRILL,Manhattan,Latin American,C,56,2025-01-21
GENKI OMAKASE,Manhattan,Japanese,A,10,2026-03-04
GENNARO,Manhattan,Italian,A,12,2026-02-19
GERMAN DONER KEBAB,Manhattan,Mediterranean,A,5,2024-11-18
GFC CAFE 2,Manhattan,Coffee/Tea,A,12,2025-04-16
GIACOMO FINE FOODS,Manhattan,Sandwiches,A,13,2023-03-10
GINJAN CAFE,Manhattan,Coffee/Tea,C,45,2025-01-27
GIOVANNI'S PIZZA,Manhattan,Steakhouse,B,24,2023-03-13
GLAD TIDINGS,Manhattan,American,A,13,2026-08-21
GLASS CEILING EVENTS,Manhattan,American,C,30,2023-04-21
GLAZE UNION SQUARE,Manhattan,Asian/Asian Fusion,A,12,2024-08-07
GLEO PIZZERIA,Manhattan,Pizza,B,27,2026-07-14
GLIZZY'S,Manhattan,Hotdogs,C,46,2025-10-15
GLOBAL KITCHEN,Manhattan,American,A,10,2025-02-18
GLOBE BAR,Manhattan,Irish,C,39,2026-06-29
GMT TAVERN,Manhattan,American,A,8,2025-09-09
GMT TAVERN,Manhattan,American,B,19,2024-02-29
GNOCCHERIA BY LUZZO'S,Manhattan,Italian,A,4,2025-09-17
GNOCCHERIA BY LUZZO'S,Manhattan,Italian,A,13,2024-04-16
GNOCCHI ON 9TH,Manhattan,Italian,A,12,2025-12-23
GO BELIEVE BAKERY,Manhattan,Chinese,B,16,2026-04-20
GO BELIEVE BAKERY,Manhattan,Chinese,C,33,2025-08-07
GO BELIEVE BAKERY,Manhattan,Chinese,C,33,2025-12-29
GO CATERING,Manhattan,American,A,13,2026-09-15
GO GO JANG,Manhattan,Coffee/Tea,A,12,2024-05-22
GO NOODLE,Manhattan,Chinese,A,13,2026-01-28
GOAT BAKESHOP,Manhattan,Latin American,C,28,2025-01-14
GOLD COFFEE,Manhattan,Coffee/Tea,A,13,2025-08-08
GOLD COFFEE,Manhattan,Coffee/Tea,A,13,2026-08-14
GOLDEN BOWL RESTAURANT,Manhattan,Chinese,B,20,2026-06-08
GOLDEN BOWL RESTAURANT,Manhattan,Chinese,C,28,2025-02-03
GOLDEN HOF/ NY KIMCHI,Manhattan,Korean,A,12,2025-07-18
GOLDEN KRUST CARIBBEAN BAKERY & GRILL,Manhattan,Caribbean,B,20,2024-04-11
GOLDEN KRUST CARIBBEAN BAKERY & GRILL,Manhattan,Caribbean,C,49,2024-10-29
GOLDEN KRUST CARIBBEAN BAKERY & GRILL,Manhattan,Caribbean,C,7,2024-12-24
GOLDEN MANNA BAKERY,Manhattan,Bakery Products/Desserts,A,12,2023-11-01
GOLDEN MANNA BAKERY,Manhattan,Bakery Products/Desserts,B,24,2026-05-28
GOLDEN STEAMER,Manhattan,Bakery Products/Desserts,B,23,2024-01-29
GOLDEN STEAMER,Manhattan,Bakery Products/Desserts,C,2,2025-08-27
GOLDEN THEATRE,Manhattan,American,A,10,2023-11-08
GOLDEN THEATRE,Manhattan,American,A,11,2025-09-10
GOLDEN UNICORN GOURMET,Manhattan,Chinese,C,43,2025-09-18
GOLDEN WOK,Manhattan,Chinese,B,21,2025-01-15
GOLDEN WOK CHINESE RESTAURANT,Manhattan,Chinese,C,32,2024-08-14
GOLDEN WOKS,Manhattan,Chinese,B,16,2024-08-12
GONG CHA,Manhattan,"Juice, Smoothies, Fruit Salads",A,12,2024-12-03
GONG CHA,Manhattan,Coffee/Tea,A,8,2025-02-13
GONG CHA,Manhattan,Coffee/Tea,C,42,2024-12-19
GOOD SUGAR,Manhattan,"Juice, Smoothies, Fruit Salads",B,23,2025-01-08
GOOD TASTE CHINESE RESTAURANT,Manhattan,Chinese,A,13,2022-07-20
GOOD THANKS CAFE,Manhattan,Australian,A,12,2023-05-09
GOOD THANKS CAFE,Manhattan,Australian,C,59,2024-11-12
GOOD THANKS CAFE,Manhattan,Australian,C,51,2025-10-15
GOOD TIMES,Manhattan,American,C,38,2026-02-26
GOOGLE CHELSEA MARKET,Manhattan,American,A,7,2023-06-16
GOOGLE EMPLOYEE CAFETERIA/CAFE,Manhattan,American,A,5,2024-08-07
GOOGLE NYC SJT FL6 NEIGHCAFE,Manhattan,Soups/Salads/Sandwiches,A,9,2024-06-06
GOPCHANG STORY NY,Manhattan,Korean,B,27,2022-12-27
GOSSIP,Manhattan,Irish,A,9,2025-10-08
GOTAN,Manhattan,Mediterranean,A,12,2024-01-22
GOTHAM CAFE,Manhattan,Sandwiches,A,13,2024-02-28
GOTHAM COFFEE ROASTERS,Manhattan,Coffee/Tea,A,12,2023-04-13
GOTHAM PIZZA,Manhattan,Pizza,A,11,2023-04-19
GOTHAM PIZZA,Manhattan,Pizza,A,11,2025-12-30
GOTHAM PIZZA,Manhattan,Pizza,A,10,2025-04-24
GOTTA GETTA BAGEL,Manhattan,Sandwiches/Salads/Mixed Buffet,C,28,2025-12-29
GOURMET BAGEL,Manhattan,Sandwiches/Salads/Mixed Buffet,A,9,2025-06-25
GRAB N GO DELI,Manhattan,American,B,25,2025-05-08
GRACE CAFE,Manhattan,American,B,22,2023-02-10
GRACE STREET,Manhattan,Coffee/Tea,A,13,2026-05-26
GRACIE MEWS,Manhattan,American,A,10,2022-12-28
GRACIE'S DINER,Manhattan,American,A,12,2024-03-19
GRAMERCY ALE HOUSE,Manhattan,American,B,17,2023-09-20
GRAND BRASSERIE,Manhattan,French,A,13,2026-09-01
GRAND SICHUAN EASTERN,Manhattan,Chinese,A,11,2025-01-06
GRAND SICHUAN EASTERN,Manhattan,Chinese,B,27,2026-04-13
GRAND SICHUAN EASTERN,Manhattan,Chinese,B,23,2023-10-04
GRAND SICHUAN EASTERN,Manhattan,Chinese,B,21,2024-08-27
GRAND SICHUAN EASTERN,Manhattan,Chinese,C,44,2023-09-06
GRAND TIER RESTAURANT @ METROPOLITAN OPERA,Manhattan,American,A,7,2019-11-15
GRANDMA PIZZA,Manhattan,Pizza,C,32,2024-11-13
GRANNY ANNIE'S,Manhattan,Irish,A,11,2024-04-16
GRAY'S PAPAYA 72 BROADWAY,Manhattan,Hotdogs,A,12,2026-03-31
GREAT BURRITO,Manhattan,Mexican,A,13,2025-07-16
GREAT N.Y. NOODLETOWN,Manhattan,Chinese,B,27,2023-08-15
GREAT TASTE USA,Manhattan,Chinese,C,54,2026-06-12
GREEDY POT,Manhattan,Soul Food,A,11,2025-08-20
GREEK XPRESS,Manhattan,Greek,A,12,2024-01-16
GREEK XPRESS,Manhattan,Greek,A,12,2025-07-21
GREEN FIG RESTAURANT/ESPRESSO BAR,Manhattan,American,A,12,2024-01-17
GREEN GARDEN VILLAGE,Manhattan,Chinese,B,26,2024-08-15
GREEN GARDEN VILLAGE,Manhattan,Chinese,C,43,2026-04-16
GREEN GARDEN VILLAGE,Manhattan,Chinese,C,2,2026-01-16
GREEN KITCHEN,Manhattan,American,A,12,2024-10-03
GREEN KITCHEN,Manhattan,American,A,12,2026-07-23
GREEN KITCHEN,Manhattan,American,A,7,2026-02-12
GREEN KITCHEN,Manhattan,American,A,6,2023-08-08
GREEN LANE COFFEE,Manhattan,Coffee/Tea,A,7,2023-09-26
GREEN LANE COFFEE,Manhattan,Coffee/Tea,A,9,2026-08-20
GREEN LANE COFFEE,Manhattan,Coffee/Tea,A,5,2025-08-07
GREEN LANE COFFEE,Manhattan,Coffee/Tea,A,7,2024-08-14
GREEN MANDALA,Manhattan,"Juice, Smoothies, Fruit Salads",A,8,2024-11-14
GREENHILL COFFEE,Manhattan,Coffee/Tea,A,11,2026-08-14
GREENHILL COFFEE,Manhattan,Coffee/Tea,B,25,2025-07-10
GREENWICH & DELANCEY NYC,Manhattan,Jewish/Kosher,C,0,2024-09-06
GREENWICH STREET TAVERN,Manhattan,American,B,26,2023-04-19
GREENWICH STREET TAVERN,Manhattan,American,B,27,2025-11-19
GREENWICH TREEHOUSE,Manhattan,American,A,10,2024-06-12
GREENWICH VILLAGE COMEDY CLUB,Manhattan,American,A,10,2023-03-23
GREGORY'S COFFEE,Manhattan,Coffee/Tea,A,13,2024-11-29
GREGORY'S COFFEE,Manhattan,Coffee/Tea,B,17,2024-04-23
GREGORY'S COFFEE,Manhattan,Coffee/Tea,B,22,2025-01-29
GREGORY'S COFFEE,Manhattan,Coffee/Tea,B,23,2025-07-10
GREGORY'S COFFEE,Manhattan,Coffee/Tea,C,43,2024-02-05
GREGORYS COFFEE,Manhattan,Coffee/Tea,A,8,2023-06-23
GREGORYS COFFEE,Manhattan,Coffee/Tea,B,22,2024-03-06
GREGORYS COFFEE,Manhattan,Coffee/Tea,B,21,2025-10-24
GREGORYS COFFEE,Manhattan,Coffee/Tea,C,43,2025-09-08
GREGORYS COFFEE,Manhattan,Coffee/Tea,C,35,2025-07-29
GRIFFIS FACULTY CLUB,Manhattan,American,A,11,2025-02-07
GRILL 21,Manhattan,Filipino,A,9,2023-11-01
GRILL 21,Manhattan,Filipino,C,65,2025-08-29
GRIND NYC COFFEE SHOP,Manhattan,Coffee/Tea,B,26,2024-11-14
GRINI'S GRILL,Manhattan,Spanish,B,17,2025-10-02
GROTTA AZZURRA,Manhattan,Italian,A,10,2025-10-24
GROUND CENTRAL COFFEE COMPANY,Manhattan,Coffee/Tea,A,10,2024-07-05
GROUND CENTRAL COFFEE COMPANY,Manhattan,Coffee/Tea,A,13,2022-11-14
GROUND CENTRAL COFFEE COMPANY,Manhattan,Coffee/Tea,A,12,2024-11-12
GROUND CENTRAL COFFEE COMPANY,Manhattan,Coffee/Tea,A,2,2024-10-08
GROUND CENTRAL COFFEE COMPANY,Manhattan,Coffee/Tea,B,21,2026-02-02
GROUND CENTRAL COFFEE COMPANY,Manhattan,Coffee/Tea,C,33,2023-04-18
GROUND SUPPORT CAFE,Manhattan,Coffee/Tea,A,11,2023-01-25
GROUND SUPPORT CAFE,Manhattan,Coffee/Tea,A,11,2025-11-03
GUAC TIME,Manhattan,Mexican,B,15,2025-05-07
GUADALUPE,Manhattan,Mexican,C,33,2024-02-08
GUASTAVINO'S,Manhattan,American,A,12,2026-07-09
GUASTAVINO'S,Manhattan,American,A,12,2024-06-04
GUCKENHEIMER@BARCLAYS,Manhattan,American,A,7,2024-05-20
GUGU ROOM,Manhattan,Filipino,B,14,2024-03-07
GUMPTION COFFEE,Manhattan,Coffee/Tea,A,11,2023-01-25
GUMPTION COFFEE,Manhattan,Coffee/Tea,A,12,2024-03-26
GUNBAE,Manhattan,Korean,B,21,2024-05-15
GWB JUICE BAR,Manhattan,"Juice, Smoothies, Fruit Salads",C,59,2025-07-14
GYRO KING,Manhattan,Mediterranean,C,38,2026-02-05
GYU-KAKU,Manhattan,Japanese,B,24,2025-09-08
GYU-KAKU,Manhattan,Japanese,B,27,2023-12-12
H & H MIDTOWN BAGELS EAST,Manhattan,Bagels/Pretzels,A,7,2025-01-21
H & H MIDTOWN BAGELS EAST,Manhattan,Bagels/Pretzels,A,12,2026-05-20
H.K WONTON GARDEN,Manhattan,Chinese,A,13,2024-06-25
HAAGEN-DAZS,Manhattan,Frozen Desserts,A,13,2025-11-06
HAAGEN-DAZS,Manhattan,Frozen Desserts,A,9,2026-02-10
HAAGEN-DAZS,Manhattan,Frozen Desserts,A,13,2026-02-18
HAANDI,Manhattan,Indian,C,42,2024-11-19
HAANDI,Manhattan,Indian,C,13,2023-10-13
HAINAN JONES,Manhattan,Asian/Asian Fusion,A,10,2026-03-26
HALAL BITEZ,Manhattan,Middle Eastern,B,22,2025-06-04
HAMBURGER AMERICA,Manhattan,Hamburgers,A,7,2024-02-29
HAMILTON UNDERGROUND COFFEE,Manhattan,Coffee/Tea,C,31,2026-07-28
HAMPTON INN CHELSEA,Manhattan,American,B,22,2024-08-13
HAMPTON INN CHELSEA,Manhattan,American,B,20,2023-05-09
HAMPTON INN EMPIRE STATE BUILDING,Manhattan,American,B,23,2026-04-27
HAMPTON INN MANHATTAN GRAND CENTRAL,Manhattan,Continental,C,43,2025-04-23
HAMPTON INN MANHATTAN GRAND CENTRAL,Manhattan,Continental,C,49,2024-04-10
HAMPTON INN NYC TIMES SQUARE & HOME2 SUITES NYC TIMES SQUARE,Manhattan,American,B,26,2024-12-17
HAMPTON INN-MADISON SQUARE GARDEN AREA,Manhattan,American,B,25,2025-05-02
HAMPTON INN-MADISON SQUARE GARDEN AREA,Manhattan,American,C,71,2023-11-28
HAN DYNASTY,Manhattan,Chinese,B,19,2024-03-14
HAN DYNASTY,Manhattan,Chinese,B,24,2022-11-16
HANABI JAPANESE CUISINE,Manhattan,Japanese,A,7,2023-11-01
HANABI JAPANESE CUISINE,Manhattan,Japanese,A,11,2025-09-29
HANAMICHI,Manhattan,Asian/Asian Fusion,A,12,2026-04-21
HANDCRAFT BURGERS & BREW,Manhattan,American,A,7,2024-03-20
HANDSOME RICE,Manhattan,Korean,B,21,2026-08-10
HANE SUSHI,Manhattan,Japanese,B,19,2023-09-06
HANG CHOU,Manhattan,Chinese,C,42,2024-12-26
HANG LEE RESTAURANT,Manhattan,Chinese,A,2,2026-08-20
HANOI HOUSE,Manhattan,Asian/Asian Fusion,B,25,2025-01-07
HANOK KOREA HOUSE,Manhattan,Korean,B,26,2025-08-05
HAO NOODLE,Manhattan,Chinese,A,9,2024-12-19
HAPPY GARDEN PALACE,Manhattan,Chinese,A,12,2025-09-30
HAPPY GARDEN PALACE,Manhattan,Chinese,A,8,2023-10-06
HAPPY STAR BAKERY,Manhattan,Bakery Products/Desserts,A,11,2024-02-06
HAPPY STAR BAKERY,Manhattan,Bakery Products/Desserts,A,9,2024-12-17
HAPPY WOK,Manhattan,Chinese,A,13,2023-11-16
HAPPY WORLD,Manhattan,Chinese,B,17,2025-01-28
HARBS,Manhattan,Bakery Products/Desserts,A,5,2026-03-31
HARLEM BUBBLE TEA,Manhattan,Coffee/Tea,C,42,2026-07-13
HARLEM CAFE,Manhattan,American,A,12,2024-12-23
HARLEM CAFE,Manhattan,American,C,45,2026-06-26
HARLEM HALAL FOOD COURT,Manhattan,African,B,26,2025-03-18
HARLEM PUBLIC RESTAURANT,Manhattan,American,B,21,2025-08-19
HARLEM SHARK BAR,Manhattan,American,C,51,2026-01-29
HARLEM TAVERN,Manhattan,American,B,24,2026-04-20
HARLEM TAVERN,Manhattan,American,C,63,2025-05-07
HARRY BAGELS,Manhattan,Bagels/Pretzels,B,26,2025-09-09
HARRY'S ITALIAN,Manhattan,Italian,A,12,2025-05-07
HARVARD CLUB,Manhattan,American,A,11,2023-04-28
HARVEST KITCHEN,Manhattan,Latin American,B,17,2023-09-18
HASSY JUICE BAR,Manhattan,"Juice, Smoothies, Fruit Salads",B,22,2024-08-02
HAVANA CENTRAL,Manhattan,Latin American,A,11,2026-02-02
HAVANA HEIGHT,Manhattan,Latin American,A,13,2025-11-10
HAVANA HEIGHT,Manhattan,Latin American,B,25,2024-03-04
HAVANA HEIGHT,Manhattan,Latin American,C,29,2025-06-03
HAVANA SOCIAL,Manhattan,Latin American,C,35,2024-08-20
HAVANA SOCIAL,Manhattan,Latin American,C,41,2023-01-05
HAVEN UWS,Manhattan,Other,B,26,2025-02-26
HAWA BUBBLE TEA,Manhattan,"Juice, Smoothies, Fruit Salads",A,2,2025-12-08
HAWA SMOOTHIE,Manhattan,"Juice, Smoothies, Fruit Salads",A,8,2025-02-18
HAWA SMOOTHIE,Manhattan,"Juice, Smoothies, Fruit Salads",A,7,2026-03-26
HAWA SMOOTHIE,Manhattan,"Juice, Smoothies, Fruit Salads",A,12,2024-02-26
HAWA SMOOTHIE & BUBBLE TEA,Manhattan,Coffee/Tea,A,13,2024-10-29
HAWA SMOOTHIE & BUBBLE TEA,Manhattan,"Juice, Smoothies, Fruit Salads",A,9,2024-09-19
HAWA SMOOTHIE & BUBBLE TEA,Manhattan,"Juice, Smoothies, Fruit Salads",A,7,2023-07-10
HAWA SMOOTHIES & BUBBLE TEA,Manhattan,"Juice, Smoothies, Fruit Salads",A,13,2024-10-30
HAY BENDITO! CUCHIFRITOS,Manhattan,Latin American,C,53,2026-04-17
HEALTHY CHOICE GOURMET DELI & PIZZA,Manhattan,Sandwiches,B,18,2024-12-23
HEALTHY CHOICE PIZZA & CAFE,Manhattan,Other,A,13,2025-07-28
HEALTHY GREEN JUICE BAR,Manhattan,"Juice, Smoothies, Fruit Salads",A,13,2024-03-19
HEARTH,Manhattan,American,A,10,2024-06-06
HEAVENLY MARKET & PIZZA,Manhattan,American,C,31,2026-06-12
HEIDELBERG,Manhattan,German,B,24,2026-01-15
HEKATE'S CAFE & ELIXIR LOUNGE,Manhattan,Coffee/Tea,A,8,2025-03-24
HELL'S KITCHENETTE,Manhattan,Sandwiches,A,12,2024-03-19
HELLO SAIGON,Manhattan,Southeast Asian,B,23,2023-10-17
HELLO VIETPHO,Manhattan,Southeast Asian,A,12,2022-11-25
HEMISPHERE (GOOGLE CAFETERIA),Manhattan,American,A,9,2023-10-17
HEN HOUSE NYC,Manhattan,Middle Eastern,A,10,2024-01-23
HENDRICKSON'S,Manhattan,American,A,9,2023-05-09
HENO HENO / MIROKU,Manhattan,Japanese,C,54,2023-07-12
HENRIETTA,Manhattan,American,A,13,2026-07-31
HENRIETTA,Manhattan,American,B,22,2023-10-03
HENRY & THE LIONS,Manhattan,American,A,12,2025-06-25
HER NAME IS HAN,Manhattan,Korean,A,13,2024-09-12
HER NAME IS HAN,Manhattan,Korean,A,12,2026-05-27
HERALD SQUARE CAFE,Manhattan,American,A,12,2025-05-20
HERALD SQUARE CAFE,Manhattan,American,A,12,2024-05-16
HERB N' KITCHEN / LOBBY LOUNGE / BRIDGES BAR,Manhattan,American,C,43,2023-09-22
"HERITAGE GRAND BAKERY, RESTAURANT & PIZZA BAR",Manhattan,Mediterranean,B,26,2025-08-27
"HERITAGE GRAND BAKERY, RESTAURANT & PIZZA BAR",Manhattan,Mediterranean,B,26,2025-01-13
HEX & COMPANY,Manhattan,American,A,8,2023-08-24
HEX AND CO.,Manhattan,American,B,20,2024-08-20
HEY THAI,Manhattan,Thai,C,65,2025-06-04
HEYTEA,Manhattan,Coffee/Tea,A,2,2025-01-14
HI-COLLAR,Manhattan,Japanese,A,12,2025-05-06
HI-COLLAR,Manhattan,Japanese,B,21,2024-10-28
HIBERNIA,Manhattan,Irish,A,10,2023-11-15
HIDDEN LANE,Manhattan,American,B,26,2026-03-31
HIDEAWAY,Manhattan,American,B,18,2025-02-10
HIGH BAR,Manhattan,American,C,36,2023-01-28
HIGHBALL,Manhattan,American,A,13,2023-09-06
HILL MARY COFFEE SHOP,Manhattan,Coffee/Tea,C,43,2025-10-08
HILLTOP PARK ALEHOUSE,Manhattan,American,A,7,2025-09-25
HILLTOP PARK ALEHOUSE,Manhattan,American,C,44,2023-04-06
HILLTOP PERK,Manhattan,American,C,3,2025-06-09
HILTON NEW YORK TIMES SQUARE,Manhattan,American,A,12,2024-10-23
HILTON NEW YORK TIMES SQUARE,Manhattan,American,B,21,2026-04-07
HIMALAYAN CURRY HOUSE,Manhattan,Asian/Asian Fusion,B,24,2024-08-16
HIMALAYAN CURRY HOUSE,Manhattan,Indian,C,11,2024-11-27
HO LEE,Manhattan,Chinese,A,12,2026-06-22
HOJOKBAN,Manhattan,Korean,A,13,2025-06-05
HOJOKBAN,Manhattan,Korean,A,11,2024-03-22
HOLD FAST,Manhattan,American,A,12,2024-05-08
HOLD FAST,Manhattan,American,A,7,2022-07-21
HOLE IN THE WALL,Manhattan,American,B,18,2026-01-13
HOLE IN THE WALL,Manhattan,Australian,B,26,2026-04-02
HOLIDAY COCKTAIL LOUNGE,Manhattan,American,A,13,2025-11-12
HOLIDAY INN EXPRESS,Manhattan,Continental,A,12,2023-03-01
HOLIDAY INN EXPRESS,Manhattan,Continental,B,15,2025-04-22
HOLIDAY INN EXPRESS,Manhattan,Continental,C,31,2024-05-17
HOLIDAY INN EXPRESS - MANHATTAN,Manhattan,Continental,A,11,2024-07-02
HOLIDAY INN EXPRESS MANHATTAN TIMES SQUARE SOUTH,Manhattan,American,A,13,2024-04-26
HOLY BURGER,Manhattan,Hamburgers,C,67,2026-07-15
HOLY COW,Manhattan,American,C,43,2025-05-19
HOLY SCHNITZEL,Manhattan,Jewish/Kosher,A,9,2023-04-26
HOME FRITE BY ARVIZU,Manhattan,Sandwiches,A,12,2023-11-28
HOME KITCHEN,Manhattan,American,A,10,2025-08-07
HOME KITCHEN,Manhattan,American,A,7,2023-10-23
HOMEFRONT KITCHEN,Manhattan,American,A,13,2025-06-27
HOMEMADE TAQUERIA,Manhattan,Mexican,A,10,2026-04-09
HOOPS CABARET & SPORTS BAR,Manhattan,American,A,10,2025-11-18
HOP KEE,Manhattan,Chinese,B,27,2024-05-08
HOP WON EXPRESS,Manhattan,Chinese,C,33,2026-05-18
HORN'S HOOK TAVERN,Manhattan,American,A,11,2021-12-08
HORUS CAFE,Manhattan,Mediterranean,B,23,2023-12-20
HOT DOG CONCESSION (FC6100),Manhattan,American,A,0,2023-03-04
"HOT DOG CONCESSION, GARDEN MARKET",Manhattan,American,A,0,2025-02-01
HOTEL CARLYLE - EMPLOYEE CAFETERIA,Manhattan,American,B,22,2024-12-16
HOTEL PIERRE - MAIN KITCHEN,Manhattan,American,C,62,2024-11-29
HOTEL PIERRE-BANQUET KITCHEN,Manhattan,American,A,5,2023-08-23
HOTEL RIU PLAZA NEW YORK TIMES SQUARE,Manhattan,American,A,7,2024-01-31
HOTEL STANFORD,Manhattan,Continental,B,25,2025-03-31
HOU YI HOT POT,Manhattan,Chinese,B,24,2023-09-27
HOUSE OF DOMES,Manhattan,Italian,A,11,2026-05-06
HOUSE OF JOY,Manhattan,Chinese,A,5,2024-03-18
HOUSE OF JOY,Manhattan,Chinese,C,36,2025-07-16
HUASCAR & COMPANY BAKESHOP,Manhattan,Bakery Products/Desserts,A,12,2022-12-29
HUDSON BAGEL,Manhattan,Sandwiches/Salads/Mixed Buffet,C,28,2025-02-04
HUDSON BAR & BOOKS,Manhattan,American,A,13,2025-12-18
HUDSON CLEARWATER,Manhattan,French,A,12,2026-05-04
HUDSON CLEARWATER,Manhattan,French,B,17,2024-12-19
HUDSON MALONE,Manhattan,American,B,22,2024-03-07
HUDSON YARDS TAVERN,Manhattan,American,B,23,2024-03-14
HULA POKE,Manhattan,Hawaiian,A,11,2023-01-18
HUMMUS & PITA CO,Manhattan,Mediterranean,A,11,2022-12-01
HUMMUS KITCHEN,Manhattan,Jewish/Kosher,A,12,2025-03-24
HUMMUS KITCHEN,Manhattan,Jewish/Kosher,A,12,2025-06-26
HUMMUS KITCHEN,Manhattan,Jewish/Kosher,B,15,2024-08-19
HUMMUS PLACE,Manhattan,Middle Eastern,A,9,2023-05-18
HUNAN DELIGHT,Manhattan,Asian/Asian Fusion,A,13,2023-05-04
HUNAN SLURP SHOP,Manhattan,Chinese,B,21,2025-04-17
HUNAN VILLAGE,Manhattan,Chinese,B,27,2023-09-20
HUNGRY GHOST,Manhattan,American,A,9,2026-06-08
HUNGRY GHOST COFFEE,Manhattan,Coffee/Tea,A,13,2026-08-07
HUNTER DELI,Manhattan,Sandwiches/Salads/Mixed Buffet,C,37,2024-03-28
HURLEY'S SALOON,Manhattan,Irish,A,13,2025-08-18
HURLEY'S SALOON,Manhattan,Irish,B,19,2026-04-21
HURON CLUB / SOHO PLAYHOUSE,Manhattan,American,B,15,2018-09-21
HUTCH & WALDO,Manhattan,American,A,11,2025-07-03
HUTCH & WALDO,Manhattan,American,B,18,2025-02-11
HUTCH & WALDO COFFEE,Manhattan,Coffee/Tea,A,12,2025-10-08
HWA YUAN SZECHUAN,Manhattan,Chinese,A,13,2025-05-29
HYO DONG GAK,Manhattan,Korean,C,28,2024-11-12
I LOVE BIBIMBAP,Manhattan,Korean,A,13,2024-10-31
I SODI,Manhattan,Italian,A,11,2024-03-21
I'MILKY,Manhattan,Coffee/Tea,A,7,2026-08-21
ICHIRAN TIMES SQUARE,Manhattan,Japanese,A,12,2024-03-19
ICHIRAN TIMES SQUARE,Manhattan,Japanese,A,13,2025-07-16
ICY MELON,Manhattan,Frozen Desserts,A,13,2026-01-27
IGGY'S PIZZERIA,Manhattan,Pizza,A,13,2025-05-13
IHOP,Manhattan,Pancakes/Waffles,A,12,2023-10-24
IHOP,Manhattan,Pancakes/Waffles,A,13,2025-09-10
IHOP,Manhattan,Pancakes/Waffles,B,19,2026-06-29
IHOP,Manhattan,Pancakes/Waffles,C,30,2025-01-30
IKAZAYA FUTAGO,Manhattan,Japanese,B,19,2026-01-07
IKAZAYA FUTAGO,Manhattan,Japanese,B,16,2024-04-03
IKYU SUSHI II,Manhattan,Japanese,A,7,2026-08-03
IL BUCO ALIMENTARI & VINERIA,Manhattan,Italian,B,22,2025-10-06
IL CAFFE LATTE,Manhattan,Coffee/Tea,A,10,2026-05-28
IL CANTINORI,Manhattan,Italian,A,13,2024-03-19
IL CANTINORI,Manhattan,Italian,A,12,2025-07-28
IL CORTILE,Manhattan,Italian,A,13,2023-08-31
IL CORTILE,Manhattan,Italian,A,13,2025-10-15
IL FORNO / IRON BAR & GRILL,Manhattan,Italian,B,27,2023-11-15
IL MATTONE,Manhattan,Pizza,B,22,2025-01-30
IL MELOGRANO,Manhattan,Italian,A,12,2023-03-03
IL MONELLO,Manhattan,Italian,B,25,2024-11-20
IL MULINO,Manhattan,Italian,A,7,2022-05-04
IL PICCOLO BUFALO,Manhattan,Italian,C,39,2025-04-17
IL PUNTO RISTORANTE,Manhattan,Italian,A,12,2024-10-02
IL SOLE,Manhattan,Italian,A,5,2022-11-17
ILILI RESTAURANT,Manhattan,Mediterranean,A,7,2024-10-20
IMASA NORI,Manhattan,Japanese,A,13,2025-09-29
IMM THAI,Manhattan,Thai,A,12,2024-11-19
INATTESO CAFE CASANO,Manhattan,Coffee/Tea,A,12,2025-10-02
INDIA AT TIMES SQUARE,Manhattan,Indian,B,20,2025-07-02
INDIA AT TIMES SQUARE,Manhattan,Indian,C,55,2024-07-10
INDIAN ACCENT,Manhattan,Indian,B,24,2025-11-13
INDIAN SUMMER,Manhattan,Indian,B,24,2025-10-16
INDIAN TANPURA,Manhattan,Indian,A,9,2025-07-16
INDICO COFFEE CO,Manhattan,Coffee/Tea,B,17,2025-01-07
INDN SMALL PLATES AND COCKTAILS,Manhattan,Indian,A,13,2025-10-28
INERRO,Manhattan,Coffee/Tea,C,82,2025-11-13
INSOMNIA COOKIES,Manhattan,Bakery Products/Desserts,A,13,2025-06-27
INSOMNIA COOKIES,Manhattan,American,A,10,2026-03-05
INSOMNIA COOKIES,Manhattan,Bakery Products/Desserts,A,9,2025-12-29
INSOMNIA COOKIES,Manhattan,Bakery Products/Desserts,A,9,2024-10-30
INSOMNIA COOKIES,Manhattan,Bakery Products/Desserts,A,13,2025-05-13
INSOMNIA COOKIES,Manhattan,American,C,43,2022-09-20
INSOMNIA COOKIES,Manhattan,Bakery Products/Desserts,C,31,2024-08-13
INTERCONTINENTAL BANQUET KITCHEN NEW YORK BARCLAY,Manhattan,American,A,7,2025-08-22
INTERCONTINENTAL BARCLAY - BAR,Manhattan,American,A,7,2023-04-13
INTERCONTINENTAL BARCLAY-LOBBY RESTAURANT,Manhattan,American,A,13,2025-01-28
INTERCONTINENTAL NEW YORK EMPLOYEE CAFE,Manhattan,American,A,9,2025-03-24
INTI PERUVIAN RESTAURANT & BAR,Manhattan,Peruvian,B,17,2025-01-02
INTREPID SEA-AIR-SPACE MUSEUM,Manhattan,American,A,0,2017-11-01
INWOOD BAGELS,Manhattan,Coffee/Tea,A,9,2025-02-20
INWOOD BAR AND GRILL,Manhattan,American,A,13,2025-03-17
INWOOD BAR AND GRILL,Manhattan,American,A,13,2023-02-15
INWOOD BAR AND GRILL,Manhattan,American,C,31,2024-10-22
IPIZZANY,Manhattan,Pizza,B,27,2023-08-17
IPPUDO,Manhattan,Japanese,A,13,2026-03-19
IPPUDO NY,Manhattan,Japanese,A,13,2024-11-12
IPPUDO NY,Manhattan,Japanese,A,10,2026-04-15
IRON SUSHI,Manhattan,Japanese,A,12,2024-11-12
IRVING FARM,Manhattan,American,A,13,2023-03-09
IRVING FARM COFFEE ROASTER,Manhattan,Coffee/Tea,A,13,2026-07-07
IRVING FARM NEW YORK,Manhattan,Coffee/Tea,A,2,2026-04-02
IRVING FARM NEW YORK,Manhattan,Coffee/Tea,C,48,2023-07-10
IRVING FARM NEW YORK,Manhattan,Coffee/Tea,C,34,2024-05-03
ISABELLE'S OSTERIA,Manhattan,Italian,A,9,2026-02-04
ISLA,Manhattan,Australian,B,26,2026-06-29
ISLA,Manhattan,Australian,B,21,2025-02-11
ISLAND CRAVE,Manhattan,Caribbean,C,45,2025-03-31
ISLAND GRILL,Manhattan,Caribbean,A,11,2025-08-05
ISLAND JUICE AND GRILL,Manhattan,Caribbean,A,12,2025-03-13
ITAEWON POCHA,Manhattan,Korean,A,13,2026-04-14
ITALIAN VILLAGE,Manhattan,Pizza,B,14,2023-04-27
ITO,Manhattan,Japanese,A,13,2026-04-21
IVAN RAMEN,Manhattan,Japanese,A,13,2025-01-16
IVAN RAMEN,Manhattan,Japanese,B,19,2024-05-08
IZAKAYA JURAKU,Manhattan,Japanese,A,12,2025-11-20
In Common Cafe,Manhattan,Australian,A,2,2026-06-18
JACK DEMSEY'S PUB,Manhattan,Irish,A,9,2023-01-31
JACK'S COFFEE,Manhattan,Coffee/Tea,A,10,2023-12-29
JACK'S WIFE FREDA,Manhattan,Mediterranean,A,12,2025-04-03
JACK'S WIFE FREDA,Manhattan,Mediterranean,B,21,2024-11-19
JACK'S WIFE FREDA,Manhattan,Mediterranean,B,17,2023-09-13
JACKSON HOLE,Manhattan,Hamburgers,A,13,2024-12-09
JACOB SOUL FOOD RESTAURANT,Manhattan,Soul Food,C,52,2024-11-26
JADE GARDEN,Manhattan,Chinese,B,22,2025-10-15
JAH SEAL MINI MART,Manhattan,"Juice, Smoothies, Fruit Salads",A,12,2025-05-29
JAMES GIBNEY & SONS,Manhattan,Irish,A,10,2025-07-08
JAMESON'S,Manhattan,American,A,11,2025-12-08
JANE DOE LOUNGE,Manhattan,American,A,13,2026-02-09
JASMINE'S CARIBBEAN CUISINE,Manhattan,Caribbean,B,23,2023-07-27
JASPER'S TAPHOUSE & KITCHEN,Manhattan,American,A,8,2025-02-12
JAVELINA,Manhattan,Tex-Mex,A,13,2024-12-19
JAVELINA,Manhattan,Tex-Mex,A,7,2024-02-06
JAYA RESTAURANT,Manhattan,Latin American,A,8,2025-06-18
JEFFERIES CAFE (5th Floor),Manhattan,American,A,7,2022-08-05
JERK HOUSE,Manhattan,Caribbean,A,13,2025-02-11
JERK HOUSE,Manhattan,Caribbean,C,32,2026-03-18
JERK OFF THE GRILL,Manhattan,Caribbean,C,46,2023-01-31
JERRELL'S BETR BRGR,Manhattan,Vegan,A,7,2022-11-25
JERRELL'S BETR BRGR,Manhattan,Vegan,C,46,2024-04-24
JERSEY MIKE'S,Manhattan,Sandwiches,A,8,2025-03-12
JERSEY MIKE'S,Manhattan,Sandwiches,B,19,2026-02-11
JERSEY MIKE'S,Manhattan,Sandwiches,C,82,2025-10-08
JERSEY MIKE'S #34074,Manhattan,Sandwiches,A,5,2023-09-20
JERSEY MIKE'S #34074,Manhattan,Sandwiches,B,23,2026-07-27
JERSEY MIKE'S #34083,Manhattan,Sandwiches,A,5,2024-08-06
JERSEY MIKE'S (INSIDE NIMBUS),Manhattan,Sandwiches,A,10,2025-12-16
JEWEL BOX,Manhattan,American,A,13,2026-09-13
JG MELON,Manhattan,American,A,9,2025-01-28
JI BEI CHUAN,Manhattan,Chinese,B,27,2024-09-05
JIAN BING MAN,Manhattan,Chinese/Cuban,A,13,2024-12-09
JICAMA,Manhattan,Other,A,4,2019-12-10
JIMBO'S HAMBURGER PALACE,Manhattan,Hamburgers,A,13,2022-02-01
JIMBO'S HAMBURGER PLACE,Manhattan,Hamburgers,B,14,2022-11-18
JIMMY'S HOUSE,Manhattan,Chinese,B,23,2022-11-28
JIN RAMEN,Manhattan,Japanese,A,10,2026-09-15
JIN RAMEN,Manhattan,Japanese,B,22,2023-02-08
JIN RAMEN,Manhattan,Japanese,B,19,2025-12-01
JIN RAMEN UWS,Manhattan,Japanese,B,21,2024-11-26
JIN YUN FU TEA SHOP,Manhattan,Coffee/Tea,A,7,2025-10-29
JING FONG RESTAURANT,Manhattan,Chinese,A,13,2024-09-11
JOANNE TRATTORIA,Manhattan,Italian,A,8,2024-12-12
JOE & THE JUICE,Manhattan,Coffee/Tea,A,3,2025-10-27
JOE & THE JUICE,Manhattan,"Juice, Smoothies, Fruit Salads",A,4,2026-02-17
JOE & THE JUICE,Manhattan,"Juice, Smoothies, Fruit Salads",A,13,2024-01-18
JOE & THE JUICE,Manhattan,"Juice, Smoothies, Fruit Salads",A,13,2026-04-13
JOE & THE JUICE,Manhattan,"Juice, Smoothies, Fruit Salads",A,13,2024-11-14
JOE & THE JUICE,Manhattan,"Juice, Smoothies, Fruit Salads",A,13,2023-02-28
JOE & THE JUICE,Manhattan,Coffee/Tea,A,11,2026-02-10
JOE & THE JUICE,Manhattan,Coffee/Tea,A,13,2024-09-09
JOE & THE JUICE,Manhattan,American,A,9,2025-01-10
JOE & THE JUICE,Manhattan,"Juice, Smoothies, Fruit Salads",A,13,2024-11-21
JOE & THE JUICE,Manhattan,Coffee/Tea,B,20,2024-08-27
JOE & THE JUICE,Manhattan,"Juice, Smoothies, Fruit Salads",C,47,2024-03-18
JOE & THE JUICE,Manhattan,Coffee/Tea,C,65,2022-09-27
JOE & THE JUICE,Manhattan,"Juice, Smoothies, Fruit Salads",C,52,2024-11-22
JOE & THE JUICE,Manhattan,"Juice, Smoothies, Fruit Salads",C,63,2024-03-14
JOE & THE JUICE BROAD ST,Manhattan,"Juice, Smoothies, Fruit Salads",B,18,2024-03-13
JOE ALLEN,Manhattan,American,A,13,2026-08-05
JOE COFFEE,Manhattan,Coffee/Tea,A,11,2025-12-18
JOE COFFEE,Manhattan,Coffee/Tea,A,13,2026-03-12
JOE COFFEE,Manhattan,Coffee/Tea,A,2,2023-06-13
JOE COFFEE,Manhattan,Coffee/Tea,A,12,2026-04-13
JOE COFFEE,Manhattan,Coffee/Tea,A,7,2024-01-23
JOE COFFEE,Manhattan,Coffee/Tea,A,8,2026-04-08
JOE COFFEE,Manhattan,Coffee/Tea,A,12,2022-12-20
JOE COFFEE,Manhattan,Coffee/Tea,A,10,2024-03-28
JOE COFFEE,Manhattan,Coffee/Tea,A,12,2025-09-09
JOE COFFEE COMPANY,Manhattan,Coffee/Tea,A,11,2024-06-10
JOE COFFEE COMPANY,Manhattan,Coffee/Tea,A,11,2025-05-13
JOE COFFEE COMPANY,Manhattan,Coffee/Tea,A,10,2024-07-02
JOE COFFEE COMPANY,Manhattan,Coffee/Tea,A,11,2025-10-07
JOE JR.,Manhattan,American,A,11,2026-07-28
JOE JR.,Manhattan,American,B,21,2024-08-20
JOE'S GINGER RESTAURANT,Manhattan,Chinese,A,11,2022-11-16
JOE'S PIZZA,Manhattan,Pizza,A,5,2023-01-31
JOE'S PIZZA,Manhattan,Pizza,A,9,2026-06-25
JOE'S PIZZA,Manhattan,Pizza,A,7,2024-08-20
JOE'S PIZZA,Manhattan,Pizza,A,9,2023-12-06
JOE'S PIZZA,Manhattan,Pizza,A,10,2025-11-18
JOE'S PIZZA,Manhattan,Pizza,C,63,2025-08-11
JOE'S PIZZA (PIES ONLY),Manhattan,Pizza,A,12,2026-04-15
JOE'S PIZZA OF PARK SLOPE,Manhattan,Pizza,B,27,2025-10-08
JOE'S PIZZA OF PARK SLOPE,Manhattan,Pizza,C,38,2024-12-18
JOE'S SHANGHAI RESTAURANT,Manhattan,Chinese,C,32,2025-02-04
JOE'S STEAM RICE ROLL,Manhattan,Chinese,A,13,2025-08-20
JOEY BATS CAFE,Manhattan,Portuguese,B,17,2026-07-16
JOEY ROSES,Manhattan,Sandwiches,A,9,2025-12-23
JOEY ROSES,Manhattan,Sandwiches,A,9,2024-06-27
JOHN'S COFFEE SHOP,Manhattan,American,A,12,2022-11-18
JOHN'S FRIED CHICKEN,Manhattan,Chicken,B,24,2025-08-29
JOHN'S FRIED CHICKEN,Manhattan,Chicken,C,5,2024-05-16
JOHN'S PIZZA,Manhattan,Pizza,A,13,2024-04-10
JOJI,Manhattan,Japanese,A,12,2025-06-18
JOJU,Manhattan,Asian/Asian Fusion,B,24,2025-06-02
JOLLIBEE,Manhattan,Chicken,B,27,2023-02-23
JONES DAY CAFE & COFFEE BAR,Manhattan,American,A,10,2026-04-27
JONGRO BBQ,Manhattan,Korean,A,7,2025-09-11
JONGRO BBQ,Manhattan,Korean,C,34,2024-09-03
JONGRO BBQ MARKET AYCE,Manhattan,Chinese,B,27,2025-10-09
JOO OK,Manhattan,Korean,A,7,2026-01-21
JOOY TEA SHOPPE,Manhattan,Coffee/Tea,A,12,2025-07-02
JOOY TEA SHOPPE,Manhattan,Other,A,12,2026-03-30
JORDAN SNACK BAR AND BURGER,Manhattan,Latin American,B,18,2023-10-18
JOSE LUIS LITTLE ITALY,Manhattan,Italian,C,68,2023-09-21
JOSE LUIS LITTLE ITALY,Manhattan,Italian,C,58,2025-08-26
JOSEPH LEONARD,Manhattan,New American,A,13,2026-08-26
JOSEPH LEONARD,Manhattan,New American,A,12,2024-12-26
JOSEPH'S RISTORANTE,Manhattan,Italian,A,12,2023-12-12
JOY CURRY & TANDOOR,Manhattan,Indian,A,12,2025-08-13
JOYFACE,Manhattan,American,A,6,2024-03-15
JR SUSHI,Manhattan,Japanese,B,19,2025-02-24
JR SUSHI,Manhattan,Japanese,C,40,2024-04-09
JUDGE ROY BEAN,Manhattan,American,A,13,2024-09-09
JUDY'S,Manhattan,"Juice, Smoothies, Fruit Salads",B,25,2025-08-28
JUE LAN CLUB,Manhattan,Asian/Asian Fusion,C,29,2025-08-14
JUFU GARDEN,Manhattan,Chinese,B,18,2023-03-08
JUFU GARDEN,Manhattan,Chinese,C,45,2025-02-10
JUGOS,Manhattan,Latin American,C,43,2025-07-08
JUICE BAR PLUS,Manhattan,"Juice, Smoothies, Fruit Salads",A,10,2025-06-26
JUICE ETERNITY,Manhattan,Fruits/Vegetables,A,11,2025-10-28
JUICE ETERNITY,Manhattan,Fruits/Vegetables,C,48,2025-08-21
JUICE GENERATION,Manhattan,"Juice, Smoothies, Fruit Salads",A,8,2024-11-19
JUICE GENERATION,Manhattan,American,A,11,2026-01-06
JUICE GENERATION,Manhattan,"Juice, Smoothies, Fruit Salads",A,12,2023-11-14
JUICE GENERATION,Manhattan,"Juice, Smoothies, Fruit Salads",A,7,2026-03-04
JUICE GENERATION,Manhattan,"Juice, Smoothies, Fruit Salads",A,12,2024-09-17
JUICE GENERATION,Manhattan,"Juice, Smoothies, Fruit Salads",A,10,2025-09-30
JUICE GENERATION,Manhattan,"Juice, Smoothies, Fruit Salads",A,5,2025-12-31
JUICE GENERATION,Manhattan,American,A,11,2024-08-27
JUICE GENERATION,Manhattan,"Juice, Smoothies, Fruit Salads",A,9,2025-02-21
JUICE GENERATION,Manhattan,"Juice, Smoothies, Fruit Salads",A,7,2023-12-12
JUICE GENERATION,Manhattan,"Juice, Smoothies, Fruit Salads",A,9,2024-03-29
JUICE GENERATION,Manhattan,"Juice, Smoothies, Fruit Salads",A,8,2026-03-12
JUICE MAX,Manhattan,"Juice, Smoothies, Fruit Salads",A,8,2024-05-09
JUICE PRESS,Manhattan,"Juice, Smoothies, Fruit Salads",B,22,2025-08-08
JUICE PRESS,Manhattan,"Juice, Smoothies, Fruit Salads",B,22,2026-01-23
JUICE PRESS,Manhattan,"Juice, Smoothies, Fruit Salads",C,42,2025-08-12
JUICE PRESS,Manhattan,"Juice, Smoothies, Fruit Salads",C,32,2025-08-21
JUICE PRESS,Manhattan,"Juice, Smoothies, Fruit Salads",C,28,2024-08-21
JUICE PRESS,Manhattan,"Juice, Smoothies, Fruit Salads",C,56,2024-08-14
JUICE PRESS,Manhattan,"Juice, Smoothies, Fruit Salads",C,37,2024-12-17
JUICE PRESS,Manhattan,"Juice, Smoothies, Fruit Salads",C,30,2025-08-21
JUICE TIME,Manhattan,"Juice, Smoothies, Fruit Salads",B,26,2026-05-06
JUICED HARLEM,Manhattan,American,B,23,2025-09-10
JUILLIARD ROSE DINING HALL,Manhattan,Other,A,11,2025-03-24
JUKAI,Manhattan,Japanese,A,11,2022-11-15
JUKAI,Manhattan,Japanese,A,7,2025-01-30
JUKE BAR,Manhattan,American,A,11,2025-11-12
JUKE BAR,Manhattan,American,A,13,2024-06-18
JUMBO BAGEL,Manhattan,Bagels/Pretzels,B,23,2025-10-24
JUMBO HAMBURGER PLACE,Manhattan,Hamburgers,C,32,2025-07-18
JUMBO'S HAMBURGERS,Manhattan,Hamburgers,B,21,2025-10-24
JUMIEKA GRAND,Manhattan,Caribbean,B,24,2025-04-24
JUN-MEN RAMEN BAR,Manhattan,Japanese,A,12,2023-02-28
JUNGLE BIRD,Manhattan,New American,A,9,2025-12-02
JUNZI KITCHEN,Manhattan,Chinese,B,26,2025-01-30
JURY DUTY,Manhattan,American,A,12,2023-07-10
JUST LORRAINE'S PLACE TWO,Manhattan,American,B,19,2025-01-09
JUST PHO YOU,Manhattan,Other,A,10,2023-09-12
JUST SALAD,Manhattan,Salads,A,9,2026-08-19
JUST SALAD,Manhattan,Salads,A,11,2026-06-30
JUST SALAD,Manhattan,Salads,A,4,2023-03-14
JUST SALAD,Manhattan,Salads,A,3,2025-01-28
JUST SALAD,Manhattan,Salads,A,12,2024-07-01
JUST SALAD,Manhattan,Salads,A,12,2024-05-14
JUST SALAD,Manhattan,Salads,A,12,2026-05-04
JUST SALAD,Manhattan,Soups/Salads/Sandwiches,A,12,2025-12-23
JUST SALAD,Manhattan,Salads,A,12,2024-09-09
JUST SALAD,Manhattan,Salads,A,9,2024-11-27
JUST SALAD,Manhattan,Salads,A,12,2026-02-04
JUST SALAD,Manhattan,Salads,A,12,2023-04-14
JUST SALAD,Manhattan,Soups/Salads/Sandwiches,A,9,2024-05-16
JUST SALAD,Manhattan,Salads,B,16,2024-12-19
JUST SALAD,Manhattan,Salads,C,44,2024-09-04
JUSTINO'S,Manhattan,Pizza,B,27,2023-03-23
JUSTINO'S,Manhattan,Pizza,C,57,2024-12-30
JUSTINO'S PIZZERIA,Manhattan,Pizza,B,24,2025-06-26
JUSTINO'S PIZZERIA,Manhattan,Pizza,B,25,2025-12-02
JUSTINO'S PIZZERIA,Manhattan,Pizza,C,44,2024-12-17
K TOWN POHCA,Manhattan,Korean,A,12,2024-07-31
K-STREET FOOD,Manhattan,Korean,B,23,2025-10-21
K-STREET FOOD,Manhattan,Korean,C,33,2025-02-27
KA WAH BAKERY,Manhattan,Chinese,B,17,2025-12-29
KA WAH BAKERY,Manhattan,Chinese,B,22,2024-06-11
KA WAH BAKERY,Manhattan,Chinese,C,47,2026-06-12
KA WAH BAKERY,Manhattan,Chinese,C,56,2025-01-21
KABIN,Manhattan,American,A,13,2025-04-23
KABOOZ'S BAR & GRILLE,Manhattan,American,A,12,2023-12-18
KAFFE ARE,Manhattan,Sandwiches/Salads/Mixed Buffet,A,13,2025-06-23
KAFFE LANDSKAP,Manhattan,American,A,9,2025-07-25
KAHLO,Manhattan,Mexican,A,13,2025-07-01
KAILASH PARBAT,Manhattan,Jewish/Kosher,C,44,2023-04-13
KAIROS GREEK STREET FOOD,Manhattan,Greek,A,12,2026-07-24
KAJIKEN RAMEN,Manhattan,Japanese,B,27,2024-09-05
KAM LAI,Manhattan,Chinese,A,13,2023-03-29
KAME,Manhattan,Japanese,A,9,2026-01-05
KANOYAMA,Manhattan,Japanese,B,27,2026-06-09
KARE THAI,Manhattan,Thai,B,25,2025-08-21
KARE THAI,Manhattan,Thai,C,32,2024-11-12
KARIBBEAN,Manhattan,Caribbean,B,25,2025-09-16
KARIBBEAN,Manhattan,Caribbean,C,33,2026-06-18
KARIZMA LOUNGE,Manhattan,Middle Eastern,B,27,2024-10-30
KATSU KATSU,Manhattan,Asian/Asian Fusion,C,73,2023-06-02
KATSU-HAMA,Manhattan,Japanese,B,22,2023-10-19
KAWA SUSHI,Manhattan,Japanese,A,12,2023-11-02
KAWA SUSHI,Manhattan,Japanese,A,13,2024-12-17
KEBAB AUR SHARAB,Manhattan,Indian,C,34,2025-02-05
KEENS STEAKHOUSE,Manhattan,Steakhouse,A,12,2024-12-26
KELLARI TAVERNA,Manhattan,Greek,B,14,2024-12-18
KENKA,Manhattan,Japanese,A,11,2024-05-22
KENNEDY CHICKEN & PIZZA,Manhattan,Chicken,B,17,2023-11-02
KENNEDY FRIED CHICKEN,Manhattan,Chicken,A,9,2025-09-04
KENNEDY FRIED CHICKEN,Manhattan,Other,B,17,2025-10-20
KENNEDY'S CHICKEN & SANDWICH,Manhattan,Chicken,C,28,2026-01-21
KENNY BAKERY,Manhattan,Bakery Products/Desserts,B,26,2024-12-26
KESTE,Manhattan,Pizza,A,2,2024-12-26
KETCHY SHUBY,Manhattan,New American,A,13,2025-07-22
KEUR COUMBA,Manhattan,African,B,24,2026-08-04
KFC,Manhattan,Chicken,B,22,2022-11-23
KFC,Manhattan,Chicken,B,20,2023-08-28
KIJITORA,Manhattan,Japanese,A,12,2025-11-06
KIKI'S,Manhattan,Greek,B,22,2025-06-30
KIKOO SUSHI,Manhattan,Japanese,B,24,2023-04-19
KIMPTON HOTEL THETA,Manhattan,American,A,2,2025-03-20
KIND REGARDS,Manhattan,American,B,22,2023-01-03
KING BARKA,Manhattan,Caribbean,A,0,2024-12-17
KING BARKA JAMAICAN & AMERICAN RESTAURANT INC,Manhattan,Caribbean,B,17,2023-08-31
KING BARKA JAMAICAN & AMERICAN RESTAURANT INC,Manhattan,Caribbean,C,41,2025-05-06
KING DUMPLINGS,Manhattan,Chinese,B,20,2022-12-05
KING FOOD,Manhattan,Chinese,A,11,2023-05-30
KING GARDEN RESTAURANT,Manhattan,Chinese,B,14,2025-09-16
KING WOK,Manhattan,Chinese,B,14,2025-10-20
KING'S CARRIAGE HOUSE,Manhattan,Coffee/Tea,A,13,2023-11-14
KING'S KITCHEN,Manhattan,Chinese,A,12,2026-07-08
KING'S KITCHEN,Manhattan,Chinese,A,10,2025-03-21
KIRKLAND & ELLIS 52TH FLOOR - THE HUB,Manhattan,Other,A,12,2025-07-23
KIRKLAND & ELLIS CONFERENCE ROOMS,Manhattan,American,A,13,2023-05-15
KISA,Manhattan,Korean,A,10,2026-07-14
KISMAT INDIAN CUISINE,Manhattan,Indian,B,21,2025-01-28
KISSAKI OMAKASE,Manhattan,Japanese,B,15,2023-08-15
KITARO,Manhattan,Japanese,B,22,2023-09-12
KITH RETAIL,Manhattan,"Juice, Smoothies, Fruit Salads",A,12,2023-06-06
KIZUNA,Manhattan,Japanese,A,9,2026-05-21
KJUN BUKU,Manhattan,Fusion,A,13,2026-06-04
KO SUSHI,Manhattan,Japanese,B,26,2024-08-14
KO SUSHI,Manhattan,Japanese,C,33,2025-06-23
KOBA,Manhattan,Korean,C,33,2026-01-05
KOFOO / THE SPOT CAFE,Manhattan,Korean,A,13,2023-02-24
KOFOO / THE SPOT CAFE,Manhattan,Korean,B,27,2025-10-21
KOGANE RAMEN,Manhattan,Japanese,B,24,2023-03-07
KOHLBERG KRAVIS ROBERTS EMPLOYEE CAFETERIA,Manhattan,American,A,13,2023-02-07
KOI,Manhattan,Japanese,A,12,2025-11-07
KOJI CHICKEN,Manhattan,Korean,B,24,2025-06-23
KOKO SEAFOOD SALAD & GRILL,Manhattan,Spanish,B,25,2024-10-08
KOLKATA CHAI CO,Manhattan,Indian,A,9,2026-04-29
KONA COFFEE ROASTERS,Manhattan,Coffee/Tea,A,7,2026-04-14
KONA COFFEE ROASTERS,Manhattan,Coffee/Tea,A,7,2023-12-26
KONA COFFEE ROASTERS,Manhattan,Coffee/Tea,A,7,2024-11-07
KONEKO,Manhattan,Japanese,A,7,2025-05-14
KONG SIHK TONG,Manhattan,Chinese,A,13,2024-11-08
KONG SIHK TONG,Manhattan,Chinese,B,19,2023-04-21
KOON TASTE OF SIAM,Manhattan,Thai,B,15,2025-03-27
KOPITIAM,Manhattan,Asian/Asian Fusion,B,25,2025-04-22
KOPITIAM,Manhattan,Asian/Asian Fusion,C,28,2024-02-20
KORALI ESTIATORIO,Manhattan,Greek,A,12,2026-05-27
KORALI ESTIATORIO,Manhattan,Greek,A,12,2024-11-06
KOREAN EXPRESS,Manhattan,Korean,A,7,2024-09-19
KOREAN EXPRESS,Manhattan,Korean,B,26,2025-01-27
KOREATGO,Manhattan,Korean,A,11,2026-03-11
KOREATGO,Manhattan,Korean,A,12,2024-08-07
KORONET PIZZA,Manhattan,Pizza,A,12,2025-04-30
KORONET PIZZA,Manhattan,Pizza,B,27,2024-12-19
KOUZAN,Manhattan,Japanese,B,21,2023-10-02
KRAAM,Manhattan,Thai,A,12,2025-02-03
KRISPY KREME DOUGHNUTS,Manhattan,Donuts,A,10,2026-01-16
KRISPY KREME DOUGHNUTS,Manhattan,Donuts,B,24,2024-11-12
KRUNCHY CUERITOS,Manhattan,Latin American,A,13,2024-12-26
KUBEH,Manhattan,Middle Eastern,A,12,2023-01-05
KUIH CAFE,Manhattan,Southeast Asian,A,11,2026-09-12
KUNG FU LITTLE STEAMED BUNS RAMEN,Manhattan,Asian/Asian Fusion,B,14,2025-12-08
KUNG FU TEA,Manhattan,Coffee/Tea,A,7,2024-05-02
KUNG FU TEA,Manhattan,Asian/Asian Fusion,A,4,2023-05-05
KUNG FU TEA,Manhattan,Asian/Asian Fusion,B,16,2024-12-05
KUNG FU TEA,Manhattan,Chinese,B,15,2025-12-04
KURANT,Manhattan,American,A,10,2024-12-19
KURO KUMA ESPRESSO & COFFEE,Manhattan,Coffee/Tea,A,10,2025-05-08
KUSHI KUSHI YAKI,Manhattan,Korean,A,10,2026-03-03
KUU,Manhattan,Japanese,C,30,2022-11-16
KUU,Manhattan,Japanese,C,34,2024-04-02
KYMA,Manhattan,Mediterranean,A,12,2025-01-21
KYURAMEN,Manhattan,Asian/Asian Fusion,B,27,2025-01-22
KYURAMEN & TBAAR,Manhattan,Japanese,C,29,2025-08-11
Koete Omakase,Manhattan,Chinese,C,87,2024-05-22
Kung Fu Kitchen,Manhattan,Chinese,A,13,2025-04-04
L'AMI PIERRE,Manhattan,Bakery Products/Desserts,A,13,2024-12-17
"L'AMICO, BACK BAR",Manhattan,American,A,9,2026-04-06
L'AMORE,Manhattan,Italian,B,16,2025-08-05
L'ANTICA PIZZERIA DA MICHELE,Manhattan,Italian,B,21,2025-01-06
L'ARTE DEL GELATO,Manhattan,Frozen Desserts,A,12,2022-12-20
L'AVENUE AT SAKS,Manhattan,French,A,13,2024-10-03
L'INDUSTRIE PIZZERIA,Manhattan,Pizza,A,13,2026-05-28
L'OSTERIA,Manhattan,Italian,A,13,2025-10-30
LA AMISTAD PIZZERIA,Manhattan,Pizza,B,25,2022-10-05
LA AMISTAD PIZZERIA,Manhattan,Pizza,C,39,2024-08-23
LA BELLA VITA,Manhattan,Italian,A,10,2024-11-18
LA BERGAMOTE,Manhattan,French,A,12,2023-02-23
LA BOMBONIERA,Manhattan,Coffee/Tea,A,11,2024-05-15
LA BONBONNIERE,Manhattan,American,A,12,2025-09-02
LA BONBONNIERE,Manhattan,American,C,55,2024-08-22
LA BONNE SOUPE,Manhattan,French,A,13,2022-05-02
LA BURDICK CHOCOLATE,Manhattan,Coffee/Tea,A,10,2026-04-22
LA CABRA,Manhattan,Southeast Asian,A,10,2024-04-24
LA CANTINA HEIGHTS,Manhattan,American,A,8,2022-10-27
LA CASA DEL POLLO AND JUICE BAR,Manhattan,Spanish,B,18,2026-04-23
LA CASA DEL POLLO AND JUICE BAR,Manhattan,Spanish,C,35,2024-05-08
LA CAVERNA,Manhattan,Mexican,A,5,2024-03-05
LA CITTA PIZZERIA,Manhattan,Pizza,A,12,2025-10-09
LA COLOMBE,Manhattan,Coffee/Tea,A,9,2025-12-12
LA COLOMBE,Manhattan,Coffee/Tea,A,13,2022-07-25
LA CONTENTA OESTE,Manhattan,Mexican,A,12,2024-02-14
LA COVACHA,Manhattan,Mexican,A,9,2026-08-20
LA DELICE PASTRY SHOP,Manhattan,Bakery Products/Desserts,C,59,2024-03-21
LA DINASTIA,Manhattan,Chinese/Cuban,A,13,2025-10-06
LA DINASTIA,Manhattan,Chinese/Cuban,A,12,2024-05-22
LA EXCELENCIA EMPANADAS MONUMENTAL,Manhattan,Spanish,A,11,2023-11-16
LA FIESTA RESTAURANT,Manhattan,Mexican,A,7,2023-04-13
LA FLOR DE BROADWAY REST,Manhattan,Spanish,A,11,2023-09-15
LA FLOR DE BROADWAY REST,Manhattan,Spanish,A,9,2025-05-21
LA FONDA,Manhattan,Caribbean,B,21,2023-05-23
LA GOURMET,Manhattan,American,B,24,2025-07-23
LA GOURMET,Manhattan,American,B,24,2024-03-14
LA GRANDE BOUCHERIE AND KAISEKI ROOM,Manhattan,American,A,6,2026-07-15
LA GRANDE BOUCHERIE AND KAISEKI ROOM,Manhattan,American,B,15,2023-09-18
LA ISLA,Manhattan,Latin American,B,14,2024-04-10
LA LANTERNA DI VITTORIO,Manhattan,Italian,A,12,2026-07-21
LA LONCHERA,Manhattan,Sandwiches/Salads/Mixed Buffet,A,13,2024-04-18
LA MASSERIA,Manhattan,Italian,B,17,2023-10-26
LA MELA,Manhattan,Italian,A,11,2022-12-29
LA MERCERIE,Manhattan,French,A,4,2026-03-12
LA MIA PIZZA,Manhattan,Pizza,C,41,2026-06-11
LA NACIONAL,Manhattan,Spanish,A,13,2024-02-20
LA NONNA,Manhattan,Italian,C,30,2024-04-25
LA NOXE,Manhattan,American,A,12,2022-12-02
LA NOXE,Manhattan,New American,A,12,2025-12-03
LA NUEVA VICTORIA,Manhattan,Chinese/Cuban,B,26,2025-03-24
LA PALAPA,Manhattan,Mexican,A,9,2023-05-30
LA PECORA BIANCA,Manhattan,Italian,A,9,2026-04-09
LA PECORA BIANCA,Manhattan,Italian,B,22,2025-08-04
LA PILITA DELI GROCERY,Manhattan,Mexican,B,19,2025-08-14
LA PILITA DELI GROCERY,Manhattan,Mexican,C,36,2024-04-04
LA PIZZA ITALIA,Manhattan,Pizza,B,27,2024-12-27
LA PIZZA ITALIA,Manhattan,Pizza,B,17,2024-11-12
LA QUINTA INNS AND SUITES,Manhattan,American,A,12,2026-08-24
LA QUINTA INNS AND SUITES,Manhattan,American,B,16,2024-03-21
LA RIPAILLE,Manhattan,French,A,10,2023-08-16
LA RUBIA BAR & GRILL,Manhattan,Latin American,C,32,2024-12-06
LA SAVANE D' AFRIQUE,Manhattan,African,C,39,2024-08-13
LA SAVANE D' AFRIQUE,Manhattan,African,C,45,2025-10-23
LA SIRENE,Manhattan,French,A,12,2023-06-12
LA SULTANA CAFE,Manhattan,Mediterranean,A,13,2025-07-08
LA TIENDA DE JORDI,Manhattan,Coffee/Tea,B,27,2026-02-19
LA TRATTORIA PIZZA,Manhattan,Pizza,A,13,2026-01-21
LA TROPEZIENNE BAKERY,Manhattan,Bakery Products/Desserts,B,19,2025-07-18
LADUREE,Manhattan,French,A,8,2026-08-10
LADUREE,Manhattan,French,A,12,2025-03-27
LADY CHOW KITCHEN,Manhattan,Chinese,C,31,2023-10-17
LADY M BRYANT PARK,Manhattan,Bakery Products/Desserts,A,7,2023-06-06
LADY M CONFECTIONS,Manhattan,Coffee/Tea,A,13,2025-11-03
LADY WONG,Manhattan,Asian/Asian Fusion,A,12,2025-04-24
LADY WONG,Manhattan,Asian/Asian Fusion,C,38,2024-11-25
LADYBIRD,Manhattan,Vegetarian,A,13,2026-01-13
LAFAYETTE,Manhattan,French,B,17,2022-11-25
LAGOS TSQ,Manhattan,African,B,19,2025-10-29
LAKE COMO PIZZA,Manhattan,Jewish/Kosher,A,9,2025-12-30
LAKE COMO PIZZA,Manhattan,Jewish/Kosher,A,12,2024-09-03
LAKE COMO PIZZA,Manhattan,Jewish/Kosher,C,42,2023-01-10
LALIBELA ETHIOPIAN RESTAURANT,Manhattan,Ethiopian,C,50,2024-02-07
LAN LARB CHIANG MAI 2ND AVE,Manhattan,Thai,B,18,2025-05-27
LAN LARB CHIANG MAI 2ND AVE,Manhattan,Thai,B,20,2022-06-02
LAN LARB CHIANG MAI 2ND AVE,Manhattan,Thai,B,21,2024-03-18
LAN LARB SOHO,Manhattan,Thai,C,42,2025-05-07
LAND OF PLENTY,Manhattan,Chinese,A,12,2022-07-26
LANDMARK COFFEE SHOP,Manhattan,American,A,11,2023-08-16
LANZHOU RAMEN 107,Manhattan,Chinese,B,17,2024-04-03
LAO JIE HOTPOT,Manhattan,Chinese,C,58,2024-05-09
LARUSTICA PIZZA,Manhattan,Pizza,A,9,2026-01-06
LARUSTICA PIZZA,Manhattan,Pizza,B,23,2023-02-07
LATIN AMERICAN RESTAURANT,Manhattan,Latin American,C,2,2024-09-04
LATIN ON LENOX RESTAURANT AN JUICE BAR,Manhattan,Latin American,B,18,2025-04-08
LATOYA'S KITCHEN,Manhattan,Caribbean,A,5,2026-01-06
LATTANZI,Manhattan,Italian,A,13,2026-01-07
LAUGHING MAN CAFE,Manhattan,American,B,27,2023-10-17
LAVA SHAWARMA,Manhattan,Middle Eastern,B,25,2025-03-11
LAVA SHAWARMA,Manhattan,Middle Eastern,B,22,2025-10-07
LAVAN 541,Manhattan,American,A,12,2025-08-07
LAVISTA PIZZA,Manhattan,Pizza,A,10,2026-04-22
LAVISTA PIZZA,Manhattan,Pizza,A,10,2024-09-10
LAZZARA'S PIZZA CAFE & RESTAURANT,Manhattan,Pizza,C,40,2024-12-17
LE B NYC,Manhattan,French,A,12,2026-04-02
LE BAOBAB GOUYGUI,Manhattan,African,B,22,2023-12-14
LE BARATIN,Manhattan,French,B,24,2026-06-30
LE BOTANISTE,Manhattan,Vegan,A,10,2023-04-11
LE CAFE COFFEE,Manhattan,Coffee/Tea,A,13,2026-06-16
LE CAFE COFFEE,Manhattan,Coffee/Tea,A,7,2025-04-14
LE CAFE COFFEE,Manhattan,Coffee/Tea,A,10,2026-03-18
LE CHARLOT,Manhattan,French,A,11,2026-08-06
LE FRENCH DINER,Manhattan,French,A,11,2024-11-19
LE GAZ,Manhattan,Coffee/Tea,A,13,2026-09-14
LE JARDINIERE,Manhattan,French,A,13,2024-10-23
LE MARAIS,Manhattan,Jewish/Kosher,A,13,2023-12-12
LE MONDE,Manhattan,French,A,10,2026-04-09
LE MONDE,Manhattan,French,B,18,2023-11-14
LE PAIN QUOTIDIEN,Manhattan,French,A,12,2022-11-09
LE PAIN QUOTIDIEN,Manhattan,American,A,11,2025-12-05
LE PAIN QUOTIDIEN,Manhattan,Bakery Products/Desserts,A,10,2025-07-15
LE PAIN QUOTIDIEN,Manhattan,Coffee/Tea,A,11,2023-12-01
LE PAIN QUOTIDIEN,Manhattan,French,A,9,2025-02-11
LE PAIN QUOTIDIEN,Manhattan,Continental,A,10,2023-10-26
LE PAIN QUOTIDIEN,Manhattan,French,A,11,2023-05-31
LE PAIN QUOTIDIEN,Manhattan,Bakery Products/Desserts,A,10,2022-10-25
LE PAIN QUOTIDIEN,Manhattan,Bakery Products/Desserts,A,9,2025-02-12
LE PAIN QUOTIDIEN,Manhattan,Bakery Products/Desserts,A,12,2025-09-04
LE PAIN QUOTIDIEN,Manhattan,French,B,18,2024-08-21
LE PAIN QUOTIDIEN,Manhattan,French,B,19,2024-09-12
LE PAIN QUOTIDIEN,Manhattan,French,C,34,2022-11-25
LE PAIN QUOTIDIEN,Manhattan,French,C,30,2025-07-21
LE PAIN QUOTIDIEN,Manhattan,Coffee/Tea,C,55,2024-12-24
LE PAIN QUOTIDIEN(IFO SAILBOAT POND),Manhattan,Sandwiches/Salads/Mixed Buffet,A,13,2023-02-27
LE PETIT PARISIEN,Manhattan,French,B,25,2023-03-08
LE PETIT PARISIEN,Manhattan,French,C,35,2023-09-21
LE POISSON ROUGE (LPR),Manhattan,American,A,10,2025-11-21
LE RELAIS DE VENISE L'ENTRECOTE,Manhattan,French,A,2,2025-09-22
LE REVEIL COFFEE SHOP,Manhattan,Coffee/Tea,A,9,2026-03-10
LE REVEIL COFFEE SHOP,Manhattan,Coffee/Tea,B,14,2024-11-29
LE ROCK,Manhattan,French,A,9,2023-07-28
LE TOUT VA BIEN,Manhattan,French,A,13,2025-12-03
LECHONERA TROPICAL & GRILL,Manhattan,Latin American,A,5,2026-04-23
LECHONERA TROPICAL & GRILL,Manhattan,Latin American,C,33,2026-01-02
LEDO PIZZA,Manhattan,Pizza,C,28,2026-07-30
LEE CHUNG CAFE,Manhattan,Chinese,A,7,2018-01-19
LEGACY RECORDS LOCATED INSIDE HENRY HALL,Manhattan,Italian,A,4,2025-04-30
LEGACY RECORDS LOCATED INSIDE HENRY HALL,Manhattan,Italian,C,61,2022-11-17
LEGASEA / MAGIC HOUR ROOFTOP / CAFE D'AVIGNON / BAR MOXY,Manhattan,American,A,10,2023-01-25
LEGEND 72,Manhattan,Chinese,A,0,2022-05-16
LEGEND'S ROOM - OA3070,Manhattan,American,A,0,2025-02-01
LEGENDS NYC,Manhattan,American,A,12,2023-02-14
LEGENDS NYC,Manhattan,American,A,7,2026-01-21
LEGENDS NYC,Manhattan,American,B,24,2024-11-13
LEMOMO,Manhattan,"Juice, Smoothies, Fruit Salads",A,11,2025-07-08
LEN'S PAPAYA,Manhattan,Hotdogs/Pretzels,A,7,2026-06-12
LEN'S PAPAYA,Manhattan,Hotdogs/Pretzels,A,13,2024-12-27
LENA HORNE THEATRE,Manhattan,American,A,12,2026-02-18
LENA'S ITALIAN KITCHEN,Manhattan,Italian,B,23,2025-05-15
LENA'S ITALIAN KITCHEN,Manhattan,Italian,C,28,2024-08-21
LENOX FAST FOOD,Manhattan,American,B,27,2025-09-17
LENOX FAST FOOD,Manhattan,American,C,42,2025-02-07
LENOX THAI,Manhattan,Thai,A,10,2024-08-27
LENWICH,Manhattan,Sandwiches/Salads/Mixed Buffet,A,10,2025-09-12
LENWICH,Manhattan,American,A,7,2026-01-09
LENWICH,Manhattan,Sandwiches/Salads/Mixed Buffet,A,9,2026-03-24
LENZ'S,Manhattan,Sandwiches,B,27,2025-02-13
LENZ'S,Manhattan,Sandwiches,B,23,2025-07-08
LEON'S BAGELS,Manhattan,Coffee/Tea,A,12,2026-05-07
LEON'S BAGELS,Manhattan,Bagels/Pretzels,B,26,2025-12-29
LEON'S BAGELS,Manhattan,Coffee/Tea,C,42,2026-01-15
LEONETTA,Manhattan,American,A,13,2025-06-17
LES GATEAUX DE MARIE,Manhattan,Bakery Products/Desserts,A,7,2025-04-24
LET'S MEAT,Manhattan,Korean,A,11,2024-10-21
LEVAIN BAKERY,Manhattan,Bakery Products/Desserts,A,11,2026-03-13
LEVAIN BAKERY,Manhattan,Bakery Products/Desserts,A,8,2025-02-06
LEXINGTON FAMOUS PIZZA,Manhattan,Pizza,A,10,2024-09-22
LEXINGTON PUBLICK,Manhattan,American,A,13,2023-11-20
LEYLA,Manhattan,Mediterranean,A,13,2025-09-03
LIAN JIANG,Manhattan,Chinese,B,27,2025-07-08
LIBERTY BAGELS,Manhattan,Bagels/Pretzels,B,24,2025-06-20
LIBERTY BAGELS,Manhattan,Bagels/Pretzels,B,25,2024-11-25
LIBERTY BISTRO,Manhattan,French,B,21,2023-02-23
LIBRAE BAKERY,Manhattan,Coffee/Tea,A,13,2025-11-25
LIBRAE BAKERY,Manhattan,Coffee/Tea,B,26,2024-08-15
LIBRAE BAKERY,Manhattan,Coffee/Tea,B,27,2023-09-01
LIBRARY BAR AT SHERATON NEW YORK TIMES SQUARE,Manhattan,Coffee/Tea,A,13,2026-07-30
LIBRETTO'S PIZZERIA,Manhattan,Pizza,C,31,2023-10-19
LIFE CAFE,Manhattan,Other,B,23,2025-01-09
LIFE CAFE,Manhattan,Other,B,19,2025-09-19
LIFE TIME,Manhattan,"Juice, Smoothies, Fruit Salads",A,13,2024-05-08
LIFE TIME,Manhattan,"Juice, Smoothies, Fruit Salads",B,26,2025-09-05
LIFECAFE,Manhattan,"Juice, Smoothies, Fruit Salads",B,25,2024-12-16
LIFEWORKS @ NBA NYC,Manhattan,American,A,8,2024-09-16
LIGHTHOUSE FISH MARKET,Manhattan,Seafood,A,13,2024-09-09
LIL FRANKIE'S GROCERY,Manhattan,Sandwiches,C,57,2025-09-22
LIL FRANKIE'S PIZZA,Manhattan,Italian,A,13,2026-06-03
LILLI AND LOO,Manhattan,Asian/Asian Fusion,B,27,2025-05-20
LILLIE'S,Manhattan,American,A,13,2024-12-11
LILY'S,Manhattan,Chinese,B,17,2025-09-10
LINA RESTAURANT,Manhattan,Latin American,A,12,2024-04-04
LINA RESTAURANT,Manhattan,Latin American,A,5,2022-05-16
LINDENS,Manhattan,American,A,9,2024-06-03
LINDENS,Manhattan,American,C,42,2025-11-12
LINKLATERS,Manhattan,American,B,15,2025-08-14
LION'S GATE GRILL,Manhattan,Chinese,A,12,2024-07-18
LION'S HEAD TAVERN,Manhattan,American,C,29,2022-09-19
LISSETTE RESTAURANT,Manhattan,Tex-Mex,B,20,2025-08-18
LITHOS,Manhattan,Mediterranean,B,26,2024-11-15
LITTLE CANAL,Manhattan,American,A,11,2025-05-29
LITTLE CANAL,Manhattan,American,A,11,2024-02-16
LITTLE CHARLI,Manhattan,Pizza,A,13,2026-02-05
LITTLE CUPCAKE BAKE SHOP,Manhattan,Bakery Products/Desserts,A,13,2025-08-05
LITTLE CUPCAKE BAKE SHOP,Manhattan,Bakery Products/Desserts,A,8,2024-04-11
LITTLE GEM CATERING + EVENTS,Manhattan,American,A,2,2024-03-27
LITTLE GIO'S PIZZA,Manhattan,Pizza,B,22,2025-02-13
LITTLE ITALY PIZZA,Manhattan,Pizza,A,12,2025-07-01
LITTLE ITALY PIZZA,Manhattan,Pizza,A,9,2026-04-15
LITTLE ITALY PIZZA,Manhattan,Pizza,A,12,2024-05-22
LITTLE ITALY PIZZA,Manhattan,Pizza,A,7,2025-12-01
LITTLE ITALY PIZZA,Manhattan,Pizza,A,2,2026-04-23
LITTLE ITALY PIZZA,Manhattan,Pizza,A,12,2024-01-30
LITTLE ITALY PIZZA,Manhattan,Pizza,B,14,2023-01-05
LITTLE ITALY PIZZA,Manhattan,Pizza,B,24,2024-07-10
LITTLE ITALY PIZZA,Manhattan,Pizza,B,16,2025-07-23
LITTLE ITALY PIZZA III,Manhattan,Pizza,B,23,2024-03-13
LITTLE MYANMAR,Manhattan,Asian/Asian Fusion,B,24,2023-08-14
LITTLE NED,Manhattan,American,A,13,2025-03-11
LITTLE OPUS CAFE & COCKTAILS,Manhattan,American,A,10,2026-01-13
LITTLE PIE COMPANY,Manhattan,Bakery Products/Desserts,A,5,2022-12-06
LITTLE PIE COMPANY,Manhattan,Bakery Products/Desserts,A,13,2024-05-28
LITTLE POLAND,Manhattan,Polish,B,17,2024-08-13
LITTLE POLAND,Manhattan,Polish,B,23,2026-01-08
LITTLE RASCAL,Manhattan,Turkish,C,33,2025-07-16
LITTLE RASCAL BAR,Manhattan,Turkish,B,23,2025-01-31
LITTLE RIVER,Manhattan,American,A,7,2023-02-28
LITTLE RIVER,Manhattan,American,A,12,2024-06-21
LITTLE RUBY'S,Manhattan,American,A,8,2025-03-03
LITTLE WAYS,Manhattan,American,A,5,2024-12-03
LLOYD'S CARROT CAKE,Manhattan,Coffee/Tea,A,13,2026-05-12
LLOYD'S CARROT CAKE,Manhattan,Bakery Products/Desserts,B,19,2025-09-03
LLOYD'S CARROT CAKE,Manhattan,Bakery Products/Desserts,C,44,2024-12-12
LOBBY COFFEE BAR,Manhattan,Coffee/Tea,A,10,2023-05-10
LOCAL 42,Manhattan,American,A,12,2025-06-18
LOCAL 92 SOHO,Manhattan,Middle Eastern,C,30,2023-08-14
LOCANDA VERDE,Manhattan,Italian,A,9,2025-04-17
LOCANDA VERDE,Manhattan,Italian,B,17,2025-01-07
LOCANUT,Manhattan,American,A,11,2024-07-17
LOI ESTIATORIO,Manhattan,Greek,A,9,2023-10-19
LOLA TAVERNA,Manhattan,Greek,B,19,2024-02-27
LOLITA,Manhattan,Mexican,A,13,2026-02-19
LOLITAS KITCHEN & BURGER HOUSE,Manhattan,Mexican,A,8,2023-02-27
LONG ISLAND DUMPLINGS,Manhattan,Chinese,C,4,2023-08-24
LOOK DINE-IN CINEMA,Manhattan,American,B,23,2023-12-18
LOONG NOODLE,Manhattan,Chinese,B,17,2025-07-22
LOS MUNCHIES,Manhattan,Latin American,B,21,2026-04-09
LOS MUNCHIES,Manhattan,Latin American,B,22,2025-02-11
LOS MUNCHIES,Manhattan,Latin American,C,35,2026-07-09
LOS TACOS NO 1,Manhattan,Tex-Mex,A,3,2024-01-31
LOS TACOS NO.1,Manhattan,Mexican,A,4,2026-09-15
LOTTE NEW YORK PALACE - COLD BANQUET KITCHEN,Manhattan,American,A,11,2026-09-14
LOTUS LUCKY EXPRESS,Manhattan,Chinese,A,12,2024-09-12
LOULOU,Manhattan,French,B,23,2026-05-26
LOULOU,Manhattan,French,C,38,2025-07-16
LOULOU,Manhattan,French,C,29,2023-11-08
LOVE KOREAN BARBECUE,Manhattan,Barbecue,A,13,2025-10-15
LOVELY DAY,Manhattan,Thai,A,13,2024-05-20
LOVELY'S OLD FASHIONED,Manhattan,Hamburgers,A,12,2025-09-04
LOX AT THE JEWISH MUSEUM by David Teyf,Manhattan,Jewish/Kosher,B,21,2026-05-04
LTD PIZZA,Manhattan,Pizza,B,18,2026-04-09
LUCIEN,Manhattan,French,A,10,2026-07-16
LUCKY CAFE,Manhattan,Coffee/Tea,A,12,2026-06-24
LUCKY GRAND BAKERY,Manhattan,Chinese,B,20,2026-03-19
LUCKY GRAND BAKERY,Manhattan,Chinese,C,35,2025-11-03
LUCKY JACK'S,Manhattan,American,A,12,2023-11-30
LUCKY JACK'S,Manhattan,American,B,22,2025-07-15
LUCKY STRIKE,Manhattan,American,A,9,2024-11-14
LUCKY TIGER NYC,Manhattan,Asian/Asian Fusion,A,13,2026-03-17
LUCKY'S,Manhattan,Steakhouse,A,13,2026-07-24
LUCY'S,Manhattan,American,B,20,2026-04-07
LUDLOW COFFEE SUPPLY,Manhattan,Coffee/Tea,A,2,2025-06-06
LUDLOW HOUSE,Manhattan,New American,A,9,2026-04-29
LUKE'S LOBSTER,Manhattan,Seafood,A,10,2025-12-18
LUKE'S LOBSTER,Manhattan,Seafood,A,11,2024-10-30
LUKE'S LOBSTER,Manhattan,Seafood,C,33,2023-09-28
LULLABY,Manhattan,American,A,12,2024-10-29
LULLABY,Manhattan,American,A,10,2023-07-25
LUNELLA RISTORANTE,Manhattan,Italian,B,17,2026-04-14
LUNETTA PIZZA,Manhattan,Pizza,A,10,2025-11-18
LUPE'S EAST L.A. KITCHEN,Manhattan,Mexican,B,14,2023-11-08
LUPITA MEXICAN RESTAURANT,Manhattan,Mexican,A,5,2024-03-04
LUPITA MEXICAN RESTAURANT,Manhattan,Mexican,B,14,2023-02-06
LUZZO'S,Manhattan,Pizza,B,23,2025-03-10
LYLA'S BODEGA,Manhattan,Latin American,B,26,2024-12-18
LYRIC THEATRE,Manhattan,American,A,10,2024-04-24
M & D COFFEE CAFE,Manhattan,American,B,27,2026-02-09
M & D COFFEE CAFE,Manhattan,American,B,27,2024-01-30
M & W BAKERY,Manhattan,Coffee/Tea,B,16,2025-12-30
M & W BAKERY,Manhattan,Bakery Products/Desserts,B,21,2024-05-21
M & W BAKERY,Manhattan,Bakery Products/Desserts,C,63,2026-07-01
M & W BAKERY,Manhattan,Coffee/Tea,C,36,2024-05-29
M AND PIZZA,Manhattan,Pizza,B,27,2024-03-06
M AND PIZZA,Manhattan,Pizza,C,32,2025-04-09
MA SMITH'S DESSERT CAFE,Manhattan,Bakery Products/Desserts,A,12,2023-03-14
MABU CAFE NYC,Manhattan,Chinese,B,27,2024-11-12
MACARON CAFE,Manhattan,Bakery Products/Desserts,A,13,2025-12-20
MACCHIATO ESPRESSO BAR,Manhattan,Coffee/Tea,A,7,2025-05-15
MACCHIATO ESPRESSO BAR,Manhattan,Coffee/Tea,A,11,2023-12-06
MACCHIATO ESPRESSO BAR,Manhattan,Coffee/Tea,A,8,2026-09-15
MACE,Manhattan,New American,B,26,2024-12-19
MAD DOG & BEANS,Manhattan,Mexican,A,9,2023-01-17
MAD DOG & BEANS,Manhattan,Mexican,B,24,2024-08-27
MADAME TUSSAUD'S,Manhattan,American,A,12,2026-03-19
MADAME X,Manhattan,American,B,14,2023-01-26
MADISON & VINE,Manhattan,American,C,39,2025-01-07
MADISON BAGEL AND GRILL,Manhattan,American,A,13,2024-12-09
MADISON BAGEL AND GRILL,Manhattan,American,B,21,2023-11-22
MADMAN BAKERY,Manhattan,Coffee/Tea,A,7,2025-05-14
MADMAN ESPRESSO,Manhattan,American,A,12,2023-09-13
MADMAN ESPRESSO,Manhattan,Coffee/Tea,A,9,2024-12-09
MADMAN ESPRESSO,Manhattan,American,B,16,2025-10-30
MADRAS DOSA CO,Manhattan,Indian,B,16,2025-10-23
MADRAS DOSA CO,Manhattan,Indian,C,33,2025-06-25
MAESTRO,Manhattan,Italian,B,16,2024-04-24
MAGGIE'S PLACE,Manhattan,American,A,13,2024-07-16
MAGGIE'S PLACE,Manhattan,American,A,10,2024-02-15
MAGNOLIA BAGERY,Manhattan,Bakery Products/Desserts,A,0,2026-06-18
MAGNOLIA BAKERY,Manhattan,Bakery Products/Desserts,A,13,2022-09-20
MAGNOLIA BAKERY,Manhattan,Bakery Products/Desserts,A,12,2025-06-20
MAGNOLIA BAKERY,Manhattan,Bakery Products/Desserts,A,10,2025-02-21
MAGNOLIA BAKERY,Manhattan,Bakery Products/Desserts,A,13,2024-05-22
MAGURO SUSHI,Manhattan,Japanese,A,9,2025-11-06
MAGURO SUSHI,Manhattan,Japanese,A,11,2024-06-17
MAIDEN LANE,Manhattan,American,C,38,2023-06-13
MAIN KITCHEN,Manhattan,Other,A,10,2026-07-23
MAISON CLOSE,Manhattan,French,A,13,2024-09-19
MAISON HARLEM,Manhattan,French,A,13,2025-02-20
MAISON PICKLE,Manhattan,American,A,7,2026-04-09
MAIZ,Manhattan,Mexican,A,6,2026-06-04
MAK PIZZA,Manhattan,Pizza,A,12,2025-07-24
MAKANA,Manhattan,Hawaiian,B,27,2025-05-20
MAKE MY FISH,Manhattan,Seafood,B,25,2024-12-19
MAKE MY FISH,Manhattan,Seafood,B,21,2023-03-08
MAKI A MANO,Manhattan,Japanese,C,37,2026-07-07
MAKIMAKI SUSHI,Manhattan,Japanese,A,2,2026-08-06
MALA PROJECT,Manhattan,Chinese,A,11,2022-12-28
MALA PROJECT,Manhattan,Chinese,C,59,2024-02-20
MALAI MARKE,Manhattan,Indian,A,5,2025-04-17
MALECON RESTAURANT,Manhattan,Spanish,A,12,2024-07-01
MALECON RESTAURANT,Manhattan,Spanish,A,12,2023-04-12
MALII GRAMERCY,Manhattan,Thai,C,35,2025-08-18
MALINEE,Manhattan,Thai,B,16,2024-12-19
MALT & MOLD,Manhattan,American,A,5,2024-11-14
MALTA COFFEE,Manhattan,Coffee/Tea,A,13,2026-04-10
MAMA FINA'S,Manhattan,Filipino,C,43,2025-06-12
MAMA FINA'S,Manhattan,Filipino,C,33,2022-12-28
MAMA FINA'S,Manhattan,Filipino,C,45,2025-11-24
MAMA MEZZE,Manhattan,Italian,A,13,2026-03-30
MAMA MEZZE,Manhattan,Italian,A,7,2023-09-18
MAMA MIA 44 SW,Manhattan,Italian,B,21,2024-05-02
MAMA PHO,Manhattan,Asian/Asian Fusion,A,12,2025-06-26
MAMA TACO,Manhattan,Tex-Mex,C,41,2026-02-05
MAMA TINA'S PIZZA,Manhattan,Pizza,B,24,2026-04-09
MAMA'S CUPBOARD,Manhattan,Southeast Asian,A,12,2023-04-21
MAMA'S FRIED CHICKEN,Manhattan,Chicken,A,11,2023-12-18
MAMA'S FRIED CHICKEN,Manhattan,Chicken,B,23,2026-03-11
MAMA'S PIZZA,Manhattan,Pizza,B,25,2025-07-24
MAMA'S RESTAURANT,Manhattan,Caribbean,A,13,2026-09-09
MAMA'S RESTAURANT,Manhattan,Caribbean,A,10,2025-06-09
MAMA'S TOO!,Manhattan,Pizza,A,5,2025-10-20
MAMAJUANA CAFE,Manhattan,Latin American,B,27,2025-02-19
MAMALI,Manhattan,Eastern European,A,9,2026-06-08
MAMAN,Manhattan,French,A,12,2022-07-11
MAMAN,Manhattan,Coffee/Tea,A,7,2025-06-11
MAMAN,Manhattan,American,A,9,2026-06-02
MAMAN,Manhattan,French,A,13,2024-10-07
MAMAN,Manhattan,American,A,12,2023-02-01
MAMAN,Manhattan,French,A,13,2024-05-16
MAMAN,Manhattan,French,A,10,2026-04-01
MAMAN,Manhattan,French,A,11,2026-08-06
MAMASITA,Manhattan,Mexican,A,13,2022-08-04
MAMAZUL,Manhattan,Mexican,C,32,2024-04-02
MANDARIN ORIENTAL HOTEL - BANQUET HALL,Manhattan,Asian/Asian Fusion,A,7,2023-06-22
MANDARIN ORIENTAL HOTEL-CAFETERIA,Manhattan,American,A,7,2023-06-22
MANDRAKE CAFE,Manhattan,Coffee/Tea,A,13,2026-07-08
MANGIA,Manhattan,Italian,A,13,2025-01-21
MANGIA,Manhattan,Sandwiches/Salads/Mixed Buffet,A,10,2024-11-13
MANGIA,Manhattan,Sandwiches/Salads/Mixed Buffet,B,24,2026-04-20
MANGO MANGO ARTISAN LAB,Manhattan,Asian/Asian Fusion,C,28,2024-04-23
MANGO MANGO DESSERT,Manhattan,Bakery Products/Desserts,A,12,2025-12-15
MANGO MANGO DESSERT,Manhattan,Chinese,A,13,2023-05-16
MANHATTAN INDIAN FLAVOR,Manhattan,Indian,A,12,2025-07-08
MANNA HOUSE,Manhattan,Chinese,A,12,2023-10-27
MANNA HOUSE,Manhattan,Chinese,A,10,2026-08-20
MANNA'S,Manhattan,Soul Food,A,13,2024-01-23
MANNY'S BISTRO,Manhattan,French,A,2,2023-06-02
MAREA RESTAURANT,Manhattan,Italian,A,13,2024-05-29
MARGARITAVILLE,Manhattan,American,B,21,2026-03-23
MARGON RESTAURANT,Manhattan,Latin American,B,25,2025-01-10
MARGON RESTAURANT,Manhattan,Latin American,B,19,2026-04-01
MARI:NE,Manhattan,Korean,A,7,2024-01-11
MARI:NE,Manhattan,Korean,C,55,2026-03-31
MARIE'S CRISIS,Manhattan,American,A,9,2023-06-04
MARILU & DAYSI,Manhattan,Latin American,A,10,2023-10-16
MARINARA,Manhattan,Pizza,A,12,2026-03-12
MARINARA,Manhattan,Pizza,C,7,2024-03-21
MARINARA PIZZA,Manhattan,Pizza,A,11,2025-03-05
MARINARA PIZZA,Manhattan,Pizza,B,25,2024-03-05
MARINARA PIZZA,Manhattan,Pizza,C,38,2023-08-17
MARK JOSEPH STEAKHOUSE,Manhattan,Steakhouse,A,13,2025-04-03
MARK'S OFF MADISON,Manhattan,Italian,A,2,2024-01-23
MARKET PLACE (METLIFE),Manhattan,American,A,9,2023-10-20
MARLOW BISTRO,Manhattan,Mediterranean,B,14,2023-04-05
MARRIOTT MARQUIS - Main Kitchen,Manhattan,American,A,13,2026-04-03
MARSH & MCLENNAN CAFETERIA,Manhattan,American,A,11,2026-07-14
MARUFUKU RAMEN,Manhattan,Japanese,B,25,2025-06-25
MARUZZELLA,Manhattan,Italian,A,10,2024-05-30
MARWIN,Manhattan,Thai,A,4,2022-09-15
MARWIN,Manhattan,Thai,C,41,2024-11-26
MASALA KING,Manhattan,Indian,C,5,2024-04-29
MASON JAR,Manhattan,Barbecue,B,19,2024-02-12
MASSARA,Manhattan,Italian,B,27,2025-04-10
MASSAWA FOODS,Manhattan,Ethiopian,A,10,2026-04-27
MASSERIA CAFFE,Manhattan,Italian,B,16,2025-09-11
MASTRO'S STEAKHOUSE,Manhattan,Steakhouse,A,13,2024-03-19
MATCHAFUL,Manhattan,Coffee/Tea,A,13,2025-08-21
MATCHAFUL,Manhattan,Coffee/Tea,A,13,2024-10-10
MATCHAFUL,Manhattan,Coffee/Tea,B,19,2023-05-09
MATCHAFUL,Manhattan,Coffee/Tea,C,40,2024-08-29
MATRYOSHKA (SPA 88),Manhattan,Russian,B,18,2022-11-17
MATSU SUSHI,Manhattan,Japanese,B,21,2022-12-01
MATTO ESPRESSO,Manhattan,Coffee/Tea,A,10,2024-10-11
MATTO ESPRESSO,Manhattan,Coffee/Tea,B,20,2026-02-09
MATTO ESPRESSO,Manhattan,Coffee/Tea,C,61,2024-12-27
MATTO ESPRESSO,Manhattan,Coffee/Tea,C,9,2023-08-03
MATTO ESPRESSO,Manhattan,Coffee/Tea,C,41,2026-02-06
MATTO EXPRESS,Manhattan,Coffee/Tea,A,12,2024-06-24
MAX BRENNER CHOCOLATE BAR,Manhattan,American,C,34,2024-02-12
MAX RESTAURANT,Manhattan,Italian,A,13,2024-10-08
MAY WAH FAST FOOD,Manhattan,Chinese,C,32,2025-10-07
MAYA MEZCAL,Manhattan,Mexican,A,7,2026-04-02
MAYHEM,Manhattan,Sandwiches,A,3,2023-05-31
MAYHEM,Manhattan,Sandwiches,B,24,2025-02-05
MAZETE,Manhattan,Japanese,B,24,2024-03-19
MCDONALD'S,Manhattan,Hamburgers,A,9,2025-03-04
MCDONALD'S,Manhattan,American,A,6,2025-05-07
MCDONALD'S,Manhattan,Hamburgers,A,13,2024-02-23
MCDONALD'S,Manhattan,American,A,12,2026-07-10
MCDONALD'S,Manhattan,Sandwiches/Salads/Mixed Buffet,A,9,2026-07-14
MCDONALD'S,Manhattan,Sandwiches,A,2,2026-03-11
MCDONALD'S,Manhattan,Hamburgers,A,4,2025-05-23
MCDONALD'S,Manhattan,Hamburgers,A,9,2025-08-05
MCDONALD'S,Manhattan,Hamburgers,A,9,2023-02-10
MCDONALD'S,Manhattan,Hamburgers,A,13,2023-02-06
MCDONALD'S,Manhattan,Hamburgers,A,7,2024-08-13
MCDONALD'S,Manhattan,Hamburgers,A,12,2024-06-27
MCDONALD'S,Manhattan,Hamburgers,A,10,2022-12-12
MCDONALD'S,Manhattan,Hamburgers,A,13,2025-12-31
MCDONALD'S,Manhattan,Hamburgers,A,10,2024-03-26
MCDONALD'S,Manhattan,Hamburgers,A,13,2024-02-20
MCDONALD'S,Manhattan,Hamburgers,A,12,2025-06-06
MCDONALD'S,Manhattan,Hamburgers,A,13,2025-10-06
MCDONALD'S,Manhattan,American,A,8,2025-02-04
MCDONALD'S,Manhattan,Hamburgers,A,7,2022-08-17
MCDONALD'S,Manhattan,Hamburgers,A,11,2026-03-11
MCDONALD'S,Manhattan,Hamburgers,A,11,2024-02-05
MCDONALD'S,Manhattan,Hamburgers,C,40,2024-12-12
MCDONALD'S #10407,Manhattan,American,B,24,2023-06-14
MCDONALD'S #14106,Manhattan,Hamburgers,A,7,2026-02-26
MCDONALDS # 18093,Manhattan,Hamburgers,A,12,2023-12-18
MCDONALDS #7552,Manhattan,Hamburgers,A,10,2026-03-09
MCHALE'S BAR & GRILL,Manhattan,Irish,A,5,2024-03-04
MCHALE'S BAR & GRILL,Manhattan,Irish,A,12,2024-10-29
ME CHICKEN RICE,Manhattan,Thai,B,27,2024-07-29
ME CHICKEN RICE,Manhattan,Thai,B,15,2025-10-23
MEDITERRANEO PIZZA,Manhattan,Pizza,A,7,2026-03-05
MEDUZA,Manhattan,Mediterranean,B,25,2025-03-20
MEE NOODLE SHOP,Manhattan,Chinese,C,40,2023-11-27
MEE NOODLE SHOP,Manhattan,Chinese,C,44,2026-04-23
MEE NOODLE SHOP,Manhattan,Chinese,C,6,2025-01-10
MEE SUM CAFE,Manhattan,Coffee/Tea,B,25,2026-07-13
MEE SUM CAFE,Manhattan,Coffee/Tea,C,51,2024-12-18
MEE SUM CAFE,Manhattan,Coffee/Tea,C,32,2024-04-01
MEEM SPICY GROCERY AND DELI,Manhattan,Bangladeshi,C,4,2024-10-04
MEEM SPICY GROCERY AND DELI,Manhattan,Bangladeshi,C,69,2025-08-07
"MEGAN'S BAR AND KITCHEN, KEVIN'S PUB",Manhattan,American,A,10,2025-08-12
MEHANATA,Manhattan,Eastern European,B,24,2023-08-10
MELI TAQUERIA,Manhattan,Mexican,C,58,2024-11-21
MELLER'S SPORTS HUB & GRILL,Manhattan,American,A,11,2026-01-27
MELLOW YELLOW COFFEE & VIBES,Manhattan,Jewish/Kosher,C,30,2023-01-12
MELODY'S PIANO BAR,Manhattan,American,A,10,2023-03-30
MEMO SHISH KEBAB,Manhattan,Turkish,A,12,2025-08-19
MENDY'S,Manhattan,Jewish/Kosher,A,10,2023-11-14
MEOW/MACARON PARLOUR,Manhattan,Bakery Products/Desserts,A,5,2023-12-14
MERCATO,Manhattan,Italian,B,19,2023-11-13
MERCURY BAR,Manhattan,American,A,10,2024-05-02
MERRION SQUARE,Manhattan,American,B,21,2025-01-22
METRO CAFE,Manhattan,American,A,10,2026-05-27
METRO CAFE,Manhattan,American,C,28,2024-07-22
METROPOLITAN CLUB,Manhattan,American,A,7,2026-03-05
MEXICAN RESTAURANT,Manhattan,Mexican,A,12,2024-10-17
MEXICUE,Manhattan,Mexican,A,11,2025-10-15
MEXICUE,Manhattan,Mexican,C,40,2023-04-12
MEZEH,Manhattan,Mediterranean,C,51,2024-08-14
MEZZALUNA,Manhattan,Italian,C,32,2025-12-17
MEZZROW,Manhattan,American,A,11,2023-12-14
MI RANCHITO MEXICAN RESTAURANT,Manhattan,Mexican,B,19,2024-05-07
MIGHTY QUINN'S BARBEQUE,Manhattan,Barbecue,A,13,2026-06-24
MIGHTY QUINN'S BARBEQUE,Manhattan,Barbecue,A,11,2023-05-16
MIGHTY QUINN'S BARBEQUE,Manhattan,Barbecue,A,11,2023-12-07
MIGHTY QUINN'S BARBEQUE / CARNEGIE DELI CONCESSIONS,Manhattan,Barbecue,A,2,2025-02-01
MIJO,Manhattan,Mexican,A,7,2026-03-09
MIKADO,Manhattan,Seafood,A,7,2026-08-24
MIKAKU,Manhattan,Japanese,A,11,2025-02-24
MILA'S BISTRO,Manhattan,French,A,13,2024-12-03
MILADY'S,Manhattan,American,C,29,2026-06-08
MILANO PIZZA AND PASTA,Manhattan,Pizza,B,21,2025-09-22
MILANO'S BAR,Manhattan,Bottled Beverages,B,21,2024-08-28
MILK BAR,Manhattan,American,A,12,2026-04-29
MILK BAR,Manhattan,Bakery Products/Desserts,A,11,2023-10-04
MILK BAR,Manhattan,American,A,12,2025-07-28
MILK BAR NOLITA,Manhattan,Frozen Desserts,A,7,2025-12-22
MILK N' HONEY,Manhattan,Jewish/Kosher,A,11,2024-06-18
MILK N' HONEY,Manhattan,Jewish/Kosher,C,45,2025-08-14
MILLE-FEUILLE BAKERY CAFE,Manhattan,Bakery Products/Desserts,A,10,2025-04-16
MILO COFFEE SHOP,Manhattan,Sandwiches/Salads/Mixed Buffet,A,12,2026-04-23
MILO COFFEE SHOP,Manhattan,Sandwiches/Salads/Mixed Buffet,B,15,2023-08-17
MILU,Manhattan,Chinese,B,17,2023-11-08
MILU,Manhattan,Chinese,C,49,2025-08-11
MIMI CHENG'S DUMPLINGS,Manhattan,Chinese,A,11,2024-10-08
MIMI'S PIZZA,Manhattan,Pizza,A,9,2026-08-31
MIMI'S PIZZA,Manhattan,Pizza,B,27,2023-09-14
MIMI'S PIZZA,Manhattan,Pizza,C,32,2025-08-20
MINCA RAMEN FACTORY,Manhattan,Japanese,A,13,2023-10-10
MING KEE KITCHEN,Manhattan,Chinese,C,60,2025-06-25
MING WONG,Manhattan,Chinese,C,51,2024-03-05
MINSKOFF THEATRE,Manhattan,American,A,10,2024-04-24
MINT MASALA,Manhattan,Indian,C,36,2024-04-11
MINUS CELSIUS ICE CREAM,Manhattan,Frozen Desserts,B,23,2025-10-15
MIRIAM,Manhattan,Mediterranean,B,26,2025-08-21
MIRIAM,Manhattan,Mediterranean,C,33,2024-08-29
MISOYA,Manhattan,Japanese,A,12,2024-09-12
MISS DU'S TEA SHOP,Manhattan,Coffee/Tea,A,10,2025-11-06
MISS DU'S TEA SHOP,Manhattan,Coffee/Tea,B,25,2024-08-20
MISSION CEVICHE,Manhattan,Peruvian,A,13,2025-08-25
MISSION CHINESE FOOD / BASEMENT,Manhattan,Chinese,B,27,2024-11-22
MISTA OH,Manhattan,Korean,C,28,2025-04-15
MISTA OH,Manhattan,Korean,C,36,2024-05-09
MISTER PARADISE,Manhattan,American,C,33,2023-09-07
MITI MITI MODERN MEXICAN,Manhattan,Mexican,A,13,2024-06-20
MITR THAI,Manhattan,Thai,B,20,2024-11-25
MIXED INGREDIENTS,Manhattan,Coffee/Tea,A,9,2026-07-08
MIXUE,Manhattan,Coffee/Tea,B,16,2024-11-25
MIZNON,Manhattan,Middle Eastern,A,6,2026-04-02
MIZNON,Manhattan,Middle Eastern,A,12,2025-12-08
MIZNON,Manhattan,Jewish/Kosher,C,48,2025-04-30
MJ SMITH FOOD & SPIRITS,Manhattan,American,A,12,2025-08-13
MJ SMITH FOOD & SPIRITS,Manhattan,American,B,24,2023-04-06
MLB PATINA,Manhattan,American,A,12,2023-03-28
MO LOUNGE / THE BAR AT MANDARIN ORIENTAL / LOBBY LOUNGE,Manhattan,Asian/Asian Fusion,A,9,2026-04-08
MO NA CAFE,Manhattan,Mediterranean,A,9,2025-04-01
MOCANA BAKERY,Manhattan,Bakery Products/Desserts,A,8,2025-10-01
MOCANA BAKERY,Manhattan,Bakery Products/Desserts,A,11,2024-03-06
MOCANA BAKERY,Manhattan,Bakery Products/Desserts,B,27,2025-07-24
MOCHI DOLCI,Manhattan,Asian/Asian Fusion,A,12,2023-09-13
MOCHI DOLCI,Manhattan,Asian/Asian Fusion,C,37,2026-03-25
MODERN BREAD & BAGEL,Manhattan,Bagels/Pretzels,B,18,2024-08-21
MODERN COFFEE HOUSE,Manhattan,Bakery Products/Desserts,A,9,2024-04-04
MODERN COFFEE HOUSE,Manhattan,Bakery Products/Desserts,B,27,2023-10-11
MODERN COFFEE HOUSE,Manhattan,Bakery Products/Desserts,C,38,2025-04-24
MOET HENNESSY USA,Manhattan,American,A,10,2026-01-21
MOKA & CO,Manhattan,Coffee/Tea,A,10,2024-09-23
MOKA & CO,Manhattan,Coffee/Tea,A,12,2025-12-22
MOKA MATCHA,Manhattan,Other,B,22,2025-08-15
MOKBAR,Manhattan,Korean,B,26,2026-04-07
MOKO,Manhattan,Seafood,A,7,2023-03-28
MOLE,Manhattan,Mexican,A,13,2025-12-17
MOLE,Manhattan,Mexican,C,28,2023-05-03
MOLLY TEA,Manhattan,Coffee/Tea,A,7,2025-03-17
MOLLY'S,Manhattan,Irish,B,24,2024-04-11
MOLLY'S CUPCAKES,Manhattan,Bakery Products/Desserts,A,13,2025-03-10
MOLLY'S CUPCAKES,Manhattan,Bakery Products/Desserts,A,12,2023-12-27
MOLLY'S CUPCAKES,Manhattan,Bakery Products/Desserts,C,35,2023-01-05
MOLYVOS,Manhattan,Greek,C,28,2023-03-27
MOMO'S MAGIC KITCHEN,Manhattan,Fusion,A,12,2026-04-09
MON AMOUR COFFEE & WINE,Manhattan,Coffee/Tea,A,13,2025-09-04
MON CHER MARKET,Manhattan,American,A,8,2025-07-18
MONCHERI,Manhattan,Coffee/Tea,A,5,2025-04-17
MONKEY BAR,Manhattan,New American,A,11,2024-06-27
MONOMONO,Manhattan,Asian/Asian Fusion,B,23,2024-11-12
MONOMONO,Manhattan,Asian/Asian Fusion,B,17,2025-11-05
MONTE CARLO DINER,Manhattan,American,B,21,2023-08-15
MONTY'S NYC,Manhattan,American,A,2,2016-05-10
MOOMOOCHAA,Manhattan,Coffee/Tea,A,9,2025-02-06
MOONO,Manhattan,Korean,A,13,2024-01-30
MOONSTRUCK EATERY,Manhattan,American,B,26,2024-03-18
MORANDI,Manhattan,Italian,A,2,2025-12-08
MORGAN CAFE,Manhattan,American,A,12,2025-10-30
MORGAN CAFE,Manhattan,American,B,27,2024-08-12
MORGAN STANLEY 2ND FLOOR BISTRO,Manhattan,American,A,12,2025-07-31
MORI,Manhattan,Japanese,A,11,2025-12-01
MORI COFFEE,Manhattan,Coffee/Tea,B,23,2026-05-05
MORNING STAR CAFE,Manhattan,American,A,8,2025-08-08
MORNING STAR CAFE,Manhattan,American,A,12,2026-05-13
MORTON'S THE STEAKHOUSE,Manhattan,Steakhouse,C,39,2024-05-07
MOTEL NO TELL,Manhattan,American,A,12,2025-11-21
MOTORINO,Manhattan,Pizza,A,10,2025-11-07
MOTORINO PIZZERIA NAPOLETANA,Manhattan,Pizza,A,13,2022-09-27
MOTT CORNER,Manhattan,American,A,11,2024-05-07
MOTT EATERY,Manhattan,Chinese,B,25,2024-10-11
MOUSTACHE,Manhattan,Mediterranean,B,17,2025-08-21
MR. BROADWAY RESTAURANT,Manhattan,Jewish/Kosher,A,11,2025-07-01
MR. FRIED RICE,Manhattan,Asian/Asian Fusion,A,10,2025-02-20
MR. LEE'S BAKERY,Manhattan,Bakery Products/Desserts,A,12,2026-08-17
MR. PIZZA,Manhattan,Pizza,A,13,2025-04-17
MR. PURPLE,Manhattan,American,B,27,2024-12-17
MR. TAKA RAMEN,Manhattan,Japanese,B,25,2023-01-11
MRS. FISH,Manhattan,Chinese,A,5,2023-02-27
MRS. FISH,Manhattan,Chinese,A,10,2026-02-26
MUDSPOT,Manhattan,American,B,20,2023-02-22
MUDVILLE9,Manhattan,American,A,11,2025-12-03
MUGHLAI INDIAN CUISINE,Manhattan,Indian,A,11,2024-03-20
MUGHLAI INDIAN CUISINE,Manhattan,Indian,B,22,2023-11-29
MUGHLAI INDIAN CUISINE,Manhattan,Indian,C,41,2024-04-24
MUGHLAI INDIAN CUSINE,Manhattan,Indian,A,13,2026-02-12
MULBERRY STREET BAR,Manhattan,Pizza,A,12,2025-09-30
MUMBAI MASALA,Manhattan,Indian,B,16,2025-05-14
MURRAY HILL DINER,Manhattan,American,A,12,2024-07-17
MUSCLE MAKER GRILL,Manhattan,American,B,18,2023-03-07
MUSES 35 BAR & KARAOKE,Manhattan,Bottled Beverages,A,9,2025-09-23
MUSES 35 BAR & KARAOKE,Manhattan,Bottled Beverages,A,13,2024-06-05
MUSHTARI CAFE,Manhattan,Coffee/Tea,B,22,2025-07-25
MUSTANG HARRY'S,Manhattan,American,A,9,2022-02-08
MUSTANG HARRY'S,Manhattan,American,B,19,2024-12-23
MY COOKING PARTY,Manhattan,American,A,4,2022-06-16
MYSTTIK MASAALA,Manhattan,Indian,B,20,2025-08-15
Mira,Manhattan,Turkish,B,19,2024-03-12
N.Y. LIFE EXECUTIVE DINING ROOM .,Manhattan,American,A,7,2025-08-18
NAKAJI,Manhattan,Japanese,A,12,2024-06-25
NAKS,Manhattan,Filipino,B,14,2024-05-21
NAKS,Manhattan,Filipino,C,36,2026-06-16
NAMI NORI,Manhattan,Japanese,B,26,2024-11-20
NAN XIANG XIAO LONG BAO,Manhattan,Chinese,A,11,2026-04-21
NANA THAI STREET,Manhattan,Thai,C,30,2025-04-29
NANA THAI STREET,Manhattan,Thai,C,51,2023-09-28
NAPA IN THE HEIGHTS,Manhattan,Seafood,B,23,2025-08-29
NAPOLI PIZZA,Manhattan,Pizza,B,16,2023-01-24
NAPOLI PIZZA,Manhattan,Pizza,C,62,2024-11-19
NARO,Manhattan,Korean,A,13,2025-12-01
NARUTO RAMEN,Manhattan,Japanese,B,25,2024-03-14
NARUTO RAMEN,Manhattan,Japanese,B,24,2025-08-21
NATIONAL ARTS CLUB,Manhattan,American,A,7,2026-01-22
NATIONAL ARTS CLUB,Manhattan,American,A,13,2023-11-29
NATURA CAFE / DREAM DOWNTOWN,Manhattan,American,C,56,2025-05-14
NAYA,Manhattan,Middle Eastern,A,11,2026-04-21
NAYA,Manhattan,Middle Eastern,A,13,2025-06-26
NAYA,Manhattan,Mediterranean,A,11,2025-11-25
NAYA,Manhattan,Middle Eastern,A,9,2024-11-07
NAYA,Manhattan,Middle Eastern,A,12,2024-01-09
NB WING WONG,Manhattan,Chinese,B,23,2024-11-18
NB WING WONG,Manhattan,Chinese,B,24,2025-08-07
NBC,Manhattan,American,A,2,2023-01-17
NBC CAFETERIA (11th FLR),Manhattan,American,A,4,2024-05-10
NEGRIL VILLAGE,Manhattan,Caribbean,A,12,2023-03-23
NEREA,Manhattan,Mediterranean,A,13,2026-02-05
NEROLAB CAFE,Manhattan,Italian,A,12,2025-02-14
NEUBERGER BERMAN CAFE,Manhattan,American,A,11,2026-04-27
NEW ARPING,Manhattan,Chinese,B,14,2026-01-06
NEW ASIA,Manhattan,Chinese,A,12,2024-04-12
NEW ASIA,Manhattan,Chinese,A,13,2025-01-21
NEW BAGEL RX,Manhattan,American,A,13,2026-03-03
NEW CAMERON BAKERY,Manhattan,Bakery Products/Desserts,B,26,2025-05-15
NEW CAMERON BAKERY,Manhattan,Bakery Products/Desserts,B,27,2024-10-23
NEW CAMERON BAKERY,Manhattan,Bakery Products/Desserts,C,59,2023-08-09
NEW CHINA,Manhattan,Chinese,B,24,2025-01-09
NEW CHINA TUNG,Manhattan,Chinese,A,7,2024-10-17
NEW CHINATOWN,Manhattan,Chinese,B,17,2025-04-16
NEW DYNASTY,Manhattan,Chinese,A,13,2024-08-12
NEW DYNASTY,Manhattan,Chinese,A,0,2022-09-19
NEW DYNASTY,Manhattan,Chinese,B,24,2023-02-22
NEW FRESH WOK,Manhattan,Chinese,B,22,2026-06-30
NEW GOLDEN DRAGON CHINESE RESTAURANT,Manhattan,Chinese,B,23,2026-05-19
NEW GOLDEN STAR RESTAURANT,Manhattan,Chinese,B,27,2024-12-19
NEW HAPPY JOY CHINESE KITCHEN,Manhattan,Chinese,A,11,2024-07-02
NEW IVOIRE,Manhattan,African,B,21,2025-01-02
NEW KIM TUONG,Manhattan,Chinese,C,51,2023-12-06
NEW KING WOK RESTAURANT,Manhattan,Chinese,A,11,2022-12-21
NEW KING WOK RESTAURANT,Manhattan,Chinese,B,23,2024-08-08
NEW LIFE JUICE BAR,Manhattan,"Juice, Smoothies, Fruit Salads",C,76,2025-10-21
NEW LUCK GARDEN,Manhattan,Chinese,B,20,2024-03-14
NEW MIZU SUSHI,Manhattan,Japanese,A,3,2025-11-19
NEW MOON,Manhattan,Chinese,A,13,2025-10-28
NEW MOON,Manhattan,Chinese,A,10,2023-11-20
NEW OCEAN,Manhattan,Chinese,C,44,2024-04-18
NEW SHUN WEI,Manhattan,Chinese,B,25,2025-02-19
NEW SHUN WEI,Manhattan,Chinese,B,24,2024-02-15
NEW SHUN WEI,Manhattan,Chinese,C,58,2024-08-21
NEW SUKI ICHIRO,Manhattan,Japanese,B,21,2025-03-11
NEW SUPER TASTE,Manhattan,Chinese,A,8,2024-04-25
NEW TANG'S GARDEN,Manhattan,Chinese,C,31,2024-02-12
NEW TANG'S RESTAURANT,Manhattan,Chinese,B,20,2025-01-09
NEW TIMES SQUARE PIZZA,Manhattan,Pizza,A,13,2023-02-03
NEW VISION 104 NUTRITION (HERBALIFE),Manhattan,"Juice, Smoothies, Fruit Salads",A,4,2025-08-07
NEW WONJO,Manhattan,Korean,A,12,2024-06-18
NEW WORLD STAGES & THE GREEN ROOM,Manhattan,American,A,10,2026-06-29
NEW YORK BAGELS & CAFE,Manhattan,American,B,21,2025-09-16
NEW YORK BURGER CO.,Manhattan,American,B,22,2025-07-14
NEW YORK COMEDY CLUB,Manhattan,American,A,13,2025-10-28
NEW YORK INSTITUTE OF TECHNOLOGY,Manhattan,American,B,23,2024-02-20
NEW YORK STOCK EXCHANGE EXECUTIVE SERVICES,Manhattan,American,A,10,2026-03-27
NEW YORK STOCK EXCHANGE EXECUTIVE SERVICES,Manhattan,American,A,12,2023-05-11
NEWSBAR,Manhattan,American,A,12,2024-06-10
NEXUS CLUB NEW YORK,Manhattan,American,B,25,2024-03-14
NHA TRANG ONE,Manhattan,Southeast Asian,A,11,2024-06-27
NHA TRANG ONE,Manhattan,Southeast Asian,A,9,2023-03-07
NICA TRATTORIA,Manhattan,Italian,A,12,2024-01-31
NICK & STEF'S STEAKHOUSE,Manhattan,Steakhouse,A,12,2026-03-26
NICOLA'S,Manhattan,Italian,A,13,2026-09-09
NICOLA'S,Manhattan,Italian,A,11,2024-08-28
NIKKO,Manhattan,Asian/Asian Fusion,A,12,2024-04-30
NINA'S GREAT BURRITO BAR,Manhattan,Mexican,A,13,2025-05-01
NINO'S 46,Manhattan,Italian,B,26,2024-03-12
NISH NUSH,Manhattan,Jewish/Kosher,A,11,2024-05-13
NISHIDA SHO-TEN,Manhattan,Japanese,B,21,2025-08-20
NISHIDA SHO-TEN,Manhattan,Japanese,C,73,2024-08-13
NISI,Manhattan,American,A,12,2022-11-21
NISI,Manhattan,American,B,26,2025-08-29
NIUKEE SHUMAI,Manhattan,Asian/Asian Fusion,B,20,2024-09-27
NIZZA,Manhattan,Italian,A,7,2024-10-22
NO HO JUICE BAR & DELI,Manhattan,Sandwiches,A,10,2023-08-29
NOA,Manhattan,American,C,38,2025-09-18
NOBI SUSHI,Manhattan,Japanese,B,18,2022-11-28
NOBODY TOLD ME,Manhattan,American,C,37,2025-06-03
NOBU,Manhattan,Japanese,A,13,2024-12-10
NOCHE MEXICANA II,Manhattan,Mexican,A,12,2024-11-14
NOI DUE CAFE,Manhattan,Italian,A,11,2024-01-31
NOIDUE PIZZA,Manhattan,Pizza,A,13,2025-08-21
NOLITA PIZZA,Manhattan,Pizza,A,7,2025-01-29
NOM,Manhattan,American,B,23,2025-08-12
NOM WAH RESTAURANT,Manhattan,Chinese,B,26,2025-06-30
NOMAD  DINER / ART NOMAD,Manhattan,American,A,12,2024-06-11
NOMAD  DINER / ART NOMAD,Manhattan,American,A,10,2025-07-31
NOMAS RESTAURANT,Manhattan,Latin American,A,13,2025-04-21
NOME,Manhattan,Jewish/Kosher,A,9,2023-03-09
NOMURA CAFE,Manhattan,Japanese,A,2,2022-11-16
NOMURA CAFERERIA / EXECUTIVE DINING,Manhattan,American,A,10,2024-12-20
NONNA DORA'S,Manhattan,Italian,A,13,2023-01-25
NOODLE VILLAGE,Manhattan,Chinese,A,12,2025-07-24
NOODLELOVE,Manhattan,Asian/Asian Fusion,C,0,2025-05-14
NORDSTROM BISTRO VERDE,Manhattan,American,B,16,2024-11-14
NORDSTROM BISTRO VERDE,Manhattan,American,B,19,2025-10-16
NORDSTROM ICON LOUNGE,Manhattan,American,A,8,2024-06-11
NORDSTROM WOLF,Manhattan,American,A,11,2025-07-23
NORMA,Manhattan,Italian,A,13,2025-02-12
NORTH DUMPLING,Manhattan,Chinese,B,19,2025-06-23
NOVITA,Manhattan,Italian,A,7,2023-08-10
NOWHERE,Manhattan,American,B,27,2024-11-12
NOWON,Manhattan,Korean,B,21,2024-08-21
NOZ 17,Manhattan,Japanese,A,7,2025-12-02
NR,Manhattan,Japanese,A,7,2023-01-28
NUAN XIN RICE ROLL,Manhattan,Asian/Asian Fusion,A,13,2026-01-13
NUAN XIN RICE ROLL,Manhattan,Asian/Asian Fusion,C,3,2025-09-19
NUBELUZ,Manhattan,Spanish,A,8,2025-07-31
NUBIANI,Manhattan,Korean,A,7,2025-10-02
NUBIANI,Manhattan,Korean,A,12,2024-09-13
NUDIBRANCH,Manhattan,Korean,A,11,2026-08-13
NUEVO RINCON DEL SABOR,Manhattan,Latin American,A,12,2024-10-31
NUVEEN,Manhattan,American,A,9,2026-07-16
NY BAKERY & DESSERTS,Manhattan,Bakery Products/Desserts,B,20,2025-09-03
NY FRESH PIZZA,Manhattan,Pizza,B,22,2024-07-19
NY JUMBO BAGELS,Manhattan,Sandwiches,A,10,2026-01-22
NY SAL'S PIZZA,Manhattan,Pizza,B,22,2024-09-19
NYONYA,Manhattan,Southeast Asian,A,10,2026-09-15
NYSE BULL MARKET CAFE,Manhattan,American,A,5,2026-06-12
O OHAYO BREAD HOUSE,Manhattan,Bakery Products/Desserts,A,13,2022-06-08
O OHAYO BREAD HOUSE,Manhattan,Bakery Products/Desserts,A,10,2024-03-19
O OHAYO BREAD HOUSE,Manhattan,Bakery Products/Desserts,A,13,2025-06-06
O'DONOGHUE'S,Manhattan,American,A,8,2024-04-25
O'HARA'S,Manhattan,American,B,27,2026-03-26
OAKBERRY,Manhattan,Fruits/Vegetables,A,12,2023-08-24
OAKBERRY,Manhattan,"Juice, Smoothies, Fruit Salads",A,10,2024-08-13
OAKBERRY,Manhattan,"Juice, Smoothies, Fruit Salads",B,17,2025-04-07
OASIS JIMMA JUICE BAR,Manhattan,"Juice, Smoothies, Fruit Salads",C,60,2024-12-19
OASIS JUICE BAR,Manhattan,"Juice, Smoothies, Fruit Salads",A,12,2026-02-19
OBAO,Manhattan,Korean,B,18,2025-02-18
OBAO,Manhattan,Korean,B,27,2024-05-09
OBAO,Manhattan,Thai,C,30,2025-12-18
OBAO,Manhattan,Thai,C,60,2024-11-12
OBAO,Manhattan,Korean,C,30,2025-12-01
OBICA MOZZARELLA BAR,Manhattan,Italian,C,51,2024-02-27
OBRIENS,Manhattan,Seafood,A,10,2026-05-06
OCABANON,Manhattan,French,A,11,2023-05-08
OCAFE,Manhattan,Coffee/Tea,C,32,2025-11-12
ODA HOUSE,Manhattan,Eastern European,B,19,2025-04-10
ODD SISTER,Manhattan,American,B,27,2024-11-20
OFCORSICA,Manhattan,French,A,13,2026-04-23
OFF THE WAGON,Manhattan,American,A,10,2025-09-03
OFRENDA,Manhattan,Mexican,A,11,2023-04-18
OHANA EXHIBITION KITCHEN,Manhattan,Fusion,A,10,2025-07-25
OHHI DELI AND KITCHEN,Manhattan,Bangladeshi,B,26,2025-08-26
OIJIMI,Manhattan,Korean,A,9,2026-07-22
OISHI BAY SUSHI,Manhattan,Japanese,B,27,2025-03-11
OKI POKE & RAMEN,Manhattan,Hawaiian,A,13,2025-02-20
OKIBORU,Manhattan,Japanese,B,19,2024-05-21
OL'DAYS,Manhattan,Coffee/Tea,C,59,2024-09-03
OLD FASHION CAFE,Manhattan,Italian,A,12,2022-08-24
OLD TBILISI GARDEN,Manhattan,Eastern European,B,15,2023-03-01
OLE & STEEN,Manhattan,Bakery Products/Desserts,A,8,2024-07-08
OLE & STEEN,Manhattan,Scandinavian,A,4,2023-12-18
OLE & STEEN,Manhattan,American,A,13,2026-06-16
OLE & STEEN,Manhattan,American,B,22,2025-06-06
OLE & STEEN,Manhattan,Scandinavian,B,18,2025-07-17
OLIVE GARDEN,Manhattan,Italian,A,13,2026-08-11
OLIVE'S,Manhattan,Sandwiches,C,34,2024-11-13
OLIVIO,Manhattan,Italian,B,20,2025-06-17
OLLIE'S CHINESE RESTAURANT,Manhattan,Chinese,B,23,2024-03-20
OLYMPIA DELI & JUICE,Manhattan,American,A,12,2025-08-07
OMAR'S KITCHEN,Manhattan,Caribbean,B,27,2025-10-07
OMAR'S MEDITERRANEAN CUISINE,Manhattan,Mediterranean,A,12,2025-03-06
OMG SHAWARMA,Manhattan,Mediterranean,B,27,2025-07-21
ON THE ROCKS,Manhattan,American,A,9,2024-07-16
ONCHEON,Manhattan,Korean,C,44,2025-10-08
ONE STAR,Manhattan,American,B,17,2024-08-15
ONE WHITE STREET,Manhattan,New American,A,13,2024-10-24
ONGI,Manhattan,Korean,B,26,2025-11-03
OPHELIA,Manhattan,American,A,12,2024-09-26
ORA'S MARKET,Manhattan,Coffee/Tea,C,35,2024-02-26
ORAI RECORD BAR,Manhattan,Japanese,A,9,2026-03-19
ORAMEN,Manhattan,Japanese,A,2,2023-04-18
ORIENTAL CHINESE FOOD TAKEOUT,Manhattan,Chinese,A,10,2024-04-03
ORIENTAL PALACE,Manhattan,Chinese,B,15,2025-05-20
ORIGINAL RAY'S PIZZA,Manhattan,Pizza,B,20,2025-02-03
ORSAY,Manhattan,French,B,14,2022-12-01
OSLO COFFEE ROASTERS,Manhattan,Coffee/Tea,A,2,2024-04-24
OSLO COFFEE ROASTERS,Manhattan,Coffee/Tea,B,18,2024-08-12
OSTERIA 57,Manhattan,Seafood,A,10,2023-01-15
OSTERIA ACCADEMIA,Manhattan,Italian,A,10,2023-04-26
OSTERIA BAROCCA,Manhattan,Italian,A,13,2025-05-29
OSTERIA CARLINA TRIBECA,Manhattan,Italian,A,12,2025-07-29
OSTERIA DEL PORTO,Manhattan,Italian,B,24,2023-09-18
OSTERIA DELBIANCO,Manhattan,Italian,A,13,2024-07-16
OSTERIA LA BAIA,Manhattan,Italian,A,13,2024-03-28
OSTERIA LA BAIA,Manhattan,Italian,B,26,2025-10-28
OSTERIA SERAFINA,Manhattan,Italian,C,34,2025-04-16
OUR NEW PLACE,Manhattan,Chinese,C,34,2023-08-08
OUT OF ORDINARY,Manhattan,American,A,13,2026-05-14
OVEST PIZZOTECA,Manhattan,Pizza,B,27,2025-01-21
OXFORD CAFE,Manhattan,American,A,4,2023-07-14
OXFORD CAFE,Manhattan,American,A,6,2026-03-10
P & M CLASSIC PIZZA & RESTAURANT,Manhattan,Pizza,A,12,2022-05-05
P & S DELI GROCERY,Manhattan,American,A,13,2024-04-17
P.J. CLARKE'S,Manhattan,American,C,28,2025-01-27
PABADE BAKERY & CAFE,Manhattan,Coffee/Tea,A,12,2025-05-29
PACRIM,Manhattan,Asian/Asian Fusion,B,27,2024-12-18
PAD THAI NOODLE LOUNGE,Manhattan,Thai,A,9,2023-06-07
PAD THAI NOODLE LOUNGE,Manhattan,Thai,C,50,2025-08-13
PADDY REILLY'S MUSIC BAR,Manhattan,Irish,A,2,2023-11-22
PADI D' NYC,Manhattan,Asian/Asian Fusion,B,27,2024-09-17
PAINT 'N POUR NYC,Manhattan,American,A,13,2026-08-13
PAISA PICAPOLLO,Manhattan,Latin American,C,30,2026-06-23
PAISLEY,Manhattan,Indian,A,13,2024-09-19
PALM COURT,Manhattan,American,A,12,2026-02-04
PALM COURT,Manhattan,American,B,18,2026-06-16
PALMA VERDE / TACOS LA BROADWAY / DRAMMA,Manhattan,American,B,27,2026-04-02
PAN D'ORO,Manhattan,Bakery Products/Desserts,B,19,2025-08-19
PANCHO'S ANTOJITOS MEXICANOS,Manhattan,Mexican,C,50,2024-04-12
PANDA BUBBLE TEA,Manhattan,Coffee/Tea,A,12,2025-04-08
PANDA BUBBLE TEA,Manhattan,Coffee/Tea,B,24,2024-10-01
PANDA EXPRESS,Manhattan,Chinese,A,12,2023-05-02
PANDA EXPRESS,Manhattan,Chinese,A,12,2026-09-08
PANDA EXPRESS,Manhattan,Chinese,A,9,2024-11-13
PANDA EXPRESS,Manhattan,Chinese,B,21,2026-08-03
PANDA EXPRESS #2622,Manhattan,Chinese,A,12,2026-06-22
PANERA BREAD #7024,Manhattan,Sandwiches,A,9,2026-08-24
PANERA BREAD #7027,Manhattan,Sandwiches/Salads/Mixed Buffet,A,13,2025-06-18
PANERA BREAD #9330,Manhattan,Soups/Salads/Sandwiches,A,10,2025-09-30
PANINERIA,Manhattan,Sandwiches,A,12,2025-03-20
PANINERIA,Manhattan,Sandwiches,B,19,2024-05-16
PANNA II GARDEN INDIAN RESTAURANT,Manhattan,Indian,C,28,2022-09-29
PAOLA'S OSTERIA,Manhattan,Italian,B,26,2025-08-27
PAOLA'S RESTAURANT,Manhattan,Italian,B,27,2023-11-17
PAPA JOHN'S PIZZA,Manhattan,Pizza,A,12,2025-05-01
PAPA JOHN'S PIZZA,Manhattan,Pizza,A,12,2023-10-23
PAPA JOHN'S PIZZA,Manhattan,Pizza,A,12,2024-04-26
PAPA JOHN'S PIZZA,Manhattan,Pizza,B,16,2025-01-28
PAPPARDELLA,Manhattan,Italian,A,12,2024-12-26
PAQ'S TAKE OUT,Manhattan,Mexican,A,9,2024-03-05
PARADIS IN THE PARK,Manhattan,American,A,10,2025-05-09
PARADISE LOST,Manhattan,American,A,13,2025-02-25
PARAMOUNT BAR,Manhattan,American,A,8,2025-05-01
PARCELLE,Manhattan,New American,A,13,2026-06-23
PARIS BAGUETTE,Manhattan,Bakery Products/Desserts,A,11,2025-12-20
PARIS BAGUETTE,Manhattan,Bakery Products/Desserts,A,13,2025-12-02
PARIS BAGUETTE,Manhattan,Bakery Products/Desserts,A,12,2026-03-26
PARIS BAGUETTE,Manhattan,Bakery Products/Desserts,A,9,2024-11-01
PARIS BAGUETTE,Manhattan,Bakery Products/Desserts,B,17,2025-12-04
PARIS BAGUETTE,Manhattan,Sandwiches,B,27,2024-12-26
PARIS BAGUETTE,Manhattan,Bakery Products/Desserts,B,26,2026-02-10
PARIS BAGUETTE,Manhattan,American,B,23,2024-09-05
PARIS BAGUETTE,Manhattan,Bakery Products/Desserts,B,19,2026-04-03
PARK AT KIMS,Manhattan,Coffee/Tea,C,36,2026-05-18
PARK BAR,Manhattan,American,A,12,2023-04-30
PARK HYATT NEW YORK,Manhattan,American,A,12,2025-08-13
PARKER & QUINN,Manhattan,American,A,6,2023-04-24
PARLAY CAFE,Manhattan,Middle Eastern,A,12,2024-05-08
PARM RESTAURANT,Manhattan,Italian,B,14,2022-11-22
PAROS,Manhattan,Greek,A,10,2025-07-14
PARTYBUS BAKESHOP,Manhattan,Bakery Products/Desserts,A,12,2025-08-07
PARTYBUS BAKESHOP,Manhattan,Bakery Products/Desserts,A,9,2026-08-20
PASTA DE PASTA,Manhattan,Italian,B,21,2025-09-10
PASTA EATER,Manhattan,Italian,A,12,2025-04-17
PASTA EATER,Manhattan,Italian,B,25,2024-08-26
PASTA EATER N GO,Manhattan,Italian,A,13,2026-09-15
PASTA LOVERS TRATTORIA,Manhattan,Italian,A,13,2025-08-13
PASTEUR GRILL & NOODLES,Manhattan,Southeast Asian,C,36,2024-03-15
PASTIS,Manhattan,French,A,7,2026-08-27
PASTIS,Manhattan,French,A,11,2025-04-16
PATACON PISAO,Manhattan,Latin American,B,22,2024-04-16
PATE PALO,Manhattan,Latin American,A,10,2026-08-26
PATENT COFFEE,Manhattan,American,B,16,2022-12-01
PATENT COFFEE,Manhattan,American,B,26,2025-08-07
PATIALA GRILL,Manhattan,Indian,A,13,2025-01-08
PATISSERIE VANESSA,Manhattan,Bakery Products/Desserts,A,9,2024-02-06
PATOK BY RACH,Manhattan,Filipino,A,13,2025-01-29
PATRICK'S ON THE HILL,Manhattan,Caribbean,B,18,2026-03-12
PATRON MEXICAN GRILL,Manhattan,Mexican,A,11,2025-02-27
PATSY'S PIZZERIA,Manhattan,Italian,A,9,2026-05-11
PATSY'S PIZZERIA,Manhattan,Pizza,B,18,2023-09-19
PATZERIA'S PERFECT PIZZA,Manhattan,Pizza,B,22,2026-05-27
PAUL'S ON TIMES SQUARE (HILTON GARDEN INN),Manhattan,American,B,27,2025-11-24
PAUSE CAFE,Manhattan,Middle Eastern,B,20,2024-12-17
PAZZA NOTTE,Manhattan,Italian,A,11,2024-04-16
PEACEFOOD,Manhattan,Vegan,B,23,2024-08-22
PEACEFOOD,Manhattan,Vegan,B,26,2023-11-15
PEAK WITH PRICELESS,Manhattan,American,B,20,2023-09-12
PEARL DINER,Manhattan,American,A,12,2023-08-22
PEARL STREET HAMPTON INN,Manhattan,Continental,A,9,2025-06-09
PEASANT,Manhattan,Italian,A,9,2024-02-15
PECKING HOUSE,Manhattan,Chicken,A,9,2026-05-06
PEE DEE STEAK HOUSE,Manhattan,American,B,24,2026-07-21
PEE DEE STEAK HOUSE,Manhattan,American,C,30,2025-08-05
PEE DEE STEAK HOUSE II,Manhattan,Steakhouse,A,4,2024-01-22
PEKING DUCK HOUSE,Manhattan,Chinese,B,23,2025-04-14
PEKING DUCK HOUSE,Manhattan,Chinese,B,27,2026-04-14
PEKING DUCK HOUSE,Manhattan,Chinese,B,27,2024-03-27
PELICANA CHICKEN,Manhattan,Chicken,A,9,2023-10-30
PENG'S NOODLE FOLK,Manhattan,Japanese,A,12,2024-05-30
PENN CAFE & EATERY,Manhattan,American,A,10,2022-04-04
PENN SUSHI,Manhattan,Japanese,C,33,2025-09-05
PENNY,Manhattan,Seafood,A,13,2024-03-29
PENNY JO'S,Manhattan,Sandwiches/Salads/Mixed Buffet,A,13,2026-03-05
PENNY JO'S,Manhattan,Sandwiches/Salads/Mixed Buffet,A,9,2023-05-25
PEPE GIALLO,Manhattan,Italian,A,8,2026-09-10
PEPE ROSSO TO GO,Manhattan,Italian,C,50,2024-08-12
PEPOLINO,Manhattan,Italian,A,11,2022-09-20
PEPPA'S JERK CHICKEN,Manhattan,Soul Food,A,13,2023-08-17
PERA MEDITERRANEAN BRASSERIE,Manhattan,Mediterranean,A,12,2026-01-15
PERIYALI,Manhattan,Greek,A,7,2024-04-29
PERLA NEGRA BAR,Manhattan,Spanish,A,13,2024-10-22
PERSEPOLIS,Manhattan,Mediterranean,A,6,2025-03-11
PERSEPOLIS,Manhattan,Mediterranean,C,37,2024-03-11
PERSHING SQUARE CAFE,Manhattan,American,B,17,2025-01-29
PESCE LULU,Manhattan,Seafood,A,9,2023-07-13
PETE'S TAVERN,Manhattan,American,A,2,2024-09-29
PETEE'S PIE COMPANY,Manhattan,American,A,12,2023-06-12
PETER MCMANUS CAFE,Manhattan,Irish,A,12,2024-05-21
PETER MCMANUS CAFE,Manhattan,Irish,A,5,2026-04-22
PETIT CHOU,Manhattan,Bakery Products/Desserts,A,12,2025-11-21
PETIT CHOU,Manhattan,Bakery Products/Desserts,C,41,2023-08-22
PETITE DUMPLING,Manhattan,Chinese,A,12,2025-12-11
PETITE MAMAN,Manhattan,Coffee/Tea,A,10,2026-03-23
PETITE MAMAN,Manhattan,French,A,13,2025-10-15
PETITE MAMAN,Manhattan,Sandwiches,A,13,2024-10-30
PETITE MAMAN,Manhattan,Coffee/Tea,A,3,2023-04-18
PHD TERRACE,Manhattan,New American,A,9,2025-12-17
PHD TERRACE,Manhattan,New American,A,9,2023-02-23
PHEBE'S,Manhattan,American,A,11,2025-12-29
PHILIPPE BY PHILIPPE CHOW,Manhattan,Chinese,A,13,2025-01-15
PHILIPPE BY PHILIPPE CHOW,Manhattan,Chinese,B,25,2023-05-03
PHO AVENUE,Manhattan,Asian/Asian Fusion,B,23,2025-07-10
PHO GA VANG,Manhattan,Southeast Asian,A,12,2026-06-16
PHO GA VANG,Manhattan,Southeast Asian,C,2,2026-03-06
PHO GRAND,Manhattan,Southeast Asian,C,44,2024-11-14
PHOSHIME,Manhattan,Asian/Asian Fusion,B,17,2024-11-14
PHYSICAL GRAFFITEA,Manhattan,Coffee/Tea,A,3,2024-05-09
PI GREEK BAKERIE,Manhattan,Greek,C,57,2023-10-19
PI GREEK BAKERIE,Manhattan,Greek,C,30,2024-08-20
PIACERE,Manhattan,Italian,A,12,2026-08-18
PIANOS,Manhattan,American,A,7,2025-08-19
PIC UP STIX,Manhattan,Asian/Asian Fusion,A,9,2025-09-23
PICCOLA CUCINA OSTERIA,Manhattan,Italian,A,13,2024-10-08
PICCOLA CUCINA OSTERIA,Manhattan,Italian,A,13,2025-12-04
PICCOLA STRADA,Manhattan,Italian,A,11,2024-03-14
PICCOLA STRADA,Manhattan,Italian,A,8,2025-05-06
PICCOLO CAFE,Manhattan,Italian,A,13,2020-01-24
PICCOLO CAFE,Manhattan,Italian,C,38,2017-10-13
PICK-A-BAGEL,Manhattan,American,B,26,2025-11-07
PICKY BARISTA,Manhattan,Coffee/Tea,B,20,2024-09-05
PIER I CAFE,Manhattan,American,A,10,2022-04-22
PIG 'N' WHISTLE,Manhattan,Irish,A,13,2023-02-08
PIG 'N' WHISTLE,Manhattan,Irish,C,36,2024-03-14
PILA DE BOBA,Manhattan,American,C,33,2023-05-01
PINK TACO,Manhattan,Mexican,A,8,2025-10-21
PINK TACO,Manhattan,Mexican,C,60,2025-01-09
PINKBERRY,Manhattan,Frozen Desserts,A,13,2024-04-17
PINKBERRY,Manhattan,Frozen Desserts,A,5,2026-08-26
PINKBERRY,Manhattan,Frozen Desserts,A,9,2024-05-15
PINKBERRY,Manhattan,Frozen Desserts,A,13,2024-05-01
PINKBERRY,Manhattan,Frozen Desserts,A,12,2024-12-19
PINKS CANTINA,Manhattan,Mexican,A,11,2024-10-29
PINNACLE BAGELS ON THE SQUARE,Manhattan,Bagels/Pretzels,A,13,2026-06-25
PIO BAGEL,Manhattan,American,A,12,2025-07-02
PIO PIO,Manhattan,Peruvian,A,9,2023-03-07
PIO PIO EXPRESS,Manhattan,Peruvian,A,12,2023-04-06
PIPO'S,Manhattan,Mexican,A,11,2023-12-21
PIPO'S,Manhattan,Mexican,C,35,2022-09-27
PIZZA COLLECTIVE,Manhattan,Pizza,C,39,2024-03-21
PIZZA DAA ROMA,Manhattan,American,A,12,2026-07-01
PIZZA ETALIA,Manhattan,Pizza,B,24,2024-11-25
PIZZA EXPRESS,Manhattan,Pizza,A,12,2026-01-21
PIZZA FOTO,Manhattan,Pizza,B,25,2024-06-18
PIZZA HAVEN,Manhattan,Pizza,B,27,2026-01-13
PIZZA HAVEN,Manhattan,Pizza,B,27,2024-12-10
PIZZA LOVES SAUCE,Manhattan,Pizza,A,10,2025-08-07
PIZZA PARK,Manhattan,Pizza,B,23,2024-09-25
PIZZA PLUS,Manhattan,Pizza,B,19,2024-08-27
PIZZA SHACK,Manhattan,Pizza,C,52,2026-07-09
PIZZA SHACK,Manhattan,Pizza,C,72,2024-08-14
PIZZA SPOT HELLS KITCHEN,Manhattan,Pizza,C,45,2025-04-03
PIZZA TOWN,Manhattan,Pizza,C,58,2024-11-14
PIZZARTE,Manhattan,Italian,B,17,2024-12-19
PLANET ROSE,Manhattan,American,A,13,2025-10-29
PLANET TACO,Manhattan,Mexican,B,26,2025-09-15
PLANET TACO,Manhattan,Mexican,C,30,2024-10-29
PLANTA QUEEN,Manhattan,Vegan,A,13,2026-08-10
PLANTSHED,Manhattan,Coffee/Tea,A,9,2025-09-03
PLATE OF CAKE,Manhattan,American,B,16,2026-04-13
PLAYA BETTY'S / WEST SIDE COMEDY CLUB,Manhattan,Mexican,A,0,2025-01-27
PLAYA BOWLS,Manhattan,Jewish/Kosher,A,7,2026-05-14
PLAYA BOWLS,Manhattan,"Juice, Smoothies, Fruit Salads",A,10,2025-02-26
PLAYA BOWLS,Manhattan,"Juice, Smoothies, Fruit Salads",A,11,2023-06-23
PLAYA BOWLS,Manhattan,Frozen Desserts,A,9,2023-11-16
PLAYA BOWLS,Manhattan,"Juice, Smoothies, Fruit Salads",A,12,2025-05-14
PLAYA BOWLS,Manhattan,"Juice, Smoothies, Fruit Salads",A,13,2024-02-27
PLAYA BOWLS,Manhattan,"Juice, Smoothies, Fruit Salads",A,10,2024-07-17
PLAYA BOWLS,Manhattan,Frozen Desserts,B,23,2025-04-25
PLAYA BOWLS,Manhattan,"Juice, Smoothies, Fruit Salads",B,17,2024-05-08
PLAYA BOWLS,Manhattan,"Juice, Smoothies, Fruit Salads",C,38,2024-11-27
PLAYA BOWLS,Manhattan,Jewish/Kosher,C,36,2024-03-13
PLAYWRIGHT CELTIC PUB,Manhattan,Irish,A,13,2025-09-11
PLAYWRIGHTS HORIZONS,Manhattan,American,A,5,2017-09-13
PLOO,Manhattan,Mexican,B,23,2024-03-20
PLOWSHARES COFFEE ROASTERS,Manhattan,Coffee/Tea,B,27,2025-08-29
PLUG & UGLIES,Manhattan,American,B,19,2025-01-28
PLUM,Manhattan,Southeast Asian,A,12,2023-09-27
PLUM,Manhattan,Southeast Asian,A,9,2025-03-03
POCHA 32,Manhattan,Korean,B,18,2022-09-20
POCKET BAR 57,Manhattan,American,A,8,2026-09-15
POINT SEVEN,Manhattan,Seafood,A,8,2026-03-25
POKE,Manhattan,Japanese,A,12,2022-11-17
POKE BOWL,Manhattan,Hawaiian,A,10,2024-10-09
POKE BOWL,Manhattan,Japanese,A,13,2024-09-24
POKE BOWL,Manhattan,Hawaiian,A,9,2023-11-14
POKE BOWL,Manhattan,Hawaiian,A,9,2025-08-07
POKE BOWL,Manhattan,Hawaiian,A,13,2025-02-24
POKE RICE,Manhattan,Hawaiian,A,10,2024-03-27
POKEWORKS,Manhattan,Hawaiian,A,9,2025-05-20
POKEWORKS,Manhattan,Hawaiian,B,23,2023-02-24
POLANCO,Manhattan,Jewish/Kosher,B,21,2025-09-04
POLANCO,Manhattan,Jewish/Kosher,C,33,2024-11-20
POLANCO,Manhattan,Jewish/Kosher,C,29,2022-12-20
POMME PALAIS,Manhattan,French,A,9,2025-09-09
POMMES FRITES,Manhattan,American,A,12,2026-06-01
POMODORO ROSSO,Manhattan,Italian,A,11,2026-01-06
PONCHE TAQUERIA,Manhattan,Mexican,B,21,2026-04-27
PONTY BISTRO,Manhattan,French,C,73,2024-07-03
POPEYES,Manhattan,Chicken,A,2,2022-10-20
POPEYES,Manhattan,Chicken,A,13,2023-06-13
POPEYES,Manhattan,Chicken,A,10,2022-12-13
POPEYES,Manhattan,Chicken,A,13,2025-07-23
POPEYES,Manhattan,Chicken,A,13,2026-08-24
POPEYES,Manhattan,Chicken,A,10,2025-08-27
POPEYES,Manhattan,Chicken,A,9,2024-03-21
POPEYES,Manhattan,Chicken,A,12,2023-12-11
POPEYES,Manhattan,Chicken,A,13,2023-04-20
POPEYES,Manhattan,Chicken,A,9,2025-02-18
POPEYES,Manhattan,Chicken,A,4,2023-11-22
POPEYES,Manhattan,Chicken,B,20,2026-01-05
POPEYES,Manhattan,Chicken,B,19,2024-12-09
POPEYES,Manhattan,Chicken,B,24,2024-03-27
POPEYES LOUISIANA KITCHEN,Manhattan,Chicken,A,12,2026-03-31
POPEYES LOUISIANA KITCHEN,Manhattan,Chicken,A,13,2025-04-09
POPEYES LOUISIANA KITCHEN,Manhattan,Chicken,A,7,2023-10-11
POPEYES LOUISIANA KITCHEN,Manhattan,Chicken,A,13,2024-11-06
POPPY,Manhattan,New American,A,13,2026-04-22
POPS PIZZA,Manhattan,Pizza,A,12,2026-05-05
POPUP BAGELS,Manhattan,Bagels/Pretzels,A,8,2026-03-19
POPUP BAGELS,Manhattan,Bagels/Pretzels,A,2,2025-12-05
PORT SA'ID,Manhattan,Middle Eastern,B,15,2025-08-19
PORTALE,Manhattan,Italian,A,13,2022-11-21
POSH POP BAKE SHOP,Manhattan,Bakery Products/Desserts,A,11,2025-06-17
POST,Manhattan,American,C,30,2025-08-22
POTBELLY,Manhattan,Sandwiches/Salads/Mixed Buffet,A,8,2024-06-11
POTBELLY,Manhattan,Sandwiches,A,7,2024-07-03
POTBELLY,Manhattan,Sandwiches,B,20,2024-08-21
POTBELLY SANDWICH SHOP,Manhattan,Sandwiches,A,12,2026-05-11
PRAWNAHOLIC,Manhattan,Asian/Asian Fusion,C,30,2024-11-20
PRESS ROOM,Manhattan,American,A,0,2023-04-29
PRESSED,Manhattan,"Juice, Smoothies, Fruit Salads",A,10,2023-10-27
PRESTO FRESH CAFE,Manhattan,Spanish,A,13,2025-10-14
PRET A MANGER,Manhattan,American,A,7,2025-08-01
PRET A MANGER,Manhattan,Sandwiches/Salads/Mixed Buffet,A,10,2024-08-13
PRET A MANGER,Manhattan,Coffee/Tea,A,7,2024-05-14
PRET A MANGER,Manhattan,American,A,12,2024-03-13
PRET A MANGER,Manhattan,American,A,12,2024-05-16
PRET A MANGER,Manhattan,Sandwiches/Salads/Mixed Buffet,A,9,2025-04-23
PRET A MANGER,Manhattan,Other,A,13,2024-08-13
PRET A MANGER,Manhattan,Sandwiches,A,4,2024-03-26
PRET A MANGER,Manhattan,Sandwiches/Salads/Mixed Buffet,A,2,2024-02-29
PRET A MANGER,Manhattan,Soups/Salads/Sandwiches,A,13,2025-09-30
PRET A MANGER,Manhattan,Soups/Salads/Sandwiches,A,11,2024-06-11
PRET A MANGER,Manhattan,Soups/Salads/Sandwiches,A,13,2025-12-30
PRET A MANGER,Manhattan,Sandwiches/Salads/Mixed Buffet,A,10,2026-07-08
PRET A MANGER,Manhattan,Soups/Salads/Sandwiches,B,23,2025-07-17
PRET A MANGER,Manhattan,Sandwiches/Salads/Mixed Buffet,C,30,2024-05-21
PRET A MANGER (located at 32th & 7th adjacent to Zaro's Bakery),Manhattan,American,A,3,2024-12-19
PREVITI PASTA & PIZZA,Manhattan,Pizza,A,13,2025-12-30
PRICE WATERHOUSE CAFETERIA,Manhattan,American,A,13,2025-12-23
PRICE WATERHOUSE CAFETERIA,Manhattan,American,A,7,2024-07-19
PRIMO CAPPUCCINO,Manhattan,Sandwiches/Salads/Mixed Buffet,A,13,2025-04-04
PRINCE TEA HOUSE,Manhattan,Coffee/Tea,B,24,2024-08-26
PRING,Manhattan,Japanese,B,18,2024-06-05
PRINTERS ALLEY,Manhattan,American,A,10,2024-11-29
PRONTO PIZZA,Manhattan,Pizza,A,7,2024-10-24
PROOF COFFEE ROASTER,Manhattan,Coffee/Tea,A,9,2023-03-28
PROOF COFFEE ROASTERS,Manhattan,Coffee/Tea,A,10,2024-08-22
PROOF COFFEE ROASTERS,Manhattan,Coffee/Tea,B,27,2023-08-31
PROPER FOOD,Manhattan,American,A,9,2024-07-17
PROSCIUTTO,Manhattan,Italian,A,13,2026-07-20
PROVA PIZZA BAR,Manhattan,Pizza,B,25,2026-03-11
PS KITCHEN,Manhattan,American,A,10,2025-12-18
PUBLIC KITCHEN / LOUIS / TWO FIFTEEN / LOBBY BAR,Manhattan,New American,A,11,2026-05-21
PULLEY COFFEE BAR,Manhattan,Coffee/Tea,B,20,2025-07-23
PULLEY COFFEE BAR,Manhattan,Coffee/Tea,C,29,2025-02-06
PUNTO DE SABOR,Manhattan,Latin American,C,33,2023-01-03
PURA VIDA MIAMI,Manhattan,Californian,A,9,2025-12-23
PURA VIDA MIAMI,Manhattan,Californian,A,12,2025-10-15
PURPLE WAVES,Manhattan,American,C,34,2026-02-06
PUYA,Manhattan,Mexican,B,27,2025-08-14
PYLOS,Manhattan,Greek,A,13,2025-11-25
Perista Cafe,Manhattan,Coffee/Tea,A,13,2024-11-21
Popeyes Louisiana Kitchen,Manhattan,Chicken,B,18,2025-01-21
Q MARQET,Manhattan,American,B,23,2024-04-02
Q MARQET,Manhattan,American,C,65,2026-05-06
QAHWAH HOUSE,Manhattan,Middle Eastern,A,13,2026-04-03
QAHWAH HOUSE,Manhattan,Middle Eastern,B,24,2025-09-09
QAHWAH HOUSE,Manhattan,Middle Eastern,C,28,2025-02-21
QAHWAH HOUSE,Manhattan,Coffee/Tea,C,48,2024-12-02
QAHWAH VALLEY,Manhattan,Coffee/Tea,A,10,2025-07-10
QAMARIA YEMENI COFFEE CO.,Manhattan,Coffee/Tea,C,28,2025-09-08
QUAD CINEMA / QUAD BAR,Manhattan,American,A,11,2023-11-16
QUALITY BISTRO,Manhattan,French,A,13,2026-03-30
QUALITY MEATS,Manhattan,Steakhouse,A,13,2024-07-08
QUEEN BAKERY II,Manhattan,Chinese,A,12,2024-03-15
QUEENSYARD,Manhattan,New American,B,26,2024-05-13
QUESADILLAS DONA MATY,Manhattan,Mexican,B,23,2023-10-05
QUESADILLAS DONA MATY,Manhattan,Mexican,B,22,2026-08-24
QUESADILLAS DONA MATY,Manhattan,Mexican,C,36,2025-09-03
RABBIT,Manhattan,Vegetarian,A,12,2023-02-04
RACQUET & TENNIS CLUB,Manhattan,American,A,10,2024-09-12
RADIO CITY MUSIC HALL,Manhattan,American,A,2,2018-11-09
RADIO CITY MUSIC HALL,Manhattan,American,A,0,2016-06-15
RADIO CITY MUSIC HALL,Manhattan,American,A,2,2016-06-15
RADIO NUBLU,Manhattan,American,A,13,2023-01-08
RAF'S,Manhattan,New French,C,29,2026-02-12
RAI RAI KEN,Manhattan,Japanese,A,10,2026-04-15
RAINBOW ROOM,Manhattan,American,B,15,2024-12-19
RAKKA,Manhattan,Middle Eastern,A,10,2024-02-28
RAKKA,Manhattan,Middle Eastern,A,5,2025-08-14
RAKU,Manhattan,Asian/Asian Fusion,A,11,2025-09-25
RAKU,Manhattan,Asian/Asian Fusion,A,13,2024-04-09
RAKU IT'S JAPANESE,Manhattan,Japanese,B,15,2023-10-16
RAKU IT'S JAPANESE,Manhattan,Japanese,C,39,2026-01-06
RAKU JAPANESE,Manhattan,Japanese,A,0,2022-08-09
RALPH'S COFFEE,Manhattan,Coffee/Tea,A,13,2023-06-01
RALPH'S ITALIAN ICES,Manhattan,Frozen Desserts,A,12,2024-06-26
RALPH'S ITALIAN ICES,Manhattan,Frozen Desserts,B,23,2026-07-29
RAMEN DANBO,Manhattan,Japanese,B,24,2025-12-18
RAMEN DANBO,Manhattan,Japanese,C,15,2024-04-20
RAMEN ISHIDA,Manhattan,Japanese,A,10,2023-09-19
RAMEN KU-RAKU,Manhattan,Japanese,A,7,2023-09-28
RAMERINO PRIME ITALIAN RESTAURANT,Manhattan,Italian,A,13,2026-08-11
RAMPOLDI / ATLANTIC GRILL,Manhattan,Mediterranean,A,12,2026-09-02
RANCHO TEQUILERIA,Manhattan,Mexican,A,12,2024-11-20
RANO'S CHICKEN BURGERS,Manhattan,Chicken,B,25,2026-07-20
RAON NYC,Manhattan,Korean,A,9,2025-12-03
RASA,Manhattan,Southeast Asian,A,11,2024-06-17
RAVAGH PERSIAN GRILL,Manhattan,Iranian,A,13,2025-09-18
RAVEN PUB,Manhattan,American,B,21,2024-07-09
RAWMANTIC CHOCOLATE,Manhattan,Coffee/Tea,A,11,2025-02-18
RAY'S CANDY STORE,Manhattan,American,A,11,2024-04-16
RAY'S CANDY STORE,Manhattan,American,C,43,2026-07-01
RAY'S PIZZA BAGEL CAFE,Manhattan,Pizza,A,12,2024-04-03
RAY'S PIZZA BAGEL CAFE,Manhattan,Pizza,B,22,2026-06-16
READING ROOM,Manhattan,American,B,15,2023-08-18
READY TO EAT,Manhattan,American,B,20,2024-12-19
REBAR,Manhattan,American,A,10,2024-12-11
RECEPTION BAR,Manhattan,Korean,A,13,2023-11-14
RED EYE GRILL,Manhattan,American,A,7,2024-04-24
RED FARM / DECOY,Manhattan,Chinese,B,21,2019-10-03
RED FARM / DECOY,Manhattan,Chinese,B,26,2018-09-26
RED FLAME DINER,Manhattan,American,A,12,2025-01-13
RED HOUSE,Manhattan,Chinese,B,16,2026-03-05
RED KUP,Manhattan,Coffee/Tea,A,4,2023-10-11
RED KUP,Manhattan,Coffee/Tea,A,9,2025-07-22
RED MANGO,Manhattan,Frozen Desserts,A,12,2024-04-22
RED ROOSTER HARLEM / GINNY'S SUPPER CLUB,Manhattan,American,A,13,2026-08-18
REFRIED BEANS,Manhattan,Mexican,A,13,2023-04-13
REGAL CINEMAS,Manhattan,American,A,13,2024-07-30
REGENCY WHIST CLUB,Manhattan,American,B,23,2023-05-09
REGENCY WHIST CLUB,Manhattan,American,B,21,2025-05-20
REGINA'S MULBERRY,Manhattan,Sandwiches,B,25,2023-11-27
REIF'S TAVERN,Manhattan,American,A,9,2026-02-25
REIF'S TAVERN,Manhattan,American,B,19,2023-10-03
REMEDY DINER,Manhattan,American,B,19,2023-11-09
REMEDY DINER,Manhattan,American,C,45,2025-07-11
REMI FLOWER & COFFEE,Manhattan,Coffee/Tea,A,12,2026-01-30
REMI FLOWER & COFFEE,Manhattan,Coffee/Tea,C,53,2025-08-21
REMI43 FLOWER & COFFEE,Manhattan,Coffee/Tea,A,11,2023-11-15
RENAISSANCE HARLEM,Manhattan,American,B,26,2025-02-20
RENAISSANCE HARLEM,Manhattan,American,C,34,2023-01-12
RESIDENCE INN WORLD TRADE CENTER,Manhattan,American,B,18,2025-11-20
RESTAURANT ASSOCIATES / CITADEL,Manhattan,American,A,6,2023-10-27
RESTAURANTE ECUATORIANO GENESIS,Manhattan,Latin American,B,22,2026-08-13
RESTAURANTE ECUATORIANO GENESIS,Manhattan,Latin American,B,18,2024-11-27
RESTAURANTE LA ROSA,Manhattan,Mexican,C,33,2025-03-26
RETRO FITNESS,Manhattan,"Juice, Smoothies, Fruit Salads",A,10,2023-06-02
REVLON BAR - BELMONT ROOM @ METROPOLITAN OPERA,Manhattan,American,A,2,2017-02-01
REX,Manhattan,Coffee/Tea,C,39,2023-06-16
RHYTHM ZERO,Manhattan,Coffee/Tea,C,38,2025-09-09
RIBALTA,Manhattan,Italian,A,11,2024-03-12
RICE BIRD,Manhattan,Chinese,A,12,2023-09-21
RICE BIRD,Manhattan,Chinese,B,18,2025-07-17
RICE KITCHEN,Manhattan,Asian/Asian Fusion,B,17,2025-12-02
RICE KITCHEN,Manhattan,Asian/Asian Fusion,B,27,2024-12-17
RICE X BEANS,Manhattan,Brazilian,A,2,2023-04-05
RICH AROMA,Manhattan,Chinese,B,21,2026-04-15
RICK'S CAFE,Manhattan,American,A,6,2025-06-12
RICO BAGEL,Manhattan,Bagels/Pretzels,A,13,2025-04-04
RINCONCITO SERIE 56 RESTAURANT,Manhattan,Spanish,B,22,2025-07-07
RIO JAYA RESTAURANT,Manhattan,Latin American,A,7,2026-03-19
RISTORANTE SETTEPANI,Manhattan,Italian,C,63,2025-06-23
RITENOW,Manhattan,American,A,12,2025-04-17
RITZ DINER,Manhattan,American,B,27,2025-07-01
RITZ DINER,Manhattan,American,C,42,2025-01-27
RITZ DINER,Manhattan,American,C,42,2023-09-07
RIVER THAI & BEYOND,Manhattan,Thai,B,19,2024-02-29
RIVER THAI & BEYOND,Manhattan,Thai,C,28,2025-11-05
RIVOLI PIZZA II,Manhattan,Pizza,A,12,2023-02-28
ROASTING PLANT COFFEE,Manhattan,Coffee/Tea,A,10,2025-02-03
ROASTING PLANT COFFEE,Manhattan,Coffee/Tea,B,18,2023-09-20
ROASTING PLANT COFFEE,Manhattan,Coffee/Tea,B,25,2026-04-02
ROBUSTA ESPRESSO BAR,Manhattan,Coffee/Tea,B,26,2026-06-23
ROCCO'S PIZZA,Manhattan,Pizza,A,12,2024-06-05
ROCKMEISHA,Manhattan,Japanese,A,11,2025-06-12
ROKSTAR CHICKEN,Manhattan,Chicken,A,8,2024-07-25
ROMA PIZZA,Manhattan,Pizza,A,7,2026-02-04
ROMANO PIZZA,Manhattan,Pizza,A,12,2023-03-28
ROMEO & JULIET COFFEE HOUSE,Manhattan,Coffee/Tea,B,27,2024-09-09
ROMEO & JULIET COFFEE HOUSE,Manhattan,Coffee/Tea,B,22,2026-01-07
ROMEO'S,Manhattan,American,A,11,2024-09-25
ROMER'S HELL'S KITCHEN HOTEL,Manhattan,American,A,10,2024-09-09
ROMER'S HELL'S KITCHEN HOTEL,Manhattan,American,A,13,2023-03-21
RON BEN-ISRAEL CAKES,Manhattan,Bakery Products/Desserts,A,7,2024-07-19
RONG HANG RESTAURANT,Manhattan,Chinese,B,27,2023-01-03
ROOFTOP,Manhattan,Italian,A,9,2026-08-18
ROSA MEXICANO,Manhattan,Mexican,B,14,2024-04-16
ROSA'S PIZZA,Manhattan,Pizza,A,12,2024-12-04
ROSE BAKERY,Manhattan,French,A,13,2024-02-20
ROSE LANE,Manhattan,American,A,13,2024-12-10
ROSE LANE,Manhattan,American,A,9,2023-06-20
ROSELLA,Manhattan,Japanese,A,13,2025-12-23
ROSELLA'S PIZZERIA,Manhattan,Pizza,B,18,2023-01-06
ROSELLA'S PIZZERIA,Manhattan,Pizza,B,24,2023-08-29
ROSEMARY'S,Manhattan,Italian,B,23,2025-07-17
ROSEMARY'S,Manhattan,Italian,B,26,2023-03-20
ROSETTA BAKERY,Manhattan,Bakery Products/Desserts,A,10,2026-01-06
ROSETTA BAKERY,Manhattan,Bakery Products/Desserts,B,26,2023-02-10
ROSIE DUNN,Manhattan,Irish,B,26,2024-03-20
ROSSINI'S,Manhattan,Italian,A,13,2024-12-26
ROSSO BAR,Manhattan,Tapas,A,12,2025-03-26
ROSSY'S BAKERY & COFFEE SHOP,Manhattan,Spanish,A,11,2023-11-29
ROSSY'S BAKERY & COFFEE SHOP,Manhattan,Spanish,A,12,2024-04-24
ROTISS,Manhattan,Chicken,A,10,2023-08-29
ROUTE 66 AMERICAN BBQ,Manhattan,American,C,33,2024-02-15
ROUTE 66 AMERICAN BBQ,Manhattan,American,C,44,2025-08-14
ROW HOUSE,Manhattan,American,B,21,2023-08-16
ROWDY ROOSTER,Manhattan,Indian,C,41,2024-02-15
ROWE STUDIOS LOUNGE,Manhattan,Nuts/Confectionary,A,10,2020-02-13
ROXY DELICATESSAN,Manhattan,American,C,30,2025-05-05
ROYAL NAPOLI PIZZA,Manhattan,Pizza,B,25,2024-07-25
ROYAL SEAFOOD CAFE,Manhattan,Chinese,A,9,2026-04-30
ROYAL SEAFOOD CAFE,Manhattan,Chinese,A,13,2024-11-18
ROYALE,Manhattan,American,A,12,2022-07-26
ROYALE,Manhattan,American,B,24,2025-07-08
RPM UNDERGROUND,Manhattan,American,B,25,2026-04-01
RUBIROSA,Manhattan,Pizza,B,22,2025-02-20
RUBY'S CAFE,Manhattan,Australian,A,12,2025-04-10
RUBY'S CAFE,Manhattan,Australian,A,12,2026-09-03
RUDRAKS FINE INDIAN CUISINE,Manhattan,Indian,B,26,2026-02-11
RUDY'S BAR & GRILL,Manhattan,American,A,13,2023-01-31
RUFFIAN WINE BAR,Manhattan,Continental,A,2,2022-07-26
RUMOURS,Manhattan,American,A,7,2023-12-14
RUSSIAN SAMOVAR,Manhattan,Russian,B,27,2025-05-07
RUSSIAN VODKA ROOM,Manhattan,Russian,A,8,2023-06-12
RUSTY'S FLAVOR,Manhattan,Caribbean,B,27,2024-12-16
RYAN MAGUIRE'S,Manhattan,Irish,A,9,2026-08-20
RYAN MAGUIRE'S,Manhattan,Irish,A,10,2024-06-25
RYAN'S DAUGHTER CAFE,Manhattan,Irish,A,12,2022-10-13
Red Poke,Manhattan,Other,A,10,2026-04-13
S & P LUNCH,Manhattan,Sandwiches/Salads/Mixed Buffet,A,12,2026-06-08
S & P LUNCH,Manhattan,Sandwiches/Salads/Mixed Buffet,B,27,2025-01-27
S. WAN CAFE,Manhattan,Chinese,A,12,2026-02-10
SAAR,Manhattan,Indian,B,17,2025-07-23
SABLE'S,Manhattan,American,A,11,2024-06-10
SABOR TROPICAL,Manhattan,Latin American,B,25,2026-01-15
SACCO PIZZA,Manhattan,Pizza,A,10,2025-11-17
SACHI ASIAN BISTRO I,Manhattan,Chinese,A,13,2026-02-19
SAGAPONACK,Manhattan,Seafood,A,11,2024-11-12
SAHARA EAST,Manhattan,Middle Eastern,A,10,2023-10-03
SAHARA'S TURKISH CUISINE,Manhattan,Turkish,B,24,2025-01-02
SAHIB,Manhattan,Indian,C,28,2023-10-10
SAHOLA COFFEE SHOP,Manhattan,Coffee/Tea,A,3,2026-02-11
SAIGON SHACK,Manhattan,Southeast Asian,A,12,2024-07-30
SAIGON SHACK,Manhattan,Southeast Asian,A,12,2025-11-24
SAIGON SHACK,Manhattan,Southeast Asian,B,23,2023-02-13
SAIGON SOCIAL,Manhattan,Southeast Asian,A,7,2024-03-16
SAIGUETTE,Manhattan,Southeast Asian,A,13,2025-02-11
SAINT AMBROEUS CAFE AT SOTHEBY'S,Manhattan,American,A,5,2022-12-01
SAINT RESTO-LOUNGE,Manhattan,American,A,9,2025-12-11
SAINT THEO'S,Manhattan,Italian,A,8,2025-12-29
SAINT URBAN,Manhattan,French,A,8,2026-03-31
"SAKAGURA, KIOSK",Manhattan,Japanese,B,24,2023-01-31
SAKE BAR HAGI,Manhattan,Japanese,A,12,2026-05-21
SAL & CARMINE PIZZA,Manhattan,Pizza,A,7,2025-06-04
SALA THAI,Manhattan,Thai,B,18,2023-09-13
SALAD DON,Manhattan,Salads,C,28,2025-09-24
SALENTO COLOMBIAN CAFE & RESTAURANT,Manhattan,Bakery Products/Desserts,C,0,2023-08-29
SALINAS,Manhattan,Spanish,A,2,2023-06-03
SALLY'S BAR,Manhattan,American,B,15,2023-01-12
SALMA,Manhattan,Lebanese,A,12,2025-03-05
SALT & PEPPER GOURMET,Manhattan,American,B,27,2024-11-14
SALT AND PEPPER RESTAURANT & CAFE,Manhattan,Fusion,C,50,2023-10-16
SALT AND PEPPER RESTAURANT & CAFE,Manhattan,Fusion,C,30,2026-05-27
SALTWATER COFFEE,Manhattan,Coffee/Tea,A,9,2023-08-30
SALTWATER COFFEE,Manhattan,Coffee/Tea,A,13,2024-09-16
SALUGGI'S EAST,Manhattan,Italian,A,13,2025-11-17
"SALUMERIA BEILLESE, BIRICCHINO REST",Manhattan,Italian,B,26,2024-03-12
SALVO'S,Manhattan,Italian,A,7,2025-08-28
SAM'S PLACE,Manhattan,Italian,B,17,2023-12-20
SAMI & SUSU,Manhattan,Mediterranean,A,13,2023-08-08
SAMS FAMOUS PIZZA,Manhattan,Pizza,C,30,2025-07-14
SAN CARLO OSTERIA PIEMONTE,Manhattan,Italian,A,5,2024-12-10
SAN LOCO,Manhattan,Mexican,A,12,2024-08-22
SAN MARZANO,Manhattan,Italian,B,16,2023-02-21
SANDRO'S,Manhattan,Italian,A,13,2023-05-03
SANMIWAGO,Manhattan,Asian/Asian Fusion,A,12,2025-01-02
SANMIWAGO,Manhattan,Chinese,B,19,2023-08-10
SANMIWAGO,Manhattan,Asian/Asian Fusion,C,31,2023-08-22
SANT AMBROEUS,Manhattan,Italian,A,13,2023-10-11
SANT AMBROEUS,Manhattan,Italian,A,12,2025-07-30
SANTA FE,Manhattan,Southwestern,A,12,2025-08-25
SANTIAGO'S BEER GARDEN,Manhattan,Latin American,A,10,2025-05-20
SANTO DOMINGO BAKERY,Manhattan,Bakery Products/Desserts,A,9,2023-05-24
SANTO DOMINGO BAKERY,Manhattan,Bakery Products/Desserts,A,2,2024-05-03
SANTO ENTIERRO DE XALPATLAHUAC,Manhattan,Mexican,C,33,2025-07-08
SANUKI UDON,Manhattan,Japanese,A,13,2026-05-13
SAO MAI,Manhattan,Southeast Asian,C,41,2023-07-31
SAPPE,Manhattan,Thai,A,10,2024-08-05
SAPPHIRE 39,Manhattan,American,C,48,2023-01-28
SARABETH'S,Manhattan,American,A,13,2022-11-10
SARABETH'S,Manhattan,American,B,15,2024-11-25
SARABETH'S GREENWICH VILLAGE,Manhattan,American,A,12,2026-07-14
SARAVANA BHAVAN,Manhattan,Indian,B,26,2025-05-15
SARAVANA BHAVAN,Manhattan,Indian,C,2,2023-09-29
SARITA'S MAC & CHEESE,Manhattan,American,C,31,2023-01-10
SARITA'S MAC & CHEESE,Manhattan,American,C,51,2025-09-16
SARKU JAPAN,Manhattan,Japanese,B,25,2025-05-29
SASABUNE EXPRESS NEW YORK,Manhattan,Japanese,B,20,2025-10-02
SATHI,Manhattan,Indian,B,19,2023-05-01
SATIN DOLLS,Manhattan,American,A,13,2024-05-07
SAUCE PIZZERIA,Manhattan,Pizza,A,12,2023-01-22
SCALINI FEDELI,Manhattan,Italian,A,11,2024-12-18
SCALINI FEDELI,Manhattan,Italian,A,12,2023-01-31
SCALLYWAG'S IRISH PUB & REST,Manhattan,Irish,A,12,2026-07-28
SCALLYWAG'S IRISH PUB & REST,Manhattan,Irish,A,13,2025-01-29
SCARR'S PIZZA,Manhattan,Pizza,A,13,2025-04-23
SCHMACKARY'S,Manhattan,American,A,13,2025-06-06
SCHNIPPER'S QUALITY SOUPS,Manhattan,Soups/Salads/Sandwiches,A,7,2025-10-30
SEA SALT,Manhattan,Mediterranean,A,11,2024-04-01
SEA SALT,Manhattan,Mediterranean,B,18,2025-11-19
SEAMORE'S,Manhattan,Seafood,A,12,2025-05-06
SEAMORE'S,Manhattan,Seafood,B,23,2024-04-25
"SEAN'S BAR & KITCHEN, REILLEY'S PLATES & POURS",Manhattan,American,B,24,2024-05-06
SEATTLE CAFE,Manhattan,American,C,30,2023-10-19
SEDUTTO,Manhattan,Frozen Desserts,C,34,2025-10-08
SEEYAMAÑANA,Manhattan,Tapas,B,17,2025-08-12
SEEYAMAÑANA,Manhattan,Tapas,C,31,2023-01-10
SEFTON,Manhattan,American,A,10,2026-02-20
SEFTON,Manhattan,American,B,18,2024-11-19
SEMMA,Manhattan,Indian,B,18,2024-02-20
SEN SAIGON,Manhattan,Jewish/Kosher,B,25,2025-05-29
SEN SAKANA,Manhattan,Jewish/Kosher,C,55,2023-01-11
SENN THAI COMFORT FOOD,Manhattan,Thai,B,16,2025-09-16
SENSHI RAMEN,Manhattan,Japanese,B,15,2025-05-06
SENZA GLUTEN,Manhattan,Coffee/Tea,A,7,2025-02-13
SENZA GLUTEN,Manhattan,Italian,A,9,2025-10-30
SEOUL,Manhattan,Korean,A,8,2025-05-29
SEOUL,Manhattan,Korean,A,13,2023-10-16
SEPHORA CAFE 6,Manhattan,American,A,12,2025-05-14
SERAFINA,Manhattan,Italian,A,13,2026-03-31
SERAFINA,Manhattan,American,A,12,2026-04-20
SERAFINA,Manhattan,Italian,B,14,2025-12-18
SERAFINA,Manhattan,American,B,25,2025-01-06
SERAFINA TRIBECA,Manhattan,Italian,A,12,2025-06-03
SERENA'S,Manhattan,Mediterranean,A,12,2026-04-13
SERENDIPITY 3,Manhattan,American,A,13,2026-03-24
SERRA BY BIRRERIA (EATALY),Manhattan,Italian,A,13,2023-11-01
SET L.E.S.,Manhattan,Fusion,B,21,2023-01-22
SEVEN SINS,Manhattan,American,C,33,2024-12-12
SEVILLA,Manhattan,Spanish,A,13,2026-03-18
SHAH'S HALAL FOOD,Manhattan,Middle Eastern,A,12,2026-07-22
SHAKE SHACK,Manhattan,Hamburgers,A,10,2025-12-18
SHAKE SHACK,Manhattan,Hamburgers,A,11,2023-04-13
SHAKE SHACK,Manhattan,Hamburgers,A,9,2025-08-27
SHAKE SHACK,Manhattan,Hamburgers,A,13,2024-09-05
SHAKE SHACK,Manhattan,Hamburgers,A,2,2024-10-29
SHAKE SHACK,Manhattan,Hamburgers,A,9,2024-10-17
SHAKE SHACK,Manhattan,Hamburgers,A,9,2024-09-09
SHAKE SHACK,Manhattan,Hamburgers,A,4,2024-06-05
SHAKE SHACK,Manhattan,Hamburgers,A,7,2026-05-21
SHAKE SHACK,Manhattan,Hotdogs,A,2,2025-12-11
SHAKE SHACK,Manhattan,Hamburgers,B,17,2024-01-23
SHAKE SHACK #1340,Manhattan,American,A,11,2025-12-01
SHAKE SHACK BRYANT PARK,Manhattan,Sandwiches,A,13,2026-08-19
SHAKING CRAB,Manhattan,Seafood,B,21,2024-03-21
SHAN DONG DUMPLING,Manhattan,Chinese,A,8,2025-01-16
SHAN DONG DUMPLING,Manhattan,Chinese,C,28,2024-03-15
SHANGHAI 21,Manhattan,Chinese,A,11,2024-07-25
SHANGHAI CHINESE RESTAURANT,Manhattan,Chinese,A,10,2023-04-26
SHANGHAI DUMPLINGS,Manhattan,Chinese,B,22,2025-06-11
SHANGHAI TIME,Manhattan,Chinese,B,20,2024-04-11
SHANGHAI TIME,Manhattan,Chinese,C,29,2025-04-07
SHANGHAI TIME,Manhattan,Chinese,C,37,2026-01-08
SHAWARMA BAY,Manhattan,Afghan,C,55,2026-06-17
SHERATON NEW YORK TIMES SQUARE,Manhattan,American,A,8,2024-04-10
"SHERATON NEW YORK TIMES SQUARE - PANTRIES 2A,2B,3A,3B",Manhattan,Other,A,8,2026-02-10
SHERATON NEW YORK TIMES SQUARE - PASTRY KITCHEN,Manhattan,Bakery Products/Desserts,A,9,2024-08-13
SHIMA SUSHI,Manhattan,Asian/Asian Fusion,C,0,2024-08-30
SHINN EAST,Manhattan,Chinese/Japanese,A,11,2023-10-11
SHINZO OMAKASE,Manhattan,Japanese,A,7,2024-10-29
SHOO SHOO NOLITA,Manhattan,Mediterranean,A,13,2023-03-10
SHOSH,Manhattan,Vegan,A,8,2026-07-09
SHU JIAO FU ZHOU,Manhattan,Chinese,A,9,2026-01-13
SHUN LEE,Manhattan,Chinese,B,16,2025-10-15
SHY SHY,Manhattan,New American,A,11,2026-04-10
SID GOLD'S REQUEST ROOM,Manhattan,American,A,13,2024-11-19
SID GOLD'S REQUEST ROOM,Manhattan,American,B,24,2022-12-14
SIDE BAR,Manhattan,Bottled Beverages,A,11,2025-09-17
SILK ROAD CAFE,Manhattan,Coffee/Tea,A,8,2026-01-16
SILKY KITCHEN,Manhattan,Chinese,A,13,2025-12-11
SILVANA,Manhattan,Mediterranean,C,60,2024-08-29
SILVER PALACE CHINESE RESTAURANT,Manhattan,Chinese,C,32,2025-06-30
SILVER STAR,Manhattan,American,A,13,2026-02-10
SILVERSTEIN PROPERTIES,Manhattan,American,A,7,2026-05-04
SIMPSON THACHER AND BARTLET CAFE,Manhattan,American,A,5,2024-04-10
SIMPSON THACHER AND BARTLET CAFE,Manhattan,American,A,11,2026-02-25
SIN CITY BURGER,Manhattan,American,A,10,2026-03-19
SIN CITY BURGER,Manhattan,American,A,13,2024-10-07
SING NYC,Manhattan,Chinese,B,24,2024-12-03
SING SING KARAOKE,Manhattan,Bottled Beverages,A,12,2026-08-11
SINIGUAL,Manhattan,Mexican,A,13,2026-05-12
SINIGUAL,Manhattan,Mexican,B,19,2024-12-16
SIP & GUZZLE,Manhattan,American,A,13,2026-03-18
SIP + CO,Manhattan,Coffee/Tea,A,12,2025-08-14
SIP + CO,Manhattan,Coffee/Tea,C,33,2024-05-08
SIP SAK,Manhattan,Turkish,C,35,2025-11-12
SIR HENRYS,Manhattan,American,A,13,2024-09-26
SISTERS,Manhattan,Caribbean,C,46,2025-01-29
SIX HAPPINESS,Manhattan,Chinese,A,12,2026-03-10
SIX HAPPINESS,Manhattan,Chinese,B,23,2024-03-06
SIX HAPPINESS,Manhattan,Chinese,C,35,2025-02-04
SIX HAPPINESS,Manhattan,Chinese,C,44,2025-09-11
SIX HAPPINESS,Manhattan,Chinese,C,29,2025-09-03
SIX HAPPINESS,Manhattan,Chinese,C,33,2024-05-14
SKINNY CANTINA,Manhattan,Mexican,B,17,2023-11-21
SKYLIGHT DINER,Manhattan,American,A,13,2025-04-30
SLATE COFFEE + KITCHEN,Manhattan,American,A,13,2026-04-07
SLATE COFFEE + KITCHEN,Manhattan,American,A,13,2024-12-02
SMASHBURGER,Manhattan,American,B,22,2024-08-19
SMASHBURGER #1747,Manhattan,Hamburgers,A,5,2026-03-09
SMITHFIELD HALL,Manhattan,American,B,27,2023-12-28
SMITHFIELD HALL,Manhattan,American,B,22,2025-09-22
SMØR,Manhattan,Scandinavian,A,13,2024-04-24
SMØR BAKERY,Manhattan,Bakery Products/Desserts,C,34,2025-08-12
SOBAYA,Manhattan,Japanese,A,13,2024-08-20
SOCARRAT,Manhattan,Spanish,A,12,2023-12-19
SOCARRAT,Manhattan,Spanish,A,12,2025-06-04
SOCARRAT EAST,Manhattan,Spanish,B,25,2024-04-04
SOCIETY BILLARDS & BAR,Manhattan,American,A,11,2024-10-15
SOCIETY CAFE,Manhattan,American,A,5,2024-07-30
SOFIA PIZZA SHOPPE,Manhattan,Pizza,A,12,2026-03-10
SOFIA'S BAGEL,Manhattan,Bagels/Pretzels,B,21,2025-01-06
SOFITEL NEW YORK,Manhattan,American,A,12,2023-03-01
SOFT SWERVE,Manhattan,Frozen Desserts,A,7,2026-02-10
SOGNO TOSCANO,Manhattan,Italian,A,9,2023-05-30
SOHO SUSHI,Manhattan,Japanese,A,11,2025-03-20
SOHO SUSHI,Manhattan,Japanese,B,21,2022-12-08
SOHO SUSHI,Manhattan,Japanese,C,31,2024-11-26
SOHO THAI,Manhattan,Thai,A,12,2026-01-08
SOLEDAD,Manhattan,Mexican,B,22,2024-07-25
SOM BO,Manhattan,Asian/Asian Fusion,B,26,2023-01-13
SOM BO,Manhattan,Asian/Asian Fusion,B,18,2025-05-20
SOMA SALADS,Manhattan,Salads,A,11,2025-04-30
SOMEBODY'S DARLING,Manhattan,American,A,12,2025-12-01
SOMM TIME,Manhattan,New American,A,12,2026-06-16
SONG BO YUAN,Manhattan,Chinese,B,16,2024-08-21
SOPHIE'S,Manhattan,Bottled Beverages,A,13,2024-10-15
SOPHIE'S,Manhattan,Bottled Beverages,A,13,2026-03-31
SOPHIE'S CUBAN CUISINE,Manhattan,Latin American,A,12,2025-10-28
SOPHIE'S CUBAN CUISINE,Manhattan,Latin American,B,27,2025-12-04
SOPHIE'S CUBAN CUISINE,Manhattan,Latin American,B,24,2025-08-18
SOPHIE'S CUBAN CUISINE,Manhattan,Spanish,B,27,2023-05-17
SOPHIE'S CUBAN CUISINE,Manhattan,Latin American,B,27,2023-08-08
SOPHIE'S CUBAN CUISINE,Manhattan,Chinese/Cuban,B,24,2025-07-15
SOPHIE'S CUBAN CUISINE,Manhattan,Latin American,B,27,2025-05-06
SOPHRA GRILL,Manhattan,Turkish,B,27,2025-09-24
SOPO,Manhattan,Korean,B,14,2025-03-20
SORATE,Manhattan,Coffee/Tea,A,5,2026-06-12
SORSO,Manhattan,Italian,A,11,2025-07-08
SOUEN,Manhattan,Japanese,A,11,2025-06-03
SOUEN,Manhattan,Japanese,B,17,2023-04-17
SOURAJI WEST,Manhattan,Japanese,A,12,2025-12-17
SOUVLAKI GR,Manhattan,Greek,A,13,2023-12-11
SOZAI,Manhattan,Japanese,A,12,2024-07-30
SPACE KARAOKE,Manhattan,American,A,5,2024-05-15
SPICE,Manhattan,Thai,B,20,2023-12-20
SPICE MANTRA,Manhattan,Indian,B,21,2024-08-14
SPICY MOON VEGETARIAN SZECHUAN,Manhattan,Vegan,B,27,2023-09-20
SPICY VILLAGE,Manhattan,Chinese,A,8,2025-04-07
SPIKE'S,Manhattan,American,A,9,2024-04-23
SPIKE'S,Manhattan,American,A,9,2025-12-16
SPIRALS,Manhattan,Bakery Products/Desserts,A,11,2026-05-28
SPLENDID CHINA,Manhattan,Chinese,C,48,2023-08-22
SPONGIES CAFE,Manhattan,Coffee/Tea,A,12,2025-06-10
SPORTY & RICH,Manhattan,"Juice, Smoothies, Fruit Salads",B,20,2025-08-11
SPOTIFY - BARISTA BAR,Manhattan,Coffee/Tea,A,10,2025-05-28
SPRING CAFE,Manhattan,Vegetarian,A,12,2025-12-16
SPRING CAFE ASPEN,Manhattan,Vegan,A,12,2025-05-22
SPRINGBONE KITCHEN,Manhattan,Soups,A,3,2023-08-31
SPRINGBONE KITCHEN,Manhattan,Soups,A,2,2026-03-30
SPRINGBONE KITCHEN,Manhattan,Soups,A,10,2025-12-19
SPRINGBONE KITCHEN,Manhattan,Soups,A,13,2025-02-26
SPRINGBONE KITCHEN,Manhattan,Soups,A,10,2025-12-01
SPRINGBONE KITCHEN,Manhattan,Soups,C,28,2024-12-17
SQUARE PIZZA,Manhattan,Pizza,A,11,2025-08-06
SQUARE PIZZA,Manhattan,Pizza,C,46,2023-10-05
SQUIRE'S DINER,Manhattan,American,A,3,2026-08-20
ST REGIS NEW YORK - 20TH FLOOR ROOF BALLROOM,Manhattan,American,A,11,2026-01-28
"ST. CLOUD, CHARLIE PALMER AT THE KNICK",Manhattan,American,A,7,2024-07-09
ST. DYMPHNA'S,Manhattan,Irish,B,21,2024-04-23
ST. GEORGE COFFEE,Manhattan,Bakery Products/Desserts,C,31,2025-01-30
ST. JARDIM,Manhattan,American,A,4,2023-06-06
ST. TROPEZ,Manhattan,French,B,27,2025-02-25
STAFILI WINE CAFE,Manhattan,Greek,A,12,2026-07-14
STAGE DOOR DELI,Manhattan,Sandwiches,A,12,2026-03-31
STAGE DOOR DELI,Manhattan,Sandwiches,B,14,2024-08-29
STAGWELL/MDC GTG,Manhattan,Sandwiches,A,10,2022-10-24
STANDINGS,Manhattan,American,A,5,2026-04-21
STAR ON 18TH DINER CAFE,Manhattan,American,A,13,2026-05-14
STAR'S CAFE (WESTIN HOTEL),Manhattan,American,C,33,2024-12-12
STARBUCKS,Manhattan,Coffee/Tea,A,13,2024-12-03
STARBUCKS,Manhattan,Coffee/Tea,A,0,2023-06-16
STARBUCKS,Manhattan,Coffee/Tea,A,7,2026-08-20
STARBUCKS,Manhattan,Coffee/Tea,A,3,2024-01-04
STARBUCKS,Manhattan,Coffee/Tea,A,11,2024-07-24
STARBUCKS,Manhattan,Coffee/Tea,A,2,2022-08-29
STARBUCKS,Manhattan,Coffee/Tea,A,2,2026-01-16
STARBUCKS,Manhattan,Coffee/Tea,A,10,2025-05-22
STARBUCKS,Manhattan,Coffee/Tea,A,9,2023-12-05
STARBUCKS,Manhattan,Coffee/Tea,A,7,2024-10-30
STARBUCKS,Manhattan,Coffee/Tea,A,7,2022-12-07
STARBUCKS,Manhattan,Coffee/Tea,A,5,2024-01-18
STARBUCKS,Manhattan,Coffee/Tea,A,7,2025-07-10
STARBUCKS,Manhattan,Coffee/Tea,A,12,2024-10-29
STARBUCKS,Manhattan,Coffee/Tea,A,9,2025-05-15
STARBUCKS,Manhattan,Coffee/Tea,A,12,2023-12-26
STARBUCKS,Manhattan,Coffee/Tea,A,12,2024-06-18
STARBUCKS,Manhattan,Coffee/Tea,A,11,2026-09-10
STARBUCKS,Manhattan,Coffee/Tea,A,2,2026-01-06
STARBUCKS,Manhattan,Coffee/Tea,A,7,2025-04-18
STARBUCKS,Manhattan,Coffee/Tea,A,2,2025-09-30
STARBUCKS,Manhattan,Coffee/Tea,A,11,2022-08-16
STARBUCKS,Manhattan,American,A,5,2024-07-30
STARBUCKS,Manhattan,Coffee/Tea,A,12,2025-10-02
STARBUCKS,Manhattan,Coffee/Tea,A,12,2024-10-03
STARBUCKS,Manhattan,Coffee/Tea,A,13,2023-10-04
STARBUCKS,Manhattan,Coffee/Tea,A,8,2024-07-08
STARBUCKS,Manhattan,Coffee/Tea,A,5,2025-06-30
STARBUCKS,Manhattan,Coffee/Tea,A,8,2024-04-02
STARBUCKS,Manhattan,Coffee/Tea,A,13,2025-12-09
STARBUCKS,Manhattan,Coffee/Tea,A,12,2025-09-30
STARBUCKS,Manhattan,Coffee/Tea,A,13,2023-10-26
STARBUCKS,Manhattan,Coffee/Tea,A,3,2024-07-29
STARBUCKS,Manhattan,Coffee/Tea,A,2,2023-04-21
STARBUCKS,Manhattan,Coffee/Tea,A,11,2024-07-18
STARBUCKS,Manhattan,Coffee/Tea,A,8,2024-04-10
STARBUCKS,Manhattan,Coffee/Tea,A,13,2026-05-26
STARBUCKS,Manhattan,Coffee/Tea,A,13,2025-09-16
STARBUCKS,Manhattan,Coffee/Tea,A,13,2026-01-12
STARBUCKS,Manhattan,Coffee/Tea,A,12,2023-08-22
STARBUCKS,Manhattan,Coffee/Tea,A,4,2026-08-12
STARBUCKS,Manhattan,Coffee/Tea,A,6,2024-07-03
STARBUCKS,Manhattan,Coffee/Tea,A,7,2025-12-08
STARBUCKS,Manhattan,Coffee/Tea,A,8,2023-03-30
STARBUCKS,Manhattan,Coffee/Tea,A,9,2026-06-12
STARBUCKS,Manhattan,Coffee/Tea,A,3,2025-03-11
STARBUCKS,Manhattan,Coffee/Tea,A,11,2025-07-09
STARBUCKS,Manhattan,Coffee/Tea,A,13,2024-04-01
STARBUCKS,Manhattan,Coffee/Tea,A,10,2024-05-23
STARBUCKS,Manhattan,Coffee/Tea,A,10,2024-06-18
STARBUCKS,Manhattan,Coffee/Tea,A,5,2024-01-08
STARBUCKS,Manhattan,Coffee/Tea,A,5,2024-04-23
STARBUCKS,Manhattan,Coffee/Tea,A,10,2026-06-15
STARBUCKS,Manhattan,Coffee/Tea,A,4,2025-05-01
STARBUCKS,Manhattan,Coffee/Tea,A,9,2025-07-14
STARBUCKS,Manhattan,Coffee/Tea,A,13,2026-06-04
STARBUCKS,Manhattan,Coffee/Tea,A,0,2026-03-03
STARBUCKS #20679,Manhattan,Coffee/Tea,A,13,2023-06-02
STARBUCKS #50611,Manhattan,Coffee/Tea,A,10,2025-07-28
STARBUCKS #7378,Manhattan,Coffee/Tea,A,2,2026-06-02
STARBUCKS (BNY MELLON),Manhattan,Coffee/Tea,A,13,2025-02-24
STARBUCKS COFFE #55085,Manhattan,Coffee/Tea,A,0,2026-04-10
STARBUCKS COFFE #55085,Manhattan,Coffee/Tea,A,5,2023-05-19
STARBUCKS COFFEE,Manhattan,Coffee/Tea,A,11,2023-11-01
STARBUCKS COFFEE,Manhattan,Coffee/Tea,A,8,2023-04-07
STARBUCKS COFFEE,Manhattan,Coffee/Tea,A,9,2024-05-10
STARBUCKS COFFEE,Manhattan,Coffee/Tea,A,12,2025-05-30
STARBUCKS COFFEE,Manhattan,Coffee/Tea,A,4,2024-09-26
STARBUCKS COFFEE # 26528,Manhattan,Coffee/Tea,A,5,2025-06-18
STARBUCKS COFFEE # 77655,Manhattan,Coffee/Tea,A,4,2025-12-22
STARBUCKS COFFEE # 85552,Manhattan,Coffee/Tea,A,11,2025-04-25
STARBUCKS COFFEE #62547,Manhattan,Coffee/Tea,A,13,2024-11-15
STARBUCKS COFFEE #65494,Manhattan,Coffee/Tea,A,4,2022-08-11
STARBUCKS COFFEE #70726,Manhattan,Coffee/Tea,A,5,2024-08-07
STARBUCKS COFFEE COMPANY,Manhattan,Coffee/Tea,A,7,2023-08-08
STARBUCKS COFFEE COMPANY,Manhattan,Coffee/Tea,A,9,2024-11-25
STARBUCKS RESERVE,Manhattan,Coffee/Tea,A,9,2026-01-07
STARBUCKS RESERVE,Manhattan,Coffee/Tea,B,21,2024-09-16
STARBUCKS RESERVE ROASTERY,Manhattan,American,C,30,2025-01-21
STARS,Manhattan,New American,A,9,2026-08-19
STARSTRUCK COFFEE,Manhattan,Coffee/Tea,A,12,2024-12-05
STEAK FRITES BISTRO,Manhattan,French,A,13,2026-03-02
STEAK STREET,Manhattan,Steakhouse,B,23,2026-07-08
STELLA'S PIZZA,Manhattan,Pizza,B,20,2024-03-29
STK STEAKHOUSE,Manhattan,Steakhouse,A,13,2023-04-17
STK STEAKHOUSE,Manhattan,Steakhouse,C,36,2025-05-22
STONE STREET COFFEE SOHO,Manhattan,Coffee/Tea,C,36,2024-09-25
STONED PIZZA,Manhattan,Pizza,A,7,2021-07-29
STOP809,Manhattan,Latin American,A,11,2026-03-11
STORE HOUSE,Manhattan,American,B,19,2024-11-13
STOUT,Manhattan,American,A,9,2026-04-14
STOUT NYC,Manhattan,American,A,9,2023-03-08
STREET TACO,Manhattan,Tex-Mex,A,12,2023-09-26
STRIP HOUSE,Manhattan,Steakhouse,A,9,2022-07-26
STROMBOLI PIZZA,Manhattan,Pizza,A,9,2025-03-27
STROMBOLI PIZZA,Manhattan,Pizza,B,21,2026-06-29
STUMPTOWN COFFEE,Manhattan,Coffee/Tea,A,13,2026-08-18
STUMPTOWN COFFEE ROASTERS,Manhattan,Coffee/Tea,B,16,2023-07-26
SUBCONSCIOUS,Manhattan,Sandwiches/Salads/Mixed Buffet,B,27,2025-05-08
SUBWAY,Manhattan,Sandwiches,A,10,2024-04-19
SUBWAY,Manhattan,Sandwiches,A,9,2025-08-14
SUBWAY,Manhattan,Sandwiches,A,8,2024-08-06
SUBWAY,Manhattan,Sandwiches,A,13,2025-09-17
SUBWAY,Manhattan,Sandwiches,A,4,2023-02-06
SUBWAY,Manhattan,Sandwiches,A,13,2025-03-12
SUBWAY,Manhattan,Sandwiches,A,9,2024-01-25
SUBWAY,Manhattan,Sandwiches,A,9,2025-02-25
SUBWAY,Manhattan,Sandwiches,A,9,2025-06-10
SUBWAY,Manhattan,Sandwiches,A,2,2025-10-27
SUBWAY,Manhattan,Sandwiches,A,11,2025-05-19
SUBWAY,Manhattan,Sandwiches,A,7,2023-11-15
SUBWAY,Manhattan,Sandwiches,A,13,2026-07-29
SUBWAY,Manhattan,Sandwiches,A,11,2024-11-07
SUBWAY,Manhattan,Sandwiches,A,13,2023-12-19
SUBWAY,Manhattan,Sandwiches,A,12,2025-09-09
SUBWAY,Manhattan,Sandwiches,A,11,2023-11-30
SUBWAY,Manhattan,Sandwiches,A,9,2024-03-18
SUBWAY,Manhattan,Sandwiches,A,13,2025-06-03
SUBWAY,Manhattan,Sandwiches,A,13,2023-10-12
SUBWAY,Manhattan,Sandwiches,A,12,2025-06-05
SUBWAY,Manhattan,Sandwiches,B,21,2025-08-26
SUBWAY,Manhattan,Sandwiches,B,18,2024-10-22
SUBWAY,Manhattan,Sandwiches,B,21,2026-07-21
SUBWAY,Manhattan,Sandwiches,B,26,2024-04-15
SUBWAY,Manhattan,Sandwiches,B,26,2025-08-05
SUBWAY,Manhattan,Sandwiches,B,23,2024-06-27
SUBWAY,Manhattan,Sandwiches,B,26,2025-07-09
SUBWAY,Manhattan,Sandwiches,C,33,2023-10-12
SUBWAY,Manhattan,Sandwiches,C,36,2023-07-12
SUBWAY #12608,Manhattan,Sandwiches/Salads/Mixed Buffet,A,10,2025-03-24
SUBWAY / CARVEL,Manhattan,Sandwiches,A,5,2023-10-25
SUBWAY CAFE,Manhattan,Sandwiches,A,10,2023-12-12
SUGAR HILL CAFE,Manhattan,Coffee/Tea,A,0,2022-09-09
SUGAR HILL CAFE,Manhattan,Coffee/Tea,A,2,2023-03-20
SUGAR HILL CAFE,Manhattan,Coffee/Tea,C,31,2024-10-29
SUGAR HILL CAFE,Manhattan,Coffee/Tea,C,38,2025-04-29
SUGAR MONK,Manhattan,American,A,5,2024-11-20
SUGARFISH BY SUSHI NOZAWA,Manhattan,Japanese,A,13,2025-10-23
SUGARFISH BY SUSHI NOZAWA,Manhattan,Japanese,B,21,2023-11-16
"SUITE 200, 1879",Manhattan,American,A,2,2025-02-01
SUKI DESU,Manhattan,Japanese,B,24,2026-06-22
SULLALUNA,Manhattan,Italian,A,11,2024-08-08
SULLIVAN & CROMWELL,Manhattan,American,A,6,2023-03-16
SUMA SUSHI,Manhattan,Japanese,A,7,2026-07-14
SUN HONG WONG SEAFOOD RESTAURANT,Manhattan,Chinese,B,25,2023-09-14
SUN HONG WONG SEAFOOD RESTAURANT,Manhattan,Chinese,C,47,2025-07-28
SUN SAI GAI RESTAURANT,Manhattan,Chinese,C,31,2023-03-24
SUN SAI GAI RESTAURANT,Manhattan,Chinese,C,36,2025-04-15
SUNDAY MORNING,Manhattan,Bakery Products/Desserts,B,16,2026-06-17
SUNDAY TO SUNDAY,Manhattan,American,A,13,2024-06-18
SUNDAYS WELL,Manhattan,American,A,10,2024-12-17
SUNFLOWER GRAMERCY,Manhattan,American,A,13,2025-05-28
SUNLIFE ORGANICS,Manhattan,"Juice, Smoothies, Fruit Salads",A,13,2025-09-09
SUNNY SUSHI & POKE,Manhattan,Asian/Asian Fusion,B,25,2025-04-03
SUNRISE MART,Manhattan,Asian/Asian Fusion,C,41,2024-09-05
SUPER BURRITO,Manhattan,American,A,13,2025-12-29
SUPER NICE COFFEE AND BAKERY,Manhattan,Coffee/Tea,A,12,2023-10-02
SUPER NICE COFFEE AND BAKERY,Manhattan,Coffee/Tea,C,71,2025-04-30
SUPER NICE COFFEE AND BAKERY,Manhattan,Coffee/Tea,C,48,2025-10-09
SUPER NICE PIZZA,Manhattan,Italian,B,27,2026-05-12
SUPERHET COFFEE,Manhattan,American,B,27,2026-08-12
SUPERIORITY BURGER,Manhattan,Vegetarian,A,11,2025-11-07
SUPERMOON BAKEHOUSE,Manhattan,Bakery Products/Desserts,A,13,2024-01-04
SUPPER,Manhattan,Italian,A,13,2023-05-09
SUPREMA,Manhattan,American,A,7,2024-10-12
SUPREME PIZZA,Manhattan,Pizza,A,13,2026-05-07
SUPREME PIZZA,Manhattan,Pizza,B,24,2025-04-09
SUROSS THAI BISTRO,Manhattan,Thai,A,9,2025-04-08
SUROSS THAI BISTRO,Manhattan,Thai,B,16,2022-11-16
SURREAL CREAMERY,Manhattan,Frozen Desserts,A,12,2024-04-30
SURREAL CREAMERY,Manhattan,Frozen Desserts,B,27,2026-05-07
SUSAN'S KITCHEN CATERING AND EVENTS,Manhattan,American,B,21,2025-10-16
SUSHI & BENTO BY MR. LIM / THE SLING BAR,Manhattan,Japanese,A,12,2024-01-30
SUSHI 21,Manhattan,Japanese,B,20,2026-07-30
SUSHI AOZORA,Manhattan,Japanese,A,13,2026-01-13
SUSHI BEAUU,Manhattan,Japanese,B,22,2026-01-07
SUSHI BY BOU / WAGYU ROOM / PARTEA LAB,Manhattan,Japanese,B,5,2022-02-23
SUSHI BY M,Manhattan,Japanese,A,3,2023-04-16
SUSHI COUNTER LIMITED,Manhattan,Japanese,C,35,2025-07-15
SUSHI GINZA,Manhattan,Japanese,A,12,2025-06-16
SUSHI GINZA,Manhattan,Japanese,B,26,2024-03-05
SUSHI HAYASHI,Manhattan,Japanese,B,21,2026-03-19
SUSHI ISHIKAWA,Manhattan,Japanese,A,12,2025-08-20
SUSHI JIN,Manhattan,Japanese,C,43,2024-02-15
SUSHI KOYA,Manhattan,Japanese,A,9,2026-05-13
SUSHI MUMI,Manhattan,Japanese,A,8,2022-11-12
SUSHI NAKAZAWA,Manhattan,Japanese,A,12,2025-11-07
SUSHI ON JONES,Manhattan,Japanese,A,11,2022-11-28
SUSHI ON JONES,Manhattan,Japanese,A,3,2024-04-16
SUSHI REN / OMAKASE SHIHOU,Manhattan,Japanese,B,14,2023-03-28
SUSHI RYUSEI,Manhattan,Japanese,A,13,2024-05-01
SUSHI SEKI,Manhattan,Japanese,A,13,2025-11-19
SUSHI SEN-NIN,Manhattan,Japanese,B,26,2024-08-14
SUSHI SUKI,Manhattan,Japanese,B,16,2023-01-19
SUSHI YASUDA,Manhattan,Japanese,B,16,2023-09-25
SUSHI YOLO,Manhattan,Japanese,A,9,2024-01-04
SUSHI YOU,Manhattan,Japanese,A,10,2026-08-26
SUTTON BAR ROOM,Manhattan,American,A,11,2025-07-17
SUTTON CAFE,Manhattan,American,B,25,2025-08-27
SUTTON CAFE,Manhattan,American,B,21,2024-02-06
SVETA,Manhattan,Russian,A,12,2024-02-15
SWAGAT INDIAN RESTAURANT,Manhattan,Indian,A,13,2024-01-23
SWEET CATS ARCADE,Manhattan,Coffee/Tea,B,19,2025-10-08
SWEET DREAMS CAFE,Manhattan,Jewish/Kosher,A,5,2026-06-29
SWEET MOMENT,Manhattan,Coffee/Tea,A,13,2026-02-10
SWEET REHAB PASTRY SHOP,Manhattan,Bakery Products/Desserts,A,12,2022-12-08
SWEET REHAB PASTRY SHOP,Manhattan,Bakery Products/Desserts,A,12,2025-12-02
SWEETGREEN,Manhattan,Salads,A,8,2024-03-26
SWEETGREEN,Manhattan,Salads,A,6,2024-05-21
SWEETGREEN,Manhattan,Salads,A,11,2023-01-24
SWEETGREEN,Manhattan,Salads,A,13,2026-07-29
SWEETGREEN,Manhattan,Salads,A,13,2026-02-19
SWEETGREEN,Manhattan,Salads,A,11,2022-12-07
SWEETGREEN,Manhattan,Salads,A,13,2026-06-16
SWEETGREEN,Manhattan,Salads,A,9,2023-05-11
SWEETGREEN,Manhattan,Salads,A,10,2026-03-20
SWEETGREEN,Manhattan,Salads,A,13,2024-06-21
SWEETGREEN,Manhattan,Salads,A,7,2025-09-11
SWEETGREEN,Manhattan,Salads,A,2,2022-12-21
SWEETGREEN,Manhattan,Salads,A,4,2024-11-01
SWEETGREEN,Manhattan,Salads,A,12,2026-06-24
SWEETGREEN,Manhattan,Salads,B,14,2022-12-27
SWEETS BAKERY,Manhattan,Bakery Products/Desserts,B,26,2025-04-16
SWEETS BAKERY,Manhattan,Bakery Products/Desserts,C,54,2024-08-30
SWIFT HIBERNIAN LOUNGE,Manhattan,Irish,C,29,2024-08-20
SWING 46 JAZZ AND SUPPER CLUB,Manhattan,American,B,25,2024-11-14
SYMPOSIUM,Manhattan,Greek,A,12,2025-03-19
SYMTH TAVERN,Manhattan,American,A,10,2025-02-11
Sebastian's Cafe & Creamery,Manhattan,Coffee/Tea,B,19,2026-07-09
T & J JAMAICAN FLAVA,Manhattan,Caribbean,A,13,2023-03-15
T- 45,Manhattan,American,A,12,2026-04-21
TABATA,Manhattan,Japanese,B,19,2024-05-14
TABATA,Manhattan,Japanese,B,24,2025-04-29
TABERNACLE STEAKHOUSE,Manhattan,Steakhouse,A,13,2024-06-20
TABERU NOMU,Manhattan,Japanese,B,27,2024-10-29
TABETOMO,Manhattan,Japanese,C,16,2023-02-13
TABOO LOUNGE,Manhattan,American,B,21,2023-04-19
TABOO LOUNGE,Manhattan,American,C,30,2025-04-29
TABOONETTE,Manhattan,Mediterranean,B,27,2025-09-30
TABOONETTE,Manhattan,Mediterranean,B,26,2023-11-27
TABU,Manhattan,Latin American,A,4,2024-01-04
TACO BELL,Manhattan,Tex-Mex,A,5,2024-10-22
TACO BELL,Manhattan,Tex-Mex,A,5,2025-10-07
TACO BELL,Manhattan,Tex-Mex,B,22,2024-03-27
TACO MAHAL,Manhattan,Tex-Mex,B,24,2025-10-20
TACO MAHAL,Manhattan,Tex-Mex,C,29,2024-08-21
TACOMBI,Manhattan,Tex-Mex,A,12,2024-05-14
TACOMBI,Manhattan,Tex-Mex,B,21,2025-01-27
TACOMBI AT FONDA NOLITA,Manhattan,Tex-Mex,B,14,2025-01-07
TACOS & TEQUILA,Manhattan,Mexican,A,8,2025-12-03
TACOS CUAUTLA MORELOS,Manhattan,Tex-Mex,B,22,2026-04-30
TACOS TIME SQUARE,Manhattan,Tex-Mex,B,17,2023-11-15
TADA,Manhattan,Korean,A,13,2024-09-16
TAIM,Manhattan,Mediterranean,B,23,2024-11-14
TAIM MEDITERRANEAN KITCHEN,Manhattan,Mediterranean,A,12,2024-01-30
TAIWAN BEAR HOUSE,Manhattan,Asian/Asian Fusion,B,19,2024-11-20
TAKAHACHI BAKERY,Manhattan,Bakery Products/Desserts,B,14,2023-11-20
TAKAHACHI BAKERY,Manhattan,Bakery Products/Desserts,C,32,2025-04-24
TAKAHACHI BAKERY,Manhattan,Bakery Products/Desserts,C,44,2024-11-14
TAKAHACHI TRIBECA,Manhattan,Japanese,C,42,2024-03-13
TAKE CARE,Manhattan,American,A,11,2026-03-02
TAKUMI OMAKASE,Manhattan,Japanese,A,12,2025-10-07
TAL BAGELS,Manhattan,Bagels/Pretzels,B,21,2024-03-11
TAL BAGELS DELI,Manhattan,Bagels/Pretzels,A,13,2026-02-26
TAL BAGELS DELI,Manhattan,Bagels/Pretzels,B,21,2025-07-14
TALEA BEER,Manhattan,Other,A,10,2024-08-12
TALIA'S STEAKHOUSE,Manhattan,Jewish/Kosher,A,7,2026-02-02
TAM SANG THAI KITCHEN,Manhattan,Thai,C,30,2024-12-16
TANDOOR OVEN,Manhattan,Indian,C,4,2024-11-22
TANG BY MR SUN,Manhattan,Fusion,A,13,2025-02-04
TANG PAVILION,Manhattan,Chinese,B,23,2024-03-21
TANOSHI TEI,Manhattan,Japanese,B,19,2026-05-04
TANOSHI TEI,Manhattan,Japanese,B,17,2023-09-25
TANOSHI TEI,Manhattan,Japanese,C,31,2025-07-01
TAO SUSHI / FRATELLI,Manhattan,Seafood,A,9,2023-03-04
TAP NYC,Manhattan,Brazilian,A,13,2024-07-29
TAQ,Manhattan,Tex-Mex,A,10,2024-03-21
TAQ,Manhattan,Tex-Mex,A,13,2026-03-17
TAQ,Manhattan,Tex-Mex,C,33,2025-12-03
TAQUERIA EMILIO,Manhattan,Mexican,B,21,2025-10-21
TAQUERIA GRAMERCY,Manhattan,Mexican,A,12,2024-12-10
TAQUERIA ON TENTH,Manhattan,American,A,9,2025-08-05
TAQUERIA SAN PEDRO,Manhattan,Mexican,B,17,2022-09-14
TARA KITCHEN,Manhattan,Moroccan,A,12,2023-07-12
TARA KITCHEN,Manhattan,Moroccan,A,9,2025-01-30
TARALLUCCI E VINO,Manhattan,Italian,A,9,2023-01-12
TARTINE,Manhattan,French,B,25,2024-08-13
TARTINERY,Manhattan,American,A,12,2023-01-26
TARTINERY,Manhattan,American,A,7,2026-01-15
TARTINERY,Manhattan,French,A,11,2024-03-13
TARTINERY,Manhattan,American,C,40,2024-01-25
TARTINERY,Manhattan,American,C,3,2024-08-16
TASTE FROM EVEREST,Manhattan,Not Listed/Not Applicable,A,13,2026-08-11
TASTE NY BISTRO,Manhattan,Sandwiches/Salads/Mixed Buffet,A,10,2025-01-14
TASTINGS,Manhattan,Other,A,3,2025-12-05
TASTY DUMPLING,Manhattan,Chinese,B,20,2024-07-09
TASTY HAND-PULLED NOODLES,Manhattan,Chinese,C,30,2023-07-14
TATAKI,Manhattan,Japanese,A,12,2026-05-06
TAURO RESTAURANT,Manhattan,Latin American,A,13,2025-08-26
TAVERN ON JANE,Manhattan,American,A,9,2023-02-16
TAVERN ON JANE,Manhattan,American,A,0,2022-09-14
TAVERN ON READE,Manhattan,American,B,23,2025-10-24
TE COMPANY,Manhattan,Coffee/Tea,A,13,2026-05-21
TEA & SYMPATHY,Manhattan,English,A,7,2024-03-21
TEA & SYMPATHY,Manhattan,English,A,10,2026-02-18
TEA MAGIC,Manhattan,Coffee/Tea,B,25,2025-08-12
TEA MAGIC,Manhattan,Coffee/Tea,B,25,2023-11-14
TEADO TEA SHOP,Manhattan,Coffee/Tea,A,12,2023-09-05
TEAMAKERS,Manhattan,Coffee/Tea,B,20,2025-08-06
TEAMWORKON3 JUICES,Manhattan,"Juice, Smoothies, Fruit Salads",A,12,2025-02-27
TEAPULSE,Manhattan,Coffee/Tea,A,7,2026-05-18
TEAPULSE,Manhattan,Coffee/Tea,A,7,2026-06-11
TEDDYS F&B,Manhattan,American,A,9,2025-10-24
TELEGRAPHE CAFE,Manhattan,Coffee/Tea,B,19,2025-04-22
TELEGRAPHE CAFE,Manhattan,Coffee/Tea,B,27,2024-03-12
TEMPLE COURT,Manhattan,American,A,9,2024-11-21
TEMPLE COURT,Manhattan,American,C,31,2026-07-01
TEN THOUSAND,Manhattan,Coffee/Tea,A,12,2024-05-14
TENGRI TAGH UYGHUR CUISINE,Manhattan,Turkish,C,45,2026-07-02
TENSAI,Manhattan,Japanese,A,5,2025-07-10
TENZAN,Manhattan,Japanese,A,12,2023-11-21
TERA NYC,Manhattan,Korean,A,13,2026-03-03
TERIYAKI ONE,Manhattan,Asian/Asian Fusion,A,9,2025-01-06
TERIYAKI ONE,Manhattan,Asian/Asian Fusion,A,12,2025-12-16
TERIYAKI ONE,Manhattan,Asian/Asian Fusion,B,19,2023-10-24
TERIYAKI R US,Manhattan,Asian/Asian Fusion,C,54,2024-11-12
TERRA,Manhattan,Italian,B,25,2026-07-07
TERRAVITA BAR & KITCHEN,Manhattan,Latin American,A,13,2022-11-29
TERRAVITA BAR & KITCHEN,Manhattan,Latin American,B,20,2024-12-19
TERRIFIC WINGS TACOS 'N' THINGS,Manhattan,American,A,4,2026-03-30
TERROIR TRIBECA,Manhattan,Italian,B,26,2025-06-11
TESSA,Manhattan,Mediterranean,A,11,2025-05-13
TEXAS CHICKEN,Manhattan,Chicken,A,13,2025-01-13
TEXAS CHICKEN,Manhattan,Chicken,B,18,2022-09-01
TEXAS CHICKEN & BURGERS,Manhattan,Chicken,B,26,2025-06-27
TEXAS CHICKEN & BURGERS,Manhattan,Chicken,B,19,2025-02-03
TEXAS FRIED CHICKEN,Manhattan,Chicken,B,27,2024-08-29
THAI 72,Manhattan,Thai,B,14,2023-04-12
THAI BKK,Manhattan,Thai,A,4,2025-11-12
THAI DELIGHT,Manhattan,Thai,B,17,2023-08-16
THAI FOOD NEAR ME,Manhattan,Thai,A,13,2024-10-09
THAI PEPPERCORN,Manhattan,Thai,B,23,2024-05-06
THAI PEPPERCORN,Manhattan,Thai,B,16,2025-01-21
THAI TERMINAL,Manhattan,Other,A,12,2023-08-15
THAI TIME,Manhattan,Thai,B,23,2024-05-22
THAILICIOUS,Manhattan,Thai,A,12,2025-09-02
THE AINSWORTH MIDTOWN,Manhattan,American,C,42,2023-08-15
THE BACK ROOM,Manhattan,American,B,22,2024-11-26
THE BEDFORD STONE STREET,Manhattan,American,A,12,2024-11-07
THE BEST OF NEW YORK FOOD,Manhattan,American,C,50,2022-12-29
THE BEST SICHUAN,Manhattan,Chinese,B,19,2026-02-26
THE BEST SICHUAN,Manhattan,Chinese,C,63,2024-03-25
THE BISTRO AT THE COURTYARD & RESIDENCE INN BY MARRIOTT,Manhattan,American,A,13,2026-02-27
THE BISTRO AT THE COURTYARD & RESIDENCE INN BY MARRIOTT,Manhattan,American,A,10,2024-06-13
THE BLUE LOBSTER,Manhattan,Latin American,B,26,2025-09-15
THE BLUE LOBSTER,Manhattan,Latin American,B,21,2023-01-03
THE BOIL,Manhattan,Seafood,A,12,2024-06-13
THE BOWERY HOTEL BAR,Manhattan,American,A,13,2026-06-09
THE BOX,Manhattan,American,A,13,2023-09-24
THE BREAD FACTORY CAFE,Manhattan,American,B,18,2025-01-21
THE BREAD FACTORY CAFE,Manhattan,American,C,43,2022-12-02
THE BUTCHER'S DAUGHTER,Manhattan,Vegetarian,A,13,2025-12-03
THE CABINET,Manhattan,American,A,4,2022-12-28
THE CAFE AT BOB,Manhattan,Coffee/Tea,A,10,2024-08-12
THE CALAVERAS,Manhattan,Mexican,A,12,2023-12-20
THE CALAVERAS,Manhattan,Mexican,C,54,2025-10-29
THE CAMPBELL,Manhattan,American,A,13,2024-01-25
THE CAPITAL GRILLE,Manhattan,American,A,13,2024-11-12
THE CARNEGIE CIGAR CLUB AND LOUNGE,Manhattan,Coffee/Tea,A,13,2025-07-23
THE CENTURY ASSOCIATION,Manhattan,American,A,6,2024-10-23
THE CHAI SPOT,Manhattan,Coffee/Tea,A,12,2024-02-02
THE CHUBBY CRAB,Manhattan,Seafood,A,13,2025-09-30
THE CHUBBY CRAB,Manhattan,Seafood,B,26,2025-04-24
THE CHURCHILL TAVERN,Manhattan,English,B,17,2022-09-01
THE CLOCK,Manhattan,Coffee/Tea,A,13,2022-12-07
THE CLOUD HOTEL,Manhattan,American,B,26,2023-12-08
THE CLUB,Manhattan,American,A,6,2025-06-30
THE CONSULATE,Manhattan,French,C,52,2024-04-23
THE COPPER STILL,Manhattan,American,B,20,2022-11-21
THE COPPER STILL,Manhattan,American,B,24,2025-07-16
THE CORNELL CENTER OF NEW YORK,Manhattan,American,A,12,2022-12-20
THE CORNER,Manhattan,Coffee/Tea,A,4,2026-04-01
THE CORNER CHINESE RESTAURANT,Manhattan,Chinese,A,10,2023-04-06
THE COSMOPOLITAN CLUB,Manhattan,American,A,12,2023-10-10
THE CROOKED KNIFE,Manhattan,American,B,27,2024-03-21
THE CROOKED KNIFE,Manhattan,American,C,33,2026-02-02
THE CROSBY BAR,Manhattan,American,A,12,2024-08-13
THE CROSBY BAR,Manhattan,American,A,8,2025-12-22
THE DAWSON,Manhattan,American,A,12,2023-05-23
THE DINING ROOM / THE CHAMPAGNE & CAVIAR BAR AT RH GUESTHOUSE,Manhattan,New American,A,13,2025-09-04
THE DISTRICT,Manhattan,American,A,5,2023-01-12
THE DISTRICT,Manhattan,American,C,35,2024-11-25
THE DUTCH,Manhattan,American,A,13,2024-03-25
THE EDGE,Manhattan,Caribbean,A,9,2026-03-04
THE ELK,Manhattan,Coffee/Tea,A,12,2025-09-19
THE ELK,Manhattan,Coffee/Tea,B,26,2022-11-28
THE ELK ON MOTT,Manhattan,Coffee/Tea,A,12,2024-11-15
THE ELLINGTON,Manhattan,American,B,18,2023-06-29
THE EMPIRE ROOFTOP,Manhattan,American,A,10,2023-10-26
THE EXPAT,Manhattan,Asian/Asian Fusion,A,12,2025-05-15
THE FAMOUS COZY SOUP 'N BURGER,Manhattan,American,B,19,2026-03-17
THE FAMOUS JIMBO'S HAMBURGER PALACE,Manhattan,Hamburgers,A,13,2025-03-11
THE FAMOUS JIMBO'S HAMBURGER PALACE,Manhattan,Hamburgers,B,17,2024-03-28
THE FAMOUS JIMBO'S HAMBURGER PALACE,Manhattan,Hamburgers,C,47,2026-03-16
THE FANCY KOOK,Manhattan,Coffee/Tea,A,3,2025-04-02
THE FIFTH AVENUE HOTEL & CAFE CARMELLINI,Manhattan,American,A,12,2025-09-02
THE FITZ,Manhattan,American,A,12,2023-02-15
THE FIVE LAMPS,Manhattan,Irish,A,10,2026-01-15
THE FLATIRON ROOM,Manhattan,New American,B,21,2024-12-26
THE FOUR FACED LIAR,Manhattan,American,A,10,2025-08-06
THE GARRETT,Manhattan,American,A,4,2023-04-07
THE GIN MILL,Manhattan,American,A,13,2026-02-05
THE GIN MILL,Manhattan,American,A,5,2024-05-22
THE GOOD GOOD,Manhattan,Caribbean,A,13,2026-04-23
THE GRAFTON PUBLIC HOUSE,Manhattan,Irish,A,12,2024-01-22
THE GRAFTON PUBLIC HOUSE,Manhattan,Irish,A,10,2024-03-21
THE GRAND FEAST,Manhattan,American,A,13,2026-01-08
THE GREAT CABIN,Manhattan,American,A,10,2024-10-29
THE GREAT CABIN,Manhattan,American,A,12,2023-05-31
THE GREY DOG,Manhattan,American,A,12,2023-05-01
THE GREY DOG,Manhattan,American,A,13,2024-04-17
THE GYRO PROJECT,Manhattan,Greek,A,12,2026-06-15
THE GYRO PROJECT,Manhattan,Greek,A,12,2026-03-25
THE HALAL GUYS,Manhattan,Middle Eastern,A,12,2025-09-17
THE HANDFULLED NOODLE,Manhattan,Japanese,B,14,2025-05-02
THE HAPPIEST HOUR,Manhattan,American,A,13,2025-12-02
THE HEIGHTS BAR & GRILL,Manhattan,American,B,24,2025-08-21
THE HIGH LINE HOTEL (INDOOR BAR),Manhattan,American,A,12,2024-12-09
THE HIGH NOTE / POPCHEW,Manhattan,American,B,18,2024-03-26
THE HUMMUS & PITA CO.,Manhattan,Mediterranean,A,13,2022-06-07
THE HUMMUS & PITA CO.,Manhattan,Mediterranean,A,13,2024-10-02
THE HUNGARIAN PASTRY SHOP,Manhattan,Eastern European,B,18,2024-12-10
THE HUNTERIAN,Manhattan,American,A,9,2024-06-20
THE INDEPENDENT,Manhattan,American,A,11,2026-02-05
THE INWOOD FARM,Manhattan,American,B,20,2024-12-23
THE INWOOD FARM,Manhattan,American,C,40,2024-03-07
THE IRISH AMERICAN,Manhattan,Irish,A,13,2023-02-01
THE IVY COFFEE & BAKERY,Manhattan,Coffee/Tea,A,9,2026-03-05
THE IZAKAYA,Manhattan,Japanese,A,12,2022-08-16
THE IZAKAYA,Manhattan,Japanese,B,24,2024-03-20
THE JAGUAR,Manhattan,Mexican,A,12,2026-08-20
THE KATI ROLL COMPANY,Manhattan,Indian,C,47,2023-09-21
THE KING COLE BAR,Manhattan,American,A,4,2025-08-14
THE KUNJIP,Manhattan,Korean,C,57,2026-09-02
THE LAND OF BEER,Manhattan,Sandwiches/Salads/Mixed Buffet,A,12,2025-07-31
THE LANDMARK TAVERN,Manhattan,Irish,B,26,2023-06-12
THE LANGHAM,Manhattan,American,B,24,2024-12-17
THE LAVAUX,Manhattan,Continental,B,21,2026-03-19
THE LAZY LLAMA COFFEE BAR,Manhattan,Coffee/Tea,A,10,2023-07-18
THE LIBERTY,Manhattan,Irish,A,12,2022-08-02
THE LIBERTY,Manhattan,Irish,C,11,2024-02-02
THE LIBRARY,Manhattan,American,A,11,2026-04-16
THE LIFFY II BAR,Manhattan,Irish,C,28,2024-02-08
THE LIGHTHOUSE,Manhattan,American,A,12,2024-08-02
THE LIONS,Manhattan,American,B,23,2025-11-05
THE LITTLE BEET,Manhattan,American,A,13,2024-10-07
THE LITTLE BEET,Manhattan,American,C,39,2026-06-22
THE LITTLE ONE,Manhattan,Frozen Desserts,A,11,2025-07-22
THE LITTLE TACO HOUSE,Manhattan,Tex-Mex,A,9,2025-05-07
THE LITTLE TACO HOUSE,Manhattan,Tex-Mex,B,26,2022-06-15
THE LONG HALL,Manhattan,American,B,25,2026-03-19
THE LOST DRAFT,Manhattan,Coffee/Tea,B,18,2025-09-02
THE LUNCH BOX,Manhattan,Coffee/Tea,A,12,2024-03-14
THE LUXURY COLLECTION HOTEL (EMPLOYEE DININGN ROOM AND PASTRY),Manhattan,American,A,12,2025-01-02
THE MAGICIAN,Manhattan,American,B,27,2024-11-26
THE MALT HOUSE,Manhattan,American,A,5,2024-06-25
THE MANSION,Manhattan,American,A,13,2023-01-20
THE MANSION,Manhattan,American,A,13,2024-09-09
THE MARSHAL,Manhattan,American,A,12,2025-05-01
THE MARY LANE,Manhattan,American,A,10,2023-05-04
THE MAYFLY,Manhattan,American,B,16,2025-07-02
THE MET MUSEUM-BALCONY CAFE & LOUNGE,Manhattan,American,A,13,2025-05-15
THE MILLING ROOM,Manhattan,New American,A,9,2023-10-11
THE MOLLY PITCHER CLUB,Manhattan,American,B,27,2026-08-04
THE MOLLY WEE PUB,Manhattan,Irish,A,13,2026-08-24
THE MOORE HOTEL,Manhattan,Coffee/Tea,A,11,2025-07-09
THE MOORE HOTEL,Manhattan,Coffee/Tea,A,10,2023-10-10
THE MOUNTAIN HOUSE,Manhattan,Chinese,A,12,2025-11-25
THE MUFFIN CAFE,Manhattan,Bakery Products/Desserts,C,30,2025-12-05
THE NAKED PIG,Manhattan,American,A,12,2026-03-23
THE NEIGHBORS,Manhattan,Pizza,C,35,2025-06-18
THE NOODLE,Manhattan,Chinese,B,14,2024-04-11
THE OASIS CAFE,Manhattan,Coffee/Tea,A,9,2025-08-21
THE OASIS CAFE,Manhattan,Coffee/Tea,B,26,2024-03-05
THE OASIS CAFE,Manhattan,Bakery Products/Desserts,B,14,2026-04-10
THE OASIS CAFE,Manhattan,Coffee/Tea,B,17,2025-05-22
THE ODEON,Manhattan,French,A,11,2026-07-24
THE ODEON,Manhattan,French,A,13,2025-02-10
THE ONE CLUB,Manhattan,Mediterranean,A,8,2025-10-02
THE ORCHARD TOWNHOUSE,Manhattan,American,B,23,2025-01-21
THE OTHEROOM,Manhattan,American,A,12,2025-02-25
THE OWL'S TAIL,Manhattan,American,A,13,2025-06-11
THE OWL'S TAIL,Manhattan,American,A,10,2023-01-29
THE PARISIAN TEA ROOM,Manhattan,Coffee/Tea,A,10,2025-01-17
THE PARISIAN TEA ROOM,Manhattan,Coffee/Tea,A,12,2023-06-16
THE PENNY FARTHING & Linen Hall,Manhattan,American,A,12,2026-08-24
THE PERFECT PINT,Manhattan,Irish,A,10,2026-04-30
THE PERFECT PINT,Manhattan,Irish,A,11,2024-12-06
THE PICNIC BASKET,Manhattan,Sandwiches,C,30,2022-11-17
THE PLAYERS,Manhattan,American,A,12,2023-01-17
THE PLAYERS,Manhattan,American,A,11,2024-09-05
THE PLEAT CAFE AND BAR,Manhattan,American,A,12,2024-11-29
THE PLEAT CAFE AND BAR,Manhattan,American,A,13,2026-03-31
THE PLUG,Manhattan,Coffee/Tea,A,10,2024-02-05
THE POLO BAR,Manhattan,American,A,10,2026-08-26
THE PONY BAR,Manhattan,American,A,9,2024-04-09
THE PORCH,Manhattan,American,A,11,2023-04-11
THE RED GRILL MEXICAN RESTAURANT,Manhattan,Mexican,A,7,2024-11-14
THE RED LION,Manhattan,American,A,10,2026-06-02
THE RED STACHE,Manhattan,Armenian,A,7,2024-04-24
THE REGENCY BAR & GRILL / SANT AMBROEUS,Manhattan,American,A,13,2024-08-27
THE REGENCY BAR & GRILL / SANT AMBROEUS,Manhattan,American,A,13,2025-12-02
THE RIBBON,Manhattan,American,C,44,2025-10-09
"THE RITZ-CARLTON HOTEL, AUDEN",Manhattan,American,B,21,2024-04-25
"THE RITZ-CARLTON HOTEL, AUDEN",Manhattan,American,C,47,2025-05-21
THE ROOF,Manhattan,American,A,13,2024-01-16
THE RUSSIAN TEA ROOM,Manhattan,Russian,B,27,2023-08-17
THE SEA FIRE GRILL,Manhattan,American,A,9,2023-12-06
THE SHAKESPEARE,Manhattan,American,A,11,2025-05-27
THE SHELL,Manhattan,Mediterranean,A,11,2025-08-20
THE SHOP +,Manhattan,American,A,9,2023-05-18
THE SKINNY BAR,Manhattan,American,B,27,2025-09-16
THE SMITH,Manhattan,American,B,21,2024-11-13
THE SMITH,Manhattan,American,B,20,2026-03-18
THE SPA CLUB,Manhattan,Korean,A,13,2026-06-15
THE SPANIARD,Manhattan,American,B,24,2024-03-25
THE SPRING LOUNGE,Manhattan,American,A,12,2023-03-31
THE STANDARD BIERGARTEN / THE STANDARD GRILL / THE STANDARD SODA SHOP,Manhattan,American,A,12,2025-07-21
THE STINGER,Manhattan,American,B,21,2022-11-17
THE STINGER,Manhattan,American,B,22,2025-05-01
THE STINGER,Manhattan,American,C,43,2024-08-13
THE SWEET SHOP NYC,Manhattan,American,A,13,2023-10-03
THE TAP ROOM,Manhattan,American,A,2,2026-06-29
THE TAP ROOM,Manhattan,American,A,7,2024-03-13
THE TERRACE / PARADISE CLUB / LOBBY BAR,Manhattan,New American,A,6,2026-04-09
THE TIMES EATERY,Manhattan,American,A,13,2022-08-11
THE TIPPLER,Manhattan,American,B,23,2024-05-14
THE TIPSY BAKER,Manhattan,Sandwiches,B,27,2025-08-15
THE TUCK ROOM / IPIC THEATERS,Manhattan,New American,B,16,2023-11-09
THE UNCOMMONS,Manhattan,Coffee/Tea,B,18,2024-11-13
THE UNIVERSITY CLUB,Manhattan,American,A,10,2025-12-04
THE UNIVERSITY CLUB,Manhattan,American,A,13,2025-03-31
THE UPSIDE,Manhattan,American,A,13,2026-06-25
THE VICTORIA THEATER,Manhattan,Cajun,B,20,2025-08-28
THE WALKERS ESPRESSO,Manhattan,Coffee/Tea,A,13,2024-08-07
THE WARREN,Manhattan,American,A,12,2023-05-10
THE WAYLON,Manhattan,Tex-Mex,B,20,2025-03-31
THE WESTBURY,Manhattan,Irish,A,11,2024-12-12
THE WILSON,Manhattan,American,A,12,2024-04-22
THE WINSLOW,Manhattan,English,B,26,2025-09-23
THE WOLFE,Manhattan,German,A,12,2025-10-22
THE WREN,Manhattan,American,A,12,2024-12-18
THE YALE CLUB,Manhattan,American,A,12,2024-09-17
THEATER (FLY),Manhattan,American,A,13,2023-04-29
THEP,Manhattan,Thai,B,16,2025-11-25
THEP,Manhattan,Thai,C,31,2025-04-16
THIERRY ATLAN,Manhattan,Bakery Products/Desserts,A,10,2023-08-31
THIN COOKIES,Manhattan,Bakery Products/Desserts,A,9,2025-11-24
THINK COFFEE,Manhattan,Coffee/Tea,A,13,2024-12-16
THINK COFFEE,Manhattan,Coffee/Tea,A,12,2023-08-31
THINK COFFEE,Manhattan,Coffee/Tea,A,7,2024-03-27
THINK COFFEE,Manhattan,American,A,6,2024-02-23
THINK COFFEE,Manhattan,Coffee/Tea,A,13,2026-01-07
THINK COFFEE,Manhattan,Coffee/Tea,A,10,2024-03-25
THINK COFFEE,Manhattan,Coffee/Tea,A,8,2026-05-06
THINK COFFEE,Manhattan,Coffee/Tea,B,14,2024-09-10
THINK COFFEE,Manhattan,Coffee/Tea,B,21,2023-10-12
THINK COFFEE,Manhattan,Coffee/Tea,B,16,2024-08-08
THIRD AVENUE ALE HOUSE,Manhattan,American,B,14,2025-09-18
THIRD AVENUE ALE HOUSE,Manhattan,American,C,30,2025-01-27
THIRD RAIL COFFEE,Manhattan,Coffee/Tea,C,43,2023-11-16
THIRTEEN WATER,Manhattan,Japanese,A,13,2025-11-12
THISBOWL,Manhattan,Salads,A,12,2026-06-09
THREE GUYS,Manhattan,American,A,11,2023-09-25
THREE JEWELS,Manhattan,Coffee/Tea,A,7,2025-04-22
THREE JEWELS,Manhattan,Coffee/Tea,C,48,2024-08-20
THREE KINGDOMS XITA BBQ,Manhattan,Chinese,A,13,2025-12-23
TICK TOCK DINER/ BUTCHER AND THE BANKER,Manhattan,American,B,24,2025-09-15
TIFFANY AND CO. (EMPLOYEE CAFETERIA),Manhattan,American,A,12,2023-09-22
TIGER SUGAR,Manhattan,Other,A,10,2025-12-28
TIGER SUGAR,Manhattan,Coffee/Tea,C,30,2025-02-20
TIKAL MAYAN,Manhattan,Latin American,A,12,2025-02-25
TIKI CHICK,Manhattan,American,A,13,2026-08-06
TIME AGAIN,Manhattan,American,B,16,2025-10-14
TIME AGAIN,Manhattan,American,B,27,2023-01-31
TIME AGAIN,Manhattan,American,C,34,2024-08-08
TIMES DELI & CAFE,Manhattan,American,C,52,2026-05-27
TIMES SQUARE DINER & GRILL,Manhattan,American,A,10,2025-08-08
TIMES SQUARE MARKET,Manhattan,American,A,13,2024-12-18
TIMES SQUARE TOWER CAFE,Manhattan,Other,A,7,2023-11-01
TIN WONG,Manhattan,Chinese,A,13,2025-10-29
TINTO TAPAS RESTAURANT & WINE BAR,Manhattan,Spanish,A,4,2025-12-02
TINY'S & THE BAR UPSTAIRS,Manhattan,New American,B,27,2025-04-29
TINY'S & THE BAR UPSTAIRS,Manhattan,New American,C,40,2024-02-15
TIPICO56,Manhattan,Latin American,A,12,2026-07-30
TIPSY NOMAD,Manhattan,American,B,27,2025-02-05
TIPSY SCOOP,Manhattan,Frozen Desserts,A,10,2026-04-14
TIR NA NOG,Manhattan,Irish,A,13,2025-08-21
TIR NA NOG,Manhattan,Irish,B,22,2022-09-29
TIRO A SEGNO OF NEW YORK,Manhattan,Italian,A,9,2025-05-28
TITI'S EMPANADAS,Manhattan,Spanish,A,12,2026-01-08
TOAD HALL,Manhattan,American,A,2,2025-10-01
TOAST,Manhattan,American,A,13,2025-05-08
TOAST,Manhattan,American,A,9,2022-09-06
TOASTIES,Manhattan,American,A,13,2025-07-25
TOASTIES / HUMBOWL,Manhattan,American,B,21,2025-06-11
TOFU TOFU,Manhattan,Korean,A,13,2025-03-27
TOKUYAMATCHA & ONIGIRAZU BAR,Manhattan,Japanese,A,12,2025-03-25
TOKYO RECORD BAR,Manhattan,Japanese,B,27,2024-09-14
TOLOACHE,Manhattan,Mexican,A,13,2025-02-20
TOLOACHE,Manhattan,Mexican,B,22,2026-04-28
TOMINO - TABERNA GALLEGA,Manhattan,Spanish,A,13,2024-04-17
TOMO21 SUSHI,Manhattan,Japanese,B,27,2026-03-25
TOMPKINS SQUARE BAGELS,Manhattan,Bakery Products/Desserts,A,12,2023-07-12
TONY'S DI NAPOLI,Manhattan,Italian,A,13,2023-05-18
TOP HOPS BEER SHOP,Manhattan,American,A,5,2023-06-29
TOP THAI,Manhattan,Thai,B,16,2024-12-23
TOP WINGS,Manhattan,American,B,26,2026-03-10
TOP WINGS,Manhattan,American,B,21,2026-02-10
TOPAREPA,Manhattan,Latin American,A,6,2019-12-18
TORIEN,Manhattan,Japanese,B,20,2024-02-15
TORO LOCO,Manhattan,Mexican,B,24,2024-04-15
TORTILLERIA ROSTICERIA EL GUERRERENSE,Manhattan,Mexican,A,13,2026-03-30
TOSOKCHON NYC,Manhattan,Korean,C,43,2024-01-16
TOUS LES JOURS,Manhattan,Bakery Products/Desserts,B,23,2024-12-13
TOWA,Manhattan,Japanese,A,10,2025-11-07
TOWNPLACE SUITES BREAKFAST,Manhattan,American,A,12,2025-07-29
TRADER'S EXPRESS DELI,Manhattan,American,C,28,2025-01-24
TRADITAS PIZZA,Manhattan,Pizza,A,12,2026-01-28
TRAPIZZINO,Manhattan,Italian,C,28,2025-09-09
TRATTORIA BIANCA,Manhattan,Italian,A,10,2025-07-24
TRATTORIA IL GUSTO,Manhattan,Italian,A,12,2024-11-27
TRAVELERS POETS & FRIENDS,Manhattan,Italian,B,22,2026-02-18
TRI DIM WEST,Manhattan,Chinese,B,21,2023-02-16
TRIA DINER,Manhattan,American,B,27,2025-07-02
TRIBECA BAGELS,Manhattan,Sandwiches,A,12,2024-12-13
TRIBECA BAGELS,Manhattan,Sandwiches,B,27,2023-11-09
TRINITY PUBLIC HOUSE,Manhattan,Irish,A,5,2022-08-03
TRIONA'S,Manhattan,Irish,A,13,2026-07-29
TRIONA'S,Manhattan,Irish,B,23,2024-02-29
TROPICAL GRILL,Manhattan,Latin American,A,11,2026-01-08
TROPICAL GRILL,Manhattan,Latin American,A,12,2024-08-13
TROPICAL GRILL,Manhattan,Latin American,B,16,2023-01-31
TROPICAL SENSATION,Manhattan,Latin American,A,13,2024-10-22
TROPICAL SENSATION,Manhattan,Latin American,A,10,2023-05-25
TROPICAL SPANISH CUISINE,Manhattan,Spanish,A,11,2024-03-05
TROPICAL SPANISH CUISINE,Manhattan,Spanish,A,10,2026-06-08
TROPILYZ,Manhattan,Latin American,A,12,2025-06-20
TRUMP BAR,Manhattan,American,A,11,2025-03-20
TRUMP CAFE & GRILL,Manhattan,American,A,13,2025-07-09
TRUMP CAFE & GRILL,Manhattan,American,A,7,2024-02-27
TRYON PUBLIC HOUSE,Manhattan,American,B,23,2023-10-10
TSQ FOOD COURT,Manhattan,Sandwiches,B,14,2025-10-14
TSQ FOOD COURT,Manhattan,Sandwiches,C,43,2025-02-18
TSUKIMI,Manhattan,Japanese,A,8,2023-07-26
TSUKUSHI,Manhattan,Japanese,C,35,2026-06-30
TSUMO,Manhattan,Japanese,A,12,2025-01-30
TSURU TON TAN,Manhattan,Japanese,C,10,2023-04-03
TSURUTONTAN UDON NOODLE BRASSERIE,Manhattan,Japanese,A,13,2024-10-17
TU CACHAPA,Manhattan,Spanish,B,17,2025-10-22
TUCCI,Manhattan,Italian,A,13,2025-06-04
TUDOR CITY MARKETPLACE,Manhattan,American,B,27,2023-02-10
TUDOR CITY STEAKHOUSE,Manhattan,Steakhouse,A,12,2024-12-17
TUDOR CITY STEAKHOUSE,Manhattan,Steakhouse,B,21,2023-05-10
TUDOR MINI MARKET CAFE,Manhattan,Sandwiches/Salads/Mixed Buffet,C,101,2025-09-09
TUE THAI FOOD,Manhattan,Thai,C,39,2025-07-30
TULCINGO AZTECA,Manhattan,Mexican,C,6,2024-05-22
TULCINGO DEL VALLE,Manhattan,Mexican,A,7,2024-06-14
TUMI,Manhattan,Peruvian,A,11,2026-05-16
TUNG THONG THAI RESTAURANT,Manhattan,Thai,B,20,2025-10-07
TURCO,Manhattan,Turkish,A,8,2024-11-14
TURKISH CUISINE,Manhattan,Turkish,A,10,2024-05-01
TURKUAZ,Manhattan,Turkish,A,12,2025-08-18
TURNTABLE CHICKEN JAZZ,Manhattan,Korean,B,20,2026-06-02
TURTLE BAY TAVERN,Manhattan,American,A,11,2026-04-20
TUTI LOUNGE & BAR / ONE ONE FOUR / BALCON ROOFTOP,Manhattan,American,B,18,2026-04-30
TUTI LOUNGE & BAR / ONE ONE FOUR / BALCON ROOFTOP,Manhattan,American,C,34,2024-05-08
TWELVE CHAIRS,Manhattan,Mediterranean,A,13,2024-01-31
TWELVE CHAIRS,Manhattan,Mediterranean,A,12,2025-08-26
TWENTY-SEVENS,Manhattan,American,B,16,2025-02-12
TWO BOOTS PIZZA,Manhattan,Pizza,B,27,2024-12-30
TWO HANDS TRIBECA,Manhattan,Australian,A,12,2024-11-12
TWO HANDS TRIBECA,Manhattan,Australian,A,11,2023-01-18
TY BAR,Manhattan,American,A,13,2026-08-25
The Oma,Manhattan,Coffee/Tea,A,7,2024-07-23
UBANI,Manhattan,Eastern European,C,28,2025-07-09
UBER,Manhattan,American,A,13,2025-01-06
UBS EMA CAFÉ,Manhattan,American,A,12,2024-01-25
UDON LAB,Manhattan,Korean,A,10,2024-05-08
UJA FEDERATION,Manhattan,Jewish/Kosher,A,12,2023-03-31
UKRAINIAN RESTAURANT (EAST VILLAGE),Manhattan,Eastern European,A,13,2025-05-20
ULIVO,Manhattan,Italian,C,41,2025-09-17
UMBERTO'S CLAM HOUSE,Manhattan,Italian,A,13,2022-04-27
UMBERTO'S CLAM HOUSE,Manhattan,Italian,B,24,2024-03-27
UME,Manhattan,Japanese,B,17,2024-02-20
UNA PIZZA NAPOLETANA,Manhattan,Pizza,A,7,2023-06-23
UNCLE LOU,Manhattan,Chinese,A,13,2025-02-03
UNCLE PAULS PIZZA NY,Manhattan,Pizza,A,11,2024-11-21
UNCLE RAY'S,Manhattan,Filipino,B,27,2025-01-29
UNCLE SAM PIZZA,Manhattan,Pizza,A,10,2024-03-04
UNCLE TED'S,Manhattan,Chinese,C,29,2025-08-26
UNDERGROUND PIZZA,Manhattan,Pizza,A,13,2023-01-25
UNIK PIZZA,Manhattan,Pizza,C,31,2024-09-11
UNION BANK OF SWITZERLAND,Manhattan,American,A,12,2025-01-28
UNION BANK OF SWITZERLAND,Manhattan,American,A,2,2022-02-10
UNION SQUARE CAFE/ DAILY PROVISIONS,Manhattan,American,A,13,2025-05-29
UNIVERSITY CENTER CAFE,Manhattan,American,A,12,2023-11-17
UNO CHICAGO GRILL,Manhattan,Pizza,B,21,2026-01-15
UPLAND,Manhattan,American,A,13,2025-02-19
UPSIDE PIZZA,Manhattan,Pizza,A,10,2024-05-28
UPSIDE PIZZA,Manhattan,Pizza,A,11,2026-04-01
UPSIDE PIZZA,Manhattan,Pizza,A,13,2024-12-10
UPSIDE PIZZA,Manhattan,Pizza,B,20,2024-09-05
UPSTAIRS / BISTANGO,Manhattan,Italian,B,24,2023-12-26
UPSTEIN FOOD COURT,Manhattan,American,A,4,2025-12-02
UPTACO,Manhattan,Mexican,A,13,2025-04-14
UPTACO,Manhattan,Mexican,A,12,2026-08-12
UPTOWN BOURBON,Manhattan,American,A,7,2026-06-05
UPTOWN CREPES II,Manhattan,Other,B,22,2025-02-19
UPTOWN JUICE & VEG,Manhattan,Caribbean,C,42,2024-03-26
UPTOWN WINGZ,Manhattan,Other,B,16,2025-11-20
URBAN BACKYARD,Manhattan,Coffee/Tea,A,12,2026-04-16
URBAN COVE SOCIETY & KITCHEN,Manhattan,American,B,25,2025-06-13
URBANA CAFE & GALLERY,Manhattan,Coffee/Tea,A,6,2023-07-13
URBANA CAFE & GALLERY,Manhattan,Coffee/Tea,B,18,2025-02-05
USA BROOKLYN DELICATESSEN,Manhattan,Sandwiches,B,19,2025-09-05
UTOPIA DINER,Manhattan,American,A,10,2026-01-02
UTSHOB,Manhattan,Bangladeshi,C,41,2024-11-27
VALBELLA AT THE PARK,Manhattan,Italian,A,7,2025-07-16
VALHALLA,Manhattan,American,A,11,2023-03-10
VALLA TABLE,Manhattan,Southeast Asian,C,30,2025-07-16
VAN CAFE,Manhattan,Chinese,A,11,2025-07-17
VAN DA,Manhattan,Southeast Asian,A,9,2022-08-02
VAN LEEUWEN ICE CREAM,Manhattan,Frozen Desserts,A,11,2026-02-04
VAN LEEUWEN ICE CREAM,Manhattan,Frozen Desserts,A,10,2023-03-06
VAN LEEUWEN ICE CREAM,Manhattan,Frozen Desserts,A,12,2024-08-29
VAN LEEUWEN ICE CREAM,Manhattan,Frozen Desserts,A,5,2023-07-13
VAN LEEUWEN ICE CREAM,Manhattan,Frozen Desserts,A,12,2024-11-01
VAN LEEUWEN ICE CREAM,Manhattan,Frozen Desserts,A,12,2026-04-21
VAN LEEUWEN ICE CREAM,Manhattan,Frozen Desserts,A,12,2026-03-03
VAN LEEUWEN ICE CREAM,Manhattan,Frozen Desserts,A,2,2025-04-08
VAN LEEUWEN ICE CREAM,Manhattan,Frozen Desserts,A,10,2023-03-23
VAN LEEUWEN ICE CREAM,Manhattan,Frozen Desserts,A,2,2024-05-28
VAN LEEUWEN ICE CREAM,Manhattan,Frozen Desserts,B,19,2023-02-28
VAN LEEUWEN ICE CREAM,Manhattan,Frozen Desserts,C,37,2024-01-23
VANESSA'S DUMPLING HOUSE,Manhattan,Chinese,A,13,2024-01-11
VANESSA'S DUMPLING HOUSE,Manhattan,Chinese,B,20,2025-10-08
VANGUARD WINE BAR,Manhattan,French,A,9,2025-08-13
VANGUARD WINE BAR,Manhattan,French,A,10,2021-08-05
VANILLA GORILLA CAFE,Manhattan,Coffee/Tea,A,12,2025-06-23
VANILLA GORILLA CAFE,Manhattan,Coffee/Tea,A,13,2024-11-25
VARIETY COFFEE ROASTERS,Manhattan,Coffee/Tea,A,7,2024-06-11
VARIETY COFFEE ROASTERS (Located at 1269 Lexington Avenue),Manhattan,Coffee/Tea,A,6,2026-03-05
VEGAN GRILL,Manhattan,Jewish/Kosher,A,13,2025-02-21
VEGAN GRILL,Manhattan,Jewish/Kosher,A,12,2026-07-10
VEGAN GRILL,Manhattan,Jewish/Kosher,B,22,2023-08-10
VEGAN ON THE FLY,Manhattan,Vegan,A,12,2023-04-05
VELVET COWBOY,Manhattan,American,C,32,2024-12-18
VENCHI,Manhattan,Frozen Desserts,A,8,2026-02-03
VENCHI,Manhattan,Frozen Desserts,A,10,2024-11-21
VENCHI,Manhattan,Bakery Products/Desserts,A,13,2024-07-18
VENCHI,Manhattan,Frozen Desserts,B,24,2024-05-06
VERS,Manhattan,American,A,7,2024-12-10
VERSA,Manhattan,Californian,A,12,2024-08-28
VESELKA,Manhattan,Eastern European,A,11,2026-04-14
VESELKA,Manhattan,Eastern European,B,17,2024-11-12
VIA CAROTA,Manhattan,Italian,A,7,2024-03-11
VIA QUADRONNO,Manhattan,Italian,A,11,2026-01-30
VIA QUADRONNO,Manhattan,Italian,B,21,2024-04-25
VIA QUADRONNO,Manhattan,Italian,C,38,2025-09-05
VIAND CAFE,Manhattan,American,B,22,2024-02-23
VIAND CAFE,Manhattan,American,B,20,2025-09-16
VICTORIA'S SECRET CHAMPAGNE BAR,Manhattan,Bottled Beverages,A,7,2023-10-25
VIETNAAM,Manhattan,Southeast Asian,A,13,2025-04-02
VIETNAAM,Manhattan,Southeast Asian,C,35,2023-02-07
VIETNAAM,Manhattan,Southeast Asian,C,29,2024-05-15
VILLA BERULIA,Manhattan,Italian,A,9,2023-12-05
VILLA BERULIA,Manhattan,Italian,A,8,2024-12-09
VILLA MOSCONI,Manhattan,Italian,B,25,2024-03-14
VILLA MOSCONI,Manhattan,Italian,B,25,2025-04-17
VILLAGE CAFE & GRILL,Manhattan,American,A,12,2025-03-20
VILLAGE CAFE & GRILL,Manhattan,American,A,13,2022-10-25
VILLAGE EAST CINEMAS,Manhattan,American,B,19,2024-03-12
VILLAGE SQUARE PIZZA,Manhattan,Pizza,A,6,2025-12-15
VILLAGE SQUARE PIZZA,Manhattan,Pizza,B,21,2025-07-17
VILLAGE SQUARE PIZZA,Manhattan,Pizza,C,35,2025-10-08
VILLAGE SQUARE PIZZA - UPPER WEST SIDE,Manhattan,Pizza,A,12,2026-07-27
VILLAGE SQUARE PIZZA II,Manhattan,Pizza,A,13,2026-02-05
VILLAGE SQUARE PIZZA II,Manhattan,Pizza,C,32,2025-04-29
VILLAGE UNDERGROUND,Manhattan,American,A,13,2026-06-30
VILLAGE VANGUARD,Manhattan,American,A,13,2024-06-06
VILLAS LOUNGE 2,Manhattan,Latin American,A,12,2023-03-05
VIN SUR VINGT,Manhattan,French,A,10,2025-10-02
VINYL BEER,Manhattan,American,A,13,2025-06-26
VINYL STEAKHOUSE,Manhattan,Steakhouse,A,13,2026-01-28
VIRGIL'S BBQ,Manhattan,Barbecue,A,7,2026-08-05
VIRGIN HOTEL - 38TH FLOOR EVENT SPACE,Manhattan,American,A,9,2025-09-24
VISIT SICILY NYC,Manhattan,Italian,A,13,2026-04-02
VIV THAI RESTAURANT,Manhattan,Thai,A,11,2023-04-19
VIVE LA CREPE,Manhattan,French,A,12,2025-03-24
VIVI BUBBLE TEA,Manhattan,Chinese,A,10,2025-09-05
VIVI BUBBLE TEA,Manhattan,Coffee/Tea,A,9,2025-03-31
VIVID CABARET,Manhattan,American,A,11,2024-03-26
VOCO AN IHG HOTEL,Manhattan,American,B,24,2026-04-02
VOL DE NUIT,Manhattan,French,A,2,2023-06-21
VON,Manhattan,American,A,10,2023-03-13
Vinny's gluten free kitchen,Manhattan,Pizza,B,23,2025-09-29
Vinny's gluten free kitchen,Manhattan,Pizza,C,28,2024-05-22
W - TIMES SQUARE (EMPLOYEE DINING),Manhattan,American,A,13,2024-07-23
WA LUNG KITCHEN,Manhattan,Chinese,B,24,2024-12-26
WA LUNG KITCHEN,Manhattan,Chinese,B,21,2023-04-19
WAFELS & DINGES,Manhattan,Donuts,A,11,2026-08-18
WAGAMAMA,Manhattan,Japanese,B,22,2025-09-03
WAGAMAMA,Manhattan,Japanese,C,36,2024-08-27
WAH FUNG 1 FAST FOOD,Manhattan,Chinese,A,13,2025-04-03
WAHI DINER,Manhattan,Armenian,A,13,2024-12-17
WAITING ON A FRIEND,Manhattan,American,B,14,2025-11-13
WAKAMBA,Manhattan,American,B,17,2025-02-11
WALL AND WATER LOUNGE,Manhattan,American,A,5,2025-07-23
WALL STREET GRILL,Manhattan,Jewish/Kosher,A,11,2022-11-16
WALLSE,Manhattan,Continental,C,39,2024-03-13
WALTER'S BAR,Manhattan,American,A,8,2026-01-12
WANO/ SUSHI AMANE,Manhattan,Japanese,B,26,2024-02-06
WANPO TEA SHOP,Manhattan,Coffee/Tea,B,25,2023-09-21
WANT ITALY PASTA & GO,Manhattan,Italian,A,12,2026-03-30
WARRENPEACE,Manhattan,Mediterranean,A,12,2025-05-29
WASABI SUSHI & BENTO,Manhattan,Japanese,C,28,2024-09-04
WASABI SUSHI BENTO,Manhattan,Japanese,A,11,2025-02-26
WASABI SUSHI BENTO,Manhattan,Japanese,B,22,2025-07-22
WASABI SUSHI BENTO,Manhattan,Japanese,B,20,2024-02-20
WAT'S ON YOUR PLATE,Manhattan,Caribbean,C,40,2025-01-30
WATCHES OF SWITZERLAND,Manhattan,Coffee/Tea,A,10,2026-02-02
WATCHHOUSE COFFEE,Manhattan,Coffee/Tea,A,13,2026-07-30
WATCHHOUSE COFFEE,Manhattan,Coffee/Tea,A,12,2026-01-12
WATER & WHEAT,Manhattan,Italian,A,5,2023-09-19
WATERMARK BAR,Manhattan,American,A,10,2022-02-03
WAVERLY DINER,Manhattan,American,A,12,2023-05-17
WAYBACK BURGERS,Manhattan,American,A,13,2025-08-21
WAYS & MEANS,Manhattan,American,A,13,2024-03-06
WAYS & MEANS,Manhattan,American,B,22,2026-03-25
WEATHER UP,Manhattan,American,A,5,2026-05-26
WEIL CATERING KITCHEN,Manhattan,Other,A,8,2023-10-24
WENDY'S,Manhattan,American,A,8,2026-02-17
WENDY'S,Manhattan,Hamburgers,A,11,2024-09-26
WENDY'S,Manhattan,Hamburgers,B,21,2025-08-26
WENDY'S,Manhattan,American,B,21,2026-07-27
WENDY'S,Manhattan,Hamburgers,B,24,2026-06-25
WEST NEW MALAYSIA RESTAURANT,Manhattan,Asian/Asian Fusion,A,12,2025-10-15
WEST NEW MALAYSIA RESTAURANT,Manhattan,Asian/Asian Fusion,B,19,2024-05-29
WEST PLACE,Manhattan,Chinese,B,21,2022-10-31
WEST RICE ROLL KING,Manhattan,Chinese,A,12,2025-10-02
WEST VILLAGE FINEST,Manhattan,Sandwiches,B,19,2025-02-10
WESTSIDE BAGEL,Manhattan,Bagels/Pretzels,C,45,2026-01-20
WESTSIDE THEATRE,Manhattan,Bottled Beverages,A,10,2024-10-30
WESTVILLE,Manhattan,Californian,A,13,2026-08-06
WESTVILLE,Manhattan,Californian,A,7,2025-11-12
WESTVILLE,Manhattan,Californian,A,10,2024-05-15
WHISKEY TRADER,Manhattan,American,A,12,2025-01-07
WHITE CASTLE,Manhattan,Hamburgers,A,9,2025-11-07
WHITE CASTLE,Manhattan,Hamburgers,A,13,2023-09-20
WHITE HORSE TAVERN,Manhattan,American,B,23,2023-05-02
WHITE MAIZE,Manhattan,Latin American,A,13,2023-09-12
WHITMAN'S,Manhattan,American,B,18,2025-10-21
WHITMANS,Manhattan,American,C,29,2025-01-30
WILD GINGER VEGETARIAN KITCHEN,Manhattan,Vegetarian,A,11,2025-08-20
WILD GINGER VEGETARIAN KITCHEN,Manhattan,Vegetarian,C,44,2024-11-12
WILLIAM GREENBERG JR DESSERTS,Manhattan,Coffee/Tea,A,12,2023-05-12
WILLIAMSBURG PIZZA,Manhattan,Pizza,B,23,2025-08-26
WILLOW,Manhattan,Vegan,A,11,2023-11-15
WIMPY'S,Manhattan,American,C,33,2026-04-08
WIMPY'S RESTAURANT,Manhattan,American,B,20,2026-07-21
WINE ESCAPE,Manhattan,Mediterranean,A,12,2023-10-25
WING GONG RESTAURANT,Manhattan,Chinese,B,18,2025-08-13
WING GONG RESTAURANT,Manhattan,Chinese,C,29,2023-04-17
WING PLUS,Manhattan,Chicken,A,10,2024-04-09
WINGSTOP,Manhattan,American,A,12,2026-06-10
WINGSTOP,Manhattan,Chicken,A,2,2025-06-10
WINGSTOP,Manhattan,Chicken,A,13,2025-04-02
WINGSTOP,Manhattan,American,A,9,2025-01-14
WINGSTOP,Manhattan,Chicken,B,23,2023-03-21
WINGSTOP,Manhattan,Chicken,C,37,2023-11-21
WO HOP NEXT DOOR,Manhattan,Chinese,A,13,2026-08-18
WO HOP NEXT DOOR,Manhattan,Chinese,C,44,2023-09-06
WOGIES,Manhattan,American,A,12,2026-04-17
WOGIES BAR & GRILL,Manhattan,American,A,5,2026-02-11
WOK 88,Manhattan,Chinese,B,16,2025-09-16
WOK 88,Manhattan,Chinese,B,19,2024-03-18
WOK CITY,Manhattan,Chinese,A,9,2025-12-03
WOK CITY,Manhattan,Chinese,A,13,2023-03-30
WOK IN THE CLOUDS,Manhattan,Indian,B,17,2024-01-25
"WOK TO WALK, LOS TACOS HERMANOS, POKE BOWL, SAKURA OF JAPAN",Manhattan,Fusion,C,39,2025-01-02
WOLF FOREST,Manhattan,Coffee/Tea,A,10,2026-03-11
WOLFGANG'S STEAK HOUSE,Manhattan,Steakhouse,A,11,2026-07-16
WOLFGANG'S STEAKHOUSE,Manhattan,Steakhouse,A,8,2024-02-08
WOLFNIGHTS,Manhattan,Sandwiches,A,13,2025-12-01
WOLFNIGHTS,Manhattan,Sandwiches,B,20,2024-03-06
WOLFNIGHTS,Manhattan,Mediterranean,C,38,2023-01-18
WOMENS NATL. REPUBLICAN CLUB,Manhattan,American,A,6,2025-05-21
WONDER PHO,Manhattan,Asian/Asian Fusion,C,32,2025-07-10
WONG SUN HING LUNG,Manhattan,Chinese,C,31,2023-09-19
WOORIJIP,Manhattan,Korean,A,13,2025-05-16
WORLD YACHT DUCHESS,Manhattan,American,A,12,2016-08-20
WORLD YACHT DUCHESS,Manhattan,American,B,23,2018-09-27
WRAP N RUN GRILL,Manhattan,American,C,43,2024-03-14
WRAP N RUN GRILL,Manhattan,American,C,53,2025-04-24
WU'S WONTON KING,Manhattan,Chinese,C,28,2024-08-20
WXYZ BAR & LOUNGE,Manhattan,American,A,12,2026-01-27
XE MAY,Manhattan,Sandwiches/Salads/Mixed Buffet,A,7,2024-06-06
XI'AN FAMOUS FOODS,Manhattan,Chinese,A,8,2025-11-05
XI'AN FAMOUS FOODS,Manhattan,Chinese,A,8,2025-06-18
XI'AN FAMOUS FOODS,Manhattan,Chinese,C,5,2026-05-05
XING FU TANG,Manhattan,Coffee/Tea,A,9,2024-10-24
XING FU TANG (EDGE building),Manhattan,Coffee/Tea,B,15,2024-02-28
XING FU TANG KTOWN,Manhattan,Coffee/Tea,A,2,2026-04-21
XING WONG BBQ,Manhattan,Chinese,B,27,2024-11-12
XING WONG BBQ,Manhattan,Chinese,C,65,2026-04-16
XO TASTE,Manhattan,Chinese,A,13,2025-05-27
XO TASTE,Manhattan,Chinese,C,2,2022-09-15
XO TASTE,Manhattan,Chinese,C,54,2024-01-23
YAKI SUSHI,Manhattan,Asian/Asian Fusion,B,26,2024-08-27
YAKINIKU FUTAGO,Manhattan,Japanese,C,33,2024-09-26
YAKINIKU GEN,Manhattan,Japanese,C,35,2024-03-13
YAKINIKU GEN,Manhattan,Japanese,C,36,2025-09-11
YAKITORI NO NO NO,Manhattan,Japanese,A,12,2024-01-30
YAKITORI TOTTO,Manhattan,Japanese,B,19,2025-01-29
YAMA,Manhattan,Japanese,B,20,2025-09-23
YAN WO DOU BUN,Manhattan,Chinese,C,31,2024-12-18
YANNI'S COFFEE,Manhattan,Coffee/Tea,A,5,2023-06-02
YARA,Manhattan,Mediterranean,B,16,2023-11-06
YARD HOUSE #8389,Manhattan,American,C,34,2025-06-03
YARD HOUSE #8389,Manhattan,American,C,18,2024-08-16
YASOUVLAKI,Manhattan,Greek,A,5,2025-09-18
YASOUVLAKI,Manhattan,Greek,A,13,2024-04-11
YAYA TEA,Manhattan,Asian/Asian Fusion,A,13,2025-12-03
YAYA TEA GRAMERCY,Manhattan,Japanese,A,10,2025-09-19
YELLOW BANANA DELI,Manhattan,American,B,25,2024-08-26
YELLOW BANANA DELI,Manhattan,American,B,26,2022-10-14
YEZO THAI ISANKAYA,Manhattan,Thai,A,4,2024-10-09
YIA YIA,Manhattan,Greek,A,13,2024-06-24
YIN JI CHANG FEN,Manhattan,Chinese,C,33,2024-03-27
YIP'S FOOD COURT,Manhattan,Chinese,A,9,2025-07-18
YOAN MING GARDEN,Manhattan,Chinese,A,13,2025-01-15
YOAN MING GARDEN,Manhattan,Chinese,B,22,2023-09-20
YOKO-CHO,Manhattan,Japanese,C,29,2026-07-14
YOPPARAI,Manhattan,Japanese,B,22,2024-03-19
YORK AVE PIZZA,Manhattan,Pizza,A,13,2025-09-30
YORK COFFEE AND CREPERIE,Manhattan,Coffee/Tea,A,5,2026-02-20
YOSHINO NEW YORK,Manhattan,Japanese,A,10,2024-06-18
YUE LAI BAKERY,Manhattan,Bakery Products/Desserts,B,22,2025-04-23
YUKI JAPANESE RESTAURANT,Manhattan,Japanese,A,11,2025-08-13
YUM YUBU,Manhattan,Asian/Asian Fusion,A,9,2025-09-04
YUM YUBU,Manhattan,Asian/Asian Fusion,A,2,2023-12-06
YUMMY THAI,Manhattan,Thai,A,13,2026-04-21
YUNNAN RICE NOODLE,Manhattan,Chinese,C,33,2025-11-21
YUNNAN RICE NOODLE,Manhattan,Chinese,C,8,2025-06-13
YURA,Manhattan,American,A,9,2023-02-07
Yong Sheng Garden Chinese Restaurant,Manhattan,Chinese,B,22,2024-12-17
ZAAB ZAAB,Manhattan,Thai,A,13,2024-04-24
ZAAB ZAAB,Manhattan,Thai,B,21,2025-09-23
ZAAB ZAAB,Manhattan,Thai,C,33,2025-08-19
ZABB PUTAWN,Manhattan,Thai,B,21,2022-12-13
ZARA TERRACE,Manhattan,Turkish,A,12,2026-04-14
ZARO'S BREAD BASKET,Manhattan,Bakery Products/Desserts,A,12,2026-08-10
ZARO'S FAMILY BAKERY,Manhattan,Bakery Products/Desserts,A,4,2022-11-15
ZARO'S FAMILY BAKERY,Manhattan,Coffee/Tea,A,9,2023-11-01
ZAYTINYA & IN ROOM DINING,Manhattan,Mediterranean,A,5,2025-07-31
ZEN RAMEN & SUSHI,Manhattan,Asian/Asian Fusion,A,10,2025-10-17
ZEST RAMEN,Manhattan,Japanese,B,0,2022-05-19
ZEST RAMEN,Manhattan,Japanese,B,19,2025-05-07
ZHONG ZHONG NOODLES,Manhattan,Chinese,B,26,2022-11-21
ZHONG ZHONG NOODLES,Manhattan,Chinese,C,32,2025-10-21
ZIA MARIA LITTLE ITALY,Manhattan,Italian,C,76,2025-09-23
ZIBETTO ESPRESSO BAR,Manhattan,Coffee/Tea,A,12,2025-10-10
ZIGGLE K-FOOD,Manhattan,Korean,A,10,2026-03-30
ZILLIONS PIZZERIA,Manhattan,Pizza,C,30,2025-02-19
ZOI MEDITERRANEAN CUISINE,Manhattan,Mediterranean,A,12,2023-10-24
ZORALIE,Manhattan,Caribbean,C,2,2025-01-16
ZUCKER'S BAGELS & SMOKED FISH,Manhattan,Bagels/Pretzels,A,13,2025-08-08
ZUCKER'S BAGELS & SMOKED FISH,Manhattan,Bagels/Pretzels,A,9,2024-04-01
ZUCKER'S BAGELS & SMOKED FISH,Manhattan,Bagels/Pretzels,A,13,2023-04-11
ZUCKER'S BAGELS & SMOKED FISH,Manhattan,Bagels/Pretzels,A,12,2025-02-06
ZUCKER'S BAGELS & SMOKED FISH,Manhattan,Bagels/Pretzels,C,62,2024-02-02
ZURUTTO,Manhattan,Japanese,C,46,2024-05-23
ZUTTO,Manhattan,Japanese,C,42,2024-12-18
a.CAFE / a. LOUNGE,Manhattan,American,B,19,2025-09-12
i-TASTE EXPRESS,Manhattan,Chinese,A,9,2025-04-02
& MORE BY SHERATON,Queens,American,A,11,2023-03-27
& MORE BY SHERATON,Queens,American,B,27,2024-07-30
101 CAFE,Queens,American,A,12,2025-09-15
101 CAFE,Queens,American,A,10,2023-05-25
12 CORAZONES,Queens,Latin American,C,30,2025-05-08
12 CORAZONES,Queens,Latin American,C,62,2024-12-23
12.6 LOUNGE,Queens,Spanish,B,19,2025-11-07
162 K-TOWN BAR,Queens,Korean,B,27,2025-10-17
168 HK,Queens,Chinese,C,29,2026-01-22
18.5 GRAM COFFEE,Queens,Coffee/Tea,A,13,2025-08-08
18.5 GRAM COFFEE,Queens,Coffee/Tea,A,10,2023-12-20
301,Queens,Chinese,A,5,2026-04-08
369 BBQ,Queens,Asian/Asian Fusion,A,13,2025-03-06
375 CHICKEN N' FRIES,Queens,Chicken,B,27,2026-01-23
39 PRINCE CAFE/TANING LEMON TEA,Queens,Chinese,A,12,2026-03-12
39 PRINCE CAFE/TANING LEMON TEA,Queens,Chinese,C,36,2025-09-24
3M BAR & GRILL,Queens,Indian,B,18,2024-12-23
5 STAR BANQUET,Queens,Indian,B,24,2025-01-29
55 DELI-COFFEE SHOP,Queens,Mexican,A,12,2026-04-03
55 DELI-COFFEE SHOP,Queens,Mexican,B,23,2025-07-31
55 DELI-COFFEE SHOP,Queens,Mexican,C,45,2026-01-23
55 DELI-COFFEE SHOP,Queens,Mexican,C,36,2025-04-25
55 DELI-COFFEE SHOP,Queens,Mexican,C,40,2024-05-07
57'S ALL AMERICAN GRILL,Queens,American,A,11,2025-06-12
69 PIZZERIA,Queens,Pizza,A,12,2024-03-07
698 CAFE,Queens,Chinese,B,22,2024-11-12
786 PERI PERI GRILL,Queens,American,B,17,2025-12-15
876 CARIBBEAN EATERY,Queens,Caribbean,A,7,2024-05-17
876 CARIBBEAN EATERY,Queens,Caribbean,B,27,2026-04-16
876 CARIBBEAN EATERY,Queens,Caribbean,C,60,2025-12-01
88 BAKERY & CAFE,Queens,Bakery Products/Desserts,B,19,2025-04-23
88 BAKERY & CAFE,Queens,Bakery Products/Desserts,C,53,2024-12-04
88 CANTEEN,Queens,Chinese,A,12,2024-12-30
98K/ MR. BO BO,Queens,Chicken,C,59,2024-12-26
98K/ MR. BO BO,Queens,Chicken,C,42,2026-02-04
A BITE OF FUZHOU,Queens,Chinese,B,20,2025-05-05
A CHURRASQUEIRA,Queens,Portuguese,A,7,2025-03-19
A CHURRASQUEIRA,Queens,Portuguese,A,13,2024-01-02
A+ ROOF BAR,Queens,Bottled Beverages,A,11,2026-09-03
A1 JAMAICA BREEZE,Queens,Caribbean,B,22,2023-11-14
ABDULLAH SWEETS & RESTAURANT,Queens,Bangladeshi,A,10,2024-02-12
ACADEMY CAFE,Queens,American,B,15,2024-08-15
ACADEMY CAFE,Queens,American,C,35,2025-10-22
ACENTO,Queens,Latin American,A,12,2022-06-27
ADDA GHOR,Queens,Bangladeshi,C,29,2026-02-21
ADELA'S CAFE RESTAURANT,Queens,Latin American,A,12,2024-03-27
ADRIA HOTEL,Queens,American,C,31,2024-08-19
AFFY'S GRILL,Queens,American,B,26,2025-12-01
AFFY'S GRILL,Queens,American,C,36,2025-07-08
AFFY'S GRILL,Queens,American,C,36,2025-02-03
AFTERMATH NYC,Queens,American,A,13,2023-11-03
AFTERMATH NYC,Queens,American,B,24,2025-11-12
AGAVE 31,Queens,Latin American,A,12,2024-12-12
AGORA TAVERNA,Queens,Greek,A,12,2024-10-24
AGRA PALACE,Queens,Indian,B,21,2023-10-02
AKINO/ TEAZZI TEA SHOP,Queens,Japanese,B,27,2024-03-07
AKINO/ TEAZZI TEA SHOP,Queens,Japanese,C,36,2025-07-14
AKIYAMA JAPANESE RESTAURANT,Queens,Japanese,A,13,2023-04-13
AL AQSA RESTAURANT & SWEETS,Queens,Bangladeshi,A,12,2024-08-29
AL AQSA RESTAURANT & SWEETS,Queens,Bangladeshi,C,33,2025-10-08
AL MEHRAN,Queens,Pakistani,A,10,2026-03-05
AL-SHAM RESTAURANT,Queens,Middle Eastern,A,12,2024-12-03
ALADDIN HOOKAH LOUNGE,Queens,Middle Eastern,A,13,2024-02-20
ALBA'S PIZZERIA,Queens,Pizza,A,12,2025-04-10
ALBA'S PIZZERIA & RESTAURANT,Queens,Italian,A,13,2025-02-12
ALEGRE DESPERTAR,Queens,American,B,24,2023-11-13
ALEGRE DESPERTAR,Queens,American,B,22,2025-05-08
ALEX & FRIENDS COFFEE SHOP,Queens,American,A,10,2025-05-14
ALEXANDRA'S DELI & PIZZA,Queens,Pizza,B,21,2025-01-06
ALFONSO'S BAR,Queens,Latin American,A,12,2022-11-14
ALIADA,Queens,Greek,A,13,2022-11-07
ALITALIA MICHELANGELO LOUNGE,Queens,Italian,A,3,2017-06-21
ALL AMERICAN BAGEL BARISTA II,Queens,Coffee/Tea,A,8,2023-10-13
ALL AMERICAN BAGEL BARISTA II,Queens,Coffee/Tea,A,13,2025-09-10
ALL DAY NUTRITION (HERBALIFE),Queens,"Juice, Smoothies, Fruit Salads",A,12,2025-02-26
ALL IN LOUNGE (AUNTIE LIU'S PRIVATE KITCHEN),Queens,Asian/Asian Fusion,B,19,2023-08-21
ALL IN LOUNGE (AUNTIE LIU'S PRIVATE KITCHEN),Queens,Asian/Asian Fusion,C,34,2025-08-18
ALLEY 41,Queens,Chinese,B,24,2025-08-07
AMAR PERUVIAN KITCHEN,Queens,Peruvian,A,12,2024-08-28
AMAZING ASIA,Queens,Asian/Asian Fusion,B,27,2024-12-17
AMAZING TASTE CARIBBEAN AND AMERICAN RESTAURANT,Queens,Caribbean,A,11,2025-10-01
AMBASSADOR FOOD SERVICES,Queens,American,A,5,2023-12-11
AMBROSIA GARDEN,Queens,Greek,C,57,2025-07-01
AMC THEATRES,Queens,American,B,19,2025-02-20
AMERICAN EXPRESS CENTURION LOUNGE JFK,Queens,American,A,11,2025-04-15
AMERICAN MUSEUM OF THE MOVING IMAGE,Queens,Coffee/Tea,B,19,2025-12-04
AMORE PIZZERIA & RESTAURANT,Queens,Pizza,A,13,2024-12-16
AMPLE HILLS CREAMERY,Queens,Frozen Desserts,A,12,2025-08-08
AMYLOS TAVERNA,Queens,Greek,B,22,2025-02-19
ANDA BOBA TEA/RED MANGO,Queens,Coffee/Tea,A,10,2024-03-12
ANDA CAFE,Queens,Chinese/Japanese,B,27,2024-12-10
ANDRE'S BAKERY,Queens,Bakery Products/Desserts,B,26,2026-06-01
ANDRE'S BAKERY,Queens,Bakery Products/Desserts,B,27,2025-09-09
ANDREA'S CHICKEN,Queens,Peruvian,A,13,2024-11-13
ANEMOS,Queens,Greek,A,12,2018-12-20
ANEMOS,Queens,Greek,B,25,2020-02-28
ANGEL INDIAN RESTAURANT,Queens,Indian,B,22,2026-02-13
ANGEL INDIAN RESTAURANT,Queens,Indian,B,27,2024-05-07
ANGELINANA SUSHI,Queens,Japanese,B,26,2025-07-10
ANGELO'S DELI,Queens,American,B,14,2026-05-26
ANGELO'S PIZZA,Queens,Pizza,A,13,2025-03-28
ANGELO'S PIZZA,Queens,Pizza,A,13,2023-09-21
ANNAPURNA THAKALI KITCHEN,Queens,Asian/Asian Fusion,A,13,2025-11-22
ANNTREMET CAKE LIC,Queens,Bakery Products/Desserts,A,13,2025-01-06
ANNTREMET CAKE LIC,Queens,Bakery Products/Desserts,B,25,2023-10-10
ANNY'S RESTAURANT,Queens,Latin American,A,0,2024-10-18
ANTOJITOS EL MIJIN,Queens,Latin American,A,12,2024-03-16
APOLLO CAFE & BAKERY,Queens,Coffee/Tea,A,10,2025-06-06
APPLEBEE'S,Queens,American,A,7,2026-06-04
APPLEBEE'S,Queens,American,A,12,2024-03-12
APU KENNEDY FRIED CHICKEN,Queens,Chicken,C,41,2025-03-17
AQUI EN BELLA PUEBLA,Queens,Mexican,B,27,2022-12-28
ARBY'S,Queens,Sandwiches,B,22,2025-12-16
ARCADIA,Queens,American,A,13,2026-02-11
AREPA LADY,Queens,Latin American,A,9,2024-07-01
AREPALICIOUS,Queens,Latin American,B,27,2024-08-21
AREPAS BURGER,Queens,Latin American,A,13,2026-09-15
AREPAS CAFE,Queens,Latin American,A,13,2025-06-16
ARIANA'S PIZZA,Queens,Pizza,A,11,2025-12-07
ARIRANG USA,Queens,Korean,A,13,2024-05-17
AROMA / SUGAR N COAL,Queens,Indian,C,37,2024-04-24
AROMA BRAZIL,Queens,Brazilian,A,8,2026-09-02
AROMA BRAZIL,Queens,Brazilian,B,21,2025-02-03
AROMATIC KITCHEN,Queens,Chinese,A,7,2026-06-15
ART OF GRILL,Queens,Jewish/Kosher,B,22,2026-05-12
ARTICHOKE PIZZA,Queens,Pizza,A,10,2022-08-11
ARTPRESSO CAFE,Queens,American,A,13,2026-03-06
ARTPRESSO CAFE,Queens,American,B,19,2024-07-22
ARYA CAFE,Queens,Asian/Asian Fusion,C,36,2026-02-10
ASADERO LA FOGATA,Queens,Latin American,B,27,2024-08-21
ASAP! PIZZA SPOT,Queens,Pizza,A,12,2024-09-11
ASIA KITCHEN,Queens,Chinese,A,7,2024-07-31
ASIAN JEWELS SEAFOOD RESTAURANT,Queens,Chinese,B,20,2023-12-18
ASIAN KITCHEN,Queens,Chinese,A,12,2022-11-29
ASIR-ET,Queens,Steakhouse,A,8,2025-04-16
ASTORIA COFFEE SHOP,Queens,Coffee/Tea,C,4,2025-10-08
ATEAZ ORGANIC COFFEE & TEA,Queens,Coffee/Tea,A,2,2023-03-03
ATL WING SPOT,Queens,Chicken,B,21,2026-07-03
ATLANTIC DINER,Queens,American,A,9,2024-05-31
ATLANTIC DINER,Queens,American,C,30,2025-08-13
ATOMIC WINGS,Queens,Chicken,B,15,2024-11-12
ATOMIC WINGS,Queens,Chicken,B,24,2026-04-07
ATOMIC WINGS / BURGER HOLE,Queens,Chicken,B,25,2024-12-24
ATOMIC WINGS / BURGER HOLE,Queens,Chicken,C,36,2022-11-15
AU BON PAIN,Queens,Soups/Salads/Sandwiches,A,12,2018-11-14
AUBERGINE CAFE,Queens,American,A,4,2024-05-06
"AUNT BUTCHIES, REVIVE BAR (GATE 16)",Queens,Sandwiches,A,8,2025-06-12
AUNT GINNY'S,Queens,American,C,40,2025-02-07
AUNTIE ANNE'S,Queens,American,A,12,2026-09-09
AUNTIE ANNE'S PRETZEL / JAMBA JUICE,Queens,Hotdogs/Pretzels,C,46,2026-03-26
AUNTIE ANNE'S PRETZELS,Queens,Bagels/Pretzels,A,7,2024-04-04
AUNTIE ANNE'S PRETZELS,Queens,Bagels/Pretzels,B,21,2026-04-28
AUNTIE ANNE'S PRETZELS,Queens,Bagels/Pretzels,B,22,2024-11-13
AUSTIN'S ALE HOUSE,Queens,American,A,13,2025-09-16
AVELLINO RISTORANTE & PIZZERIA,Queens,Italian,A,13,2024-06-25
AVENITA DINER,Queens,American,A,12,2026-05-19
AVENUE BBQ HUT,Queens,Barbecue,B,27,2024-12-19
AVENUE CAFE,Queens,Greek,A,13,2024-03-19
AVENUE CAFE,Queens,Greek,C,51,2026-08-05
AVENUE CAFE,Queens,Greek,C,37,2025-06-26
AVLI THE LITTLE GREEK TAVERN,Queens,Greek,A,10,2023-04-10
AWANG KITCHEN,Queens,Indonesian,B,17,2024-03-15
AWANG KITCHEN,Queens,Indonesian,B,22,2025-10-06
AYADA,Queens,Thai,A,12,2026-05-04
AYADA,Queens,Thai,C,33,2025-08-06
AYADA,Queens,Thai,C,55,2024-08-13
AYY CHIHUAHUA,Queens,Mexican,A,9,2025-10-16
AZOGUENITA BAKERY & RESTAURANT,Queens,Latin American,A,11,2023-01-25
AZOGUENITA BAKERY & RESTAURANT,Queens,Latin American,A,11,2025-09-24
AZURE SEAFOOD RESTAURANT,Queens,Chinese,B,27,2025-06-16
Aloha Highway Deli,Queens,American,A,9,2025-05-14
B'AIRES BAKERY,Queens,Bakery Products/Desserts,A,13,2025-05-08
B'AIRES BAKERY,Queens,Bakery Products/Desserts,C,33,2024-11-14
B.B.'S PUB AND GRILL,Queens,American,B,25,2023-03-30
BACCARAT CLUB,Queens,Bottled Beverages,A,5,2023-10-23
BAGEL BOULEVARD,Queens,Bagels/Pretzels,A,9,2025-08-19
BAGEL CLUB,Queens,Bagels/Pretzels,A,12,2025-08-22
BAGEL CLUB,Queens,Bagels/Pretzels,C,35,2023-11-17
BAGEL OASIS,Queens,Bagels/Pretzels,A,12,2025-10-22
BAGEL PARLOR,Queens,Bakery Products/Desserts,A,10,2024-12-05
BAGEL TIME,Queens,Sandwiches,A,10,2024-05-10
BAGELETTE,Queens,Jewish/Kosher,B,16,2024-07-10
BAGELS & BREW,Queens,American,B,12,2025-01-16
BAGELS & CO,Queens,Jewish/Kosher,C,28,2026-06-26
BAGELS & CO,Queens,Jewish/Kosher,C,31,2024-04-09
BAGELS FOR YOU,Queens,American,A,13,2023-12-21
BAGELS PLUS,Queens,American,A,13,2025-12-29
BAGELS PLUS,Queens,American,A,5,2024-02-26
BAJEKO SEKUWA,Queens,Asian/Asian Fusion,C,34,2025-11-24
BAKER'S DOZEN BAGEL,Queens,Bagels/Pretzels,A,8,2024-08-02
BAKERY DE PARIS,Queens,Coffee/Tea,A,12,2025-06-26
BAKEWELL BAKERY & RESTAURANT,Queens,Caribbean,B,14,2025-11-06
BAKEWELL BAKERY & RESTAURANT,Queens,Caribbean,C,34,2023-11-06
BALKH SHISH KABAB HOUSE,Queens,Afghan,A,13,2024-08-13
BAMBOO TROPICAL,Queens,"Juice, Smoothies, Fruit Salads",A,11,2025-02-04
BANGO BOWLS,Queens,Sandwiches/Salads/Mixed Buffet,C,72,2025-07-30
BANTRY BAY PUBLICK HOUSE,Queens,Irish,B,25,2024-12-24
BAO & PANCAKE,Queens,Chinese,B,17,2026-01-05
BAO & PANCAKE,Queens,Chinese,B,20,2023-05-10
BAO & PANCAKE,Queens,Chinese,B,17,2024-08-20
BAO BUTONG,Queens,Chinese,C,28,2024-05-02
BAR 43,Queens,Irish,C,40,2025-07-29
BAR BURGER,Queens,Latin American,A,12,2026-08-28
BAREBURGER,Queens,American,A,13,2025-07-17
BAREBURGER,Queens,Hamburgers,A,12,2026-03-18
BAREBURGER,Queens,American,A,13,2023-12-21
BAREBURGER,Queens,Hamburgers,B,16,2024-04-18
BARLEY TIME,Queens,Bakery Products/Desserts,B,19,2024-12-02
BARO 1376,Queens,Asian/Asian Fusion,B,27,2022-10-19
BARO 1376,Queens,Asian/Asian Fusion,C,59,2025-01-28
BARRANQUILLA BAKERY,Queens,Latin American,C,32,2025-04-18
BARRELHOUSE,Queens,Latin American,C,29,2026-04-08
BARRILES,Queens,Latin American,C,37,2025-08-07
BARRIO SLICE,Queens,American,B,23,2026-04-09
BARTOLINO'S,Queens,Italian,A,9,2026-06-22
BARZOLA,Queens,Latin American,A,11,2024-03-22
BARZOLA,Queens,Latin American,B,25,2023-02-27
BARZOLA,Queens,Latin American,C,35,2025-08-27
BASEMENT BAR,Queens,Bottled Beverages,C,44,2024-05-24
BAYA BAR,Queens,"Juice, Smoothies, Fruit Salads",A,0,2024-03-22
BB.Q CHICKEN,Queens,Korean,A,6,2025-09-10
BB.Q CHICKEN & PUB,Queens,Korean,B,24,2025-11-03
BBQ VILLAGE,Queens,Pakistani,B,14,2025-11-01
BBQ VILLAGE,Queens,Pakistani,C,30,2024-02-20
BEANS & MALT,Queens,Coffee/Tea,B,24,2026-05-07
BEANS & MALT,Queens,Coffee/Tea,B,26,2024-07-25
BEANSTALK CAFE,Queens,Sandwiches/Salads/Mixed Buffet,B,17,2025-02-03
BEIJING,Queens,Chinese,B,16,2023-03-06
BEIJING,Queens,Chinese,B,18,2024-05-06
BEIJING DUMPLING,Queens,Chinese,C,50,2024-12-03
BEIJING HOT POT,Queens,Chinese,A,13,2026-05-26
BEIJING HOT POT,Queens,Chinese,B,27,2024-08-16
BEL AIRE DINER,Queens,Greek,A,12,2024-12-06
BELLA DONNA PIZZA,Queens,Pizza,A,9,2024-11-25
BELLA DONNA PIZZERIA,Queens,Pizza,B,16,2026-04-26
BELLA LULU'S,Queens,American,A,10,2023-07-17
BELLA PIZZA,Queens,Pizza,B,21,2026-03-09
BELLA'S ITALIAN ICES,Queens,Frozen Desserts,A,13,2025-11-15
BELLA'S PLACE,Queens,Mexican,A,12,2024-07-30
BELO,Queens,Brazilian,A,13,2025-09-30
BEN'S KOSHER DELI & RESTAURANT,Queens,Jewish/Kosher,A,8,2023-08-30
BENCH FLOUR BAKERS,Queens,Bakery Products/Desserts,A,11,2023-12-14
BENCH FLOUR BAKERS,Queens,Bakery Products/Desserts,B,24,2025-06-26
BENEDICTION RESTAURANT,Queens,Creole,B,21,2025-04-28
BENEDICTION RESTAURANT,Queens,Creole,C,34,2024-12-27
BENI'S  RESTAURANT & BAR,Queens,Caribbean,B,15,2025-09-08
BENI'S  RESTAURANT & BAR,Queens,Caribbean,C,36,2024-08-29
BENNY'S CUBAN CAFE,Queens,Spanish,B,26,2024-10-15
BENNY'S KOSHER PIZZA,Queens,Jewish/Kosher,A,12,2023-10-12
BENNY'S PIZZA RESTAURANT,Queens,American,A,12,2024-03-25
BENTO EXPRESS,Queens,Chinese,B,24,2026-01-17
BEST CARIBBEAN RESTAURANT & GRILL,Queens,Caribbean,A,13,2024-08-22
BEST SALAD BAR,Queens,American,A,11,2024-03-18
BETWEEN THE BAGEL NY,Queens,American,B,15,2024-04-24
BHOJAN,Queens,Indian,B,24,2025-04-01
BIENESTAR Y SALUD (HERBALIFE),Queens,"Juice, Smoothies, Fruit Salads",B,18,2024-12-18
BIG APPLE CHINESE RESTAURANT,Queens,Chinese,A,7,2025-02-05
BIG JOHN'S PIZZA & RESTAURANT,Queens,Pizza,C,77,2024-07-29
BIG JOHN'S PIZZA & RESTAURANT,Queens,Pizza,C,0,2025-09-08
BIG NEW YORK FRIED CHICKEN,Queens,Chicken,B,20,2024-10-17
BIGWELL BAKERY & HALAL RESTAURANT 2,Queens,Caribbean,C,65,2024-07-22
BIGWELL BAKERY AND HALAL RESTAURANT,Queens,Bakery Products/Desserts,B,24,2024-12-23
BILL'S RESTAURANT,Queens,American,A,7,2025-06-27
BISOUX RESTAURANT,Queens,American,A,2,2022-10-20
BISTRO PUNTA SAL,Queens,Peruvian,B,26,2025-06-30
BLACK OLIVE DELI,Queens,American,C,35,2026-06-11
BLACK STAR BAKERY & CAFE,Queens,Bakery Products/Desserts,A,7,2025-09-25
BLEND LOUNGE,Queens,Caribbean,B,22,2020-02-22
BLENDED SMOOTHIES,Queens,"Juice, Smoothies, Fruit Salads",B,23,2025-07-07
BLINKS DELI & PIZZA,Queens,American,A,12,2023-08-23
BLINKS DELI & PIZZA,Queens,American,A,12,2026-06-22
BLINKS DELI & PIZZA,Queens,American,B,24,2025-04-22
BLOOM BOTANICAL BISTRO,Queens,New American,A,12,2024-09-04
BLOOMY 7,Queens,Korean,A,13,2026-07-01
BLUE CAFE RESTAURANT & BAR,Queens,Latin American,B,14,2025-11-12
BLUE CAFE RESTAURANT & BAR,Queens,Latin American,B,26,2024-04-16
BLUE TIJUANA,Queens,Mexican,A,13,2024-10-10
BO AND GA,Queens,Asian/Asian Fusion,B,21,2025-05-05
BOARDWALK BAGEL,Queens,Bagels/Pretzels,A,13,2023-03-30
BOARDWALK PIZZERIA RESTAURANT,Queens,Pizza,A,13,2024-02-20
BOARDWALK PIZZERIA RESTAURANT,Queens,Pizza,B,16,2025-10-06
BOBA FRIES,Queens,Coffee/Tea,A,12,2024-08-09
BOBA FRIES,Queens,Coffee/Tea,A,9,2023-05-01
BOBA FRIES,Queens,Coffee/Tea,B,24,2025-08-18
BOBBA HUBBA,Queens,Coffee/Tea,A,12,2024-05-13
BOCADITOS,Queens,Latin American,A,9,2023-03-10
BOCCONCINI,Queens,Pizza,A,13,2025-02-13
BODHI VILLAGE,Queens,Vegetarian,B,27,2024-03-18
BODHI VILLAGE,Queens,Vegetarian,C,37,2025-08-13
BOGATIS,Queens,Frozen Desserts,C,60,2024-12-09
BOLIVIAN LLAMA PARTY,Queens,Latin American,A,13,2025-11-19
BOLIVIAN LLAMA PARTY,Queens,Latin American,B,19,2023-10-23
BOMBAY GRILL HOUSE,Queens,Indian,A,7,2025-12-10
BONAO CHIMI RESTAURANT,Queens,Latin American,C,33,2025-06-02
BONBON BAKERY,Queens,Bakery Products/Desserts,A,7,2023-06-20
BONELLE PASTRY SHOP,Queens,Bakery Products/Desserts,A,3,2025-12-10
BONUS ROOM,Queens,American,B,26,2024-11-20
BORA BORA,Queens,"Juice, Smoothies, Fruit Salads",A,12,2026-08-17
BORA BORA,Queens,Latin American,B,27,2025-04-03
BOSKE,Queens,Caribbean,A,12,2025-04-17
BOTTE,Queens,Italian,B,21,2025-11-08
BOTTE BAR,Queens,Italian,A,12,2026-07-11
BOWL 360 ASTORIA,Queens,American,A,10,2023-05-23
BOYCE TECHNOLOGIES,Queens,American,A,8,2023-06-27
BOYCE TECHNOLOGIES,Queens,American,A,5,2026-02-19
BRASAS,Queens,Peruvian,A,12,2025-07-21
BREAK BAR & BILLARDS,Queens,American,A,12,2026-06-13
BRIARWOOD CAFE,Queens,American,A,7,2025-08-28
BRICKTOWN BAGELS & CAFE,Queens,Bagels/Pretzels,A,0,2022-10-03
BRINDLE ROOM,Queens,American,A,12,2023-10-03
BRISAS DEL MAR RESTAURANT,Queens,Latin American,A,13,2026-06-16
BRISAS DEL MAR RESTAURANT,Queens,Latin American,C,39,2024-07-29
BRISAS DEL MAR RESTAURANT II,Queens,Spanish,A,12,2025-07-30
BRISAS DEL MAR SEAFOOD MARKET #2 CORP,Queens,Seafood,B,17,2025-08-04
BROADWAY PHO BANG,Queens,Southeast Asian,B,19,2023-02-28
BROADWAY PHO BANG,Queens,Southeast Asian,C,30,2025-01-02
BROOKLYN BEER GARDEN,Queens,German,A,2,2016-12-07
"BROOKLYN REBEL , BENTO (FOOD CORT)",Queens,Japanese,A,7,2026-08-04
BROTHER'S PIZZERIA,Queens,Pizza,B,23,2024-12-11
BROTHER'S PIZZERIA,Queens,Pizza,C,28,2025-07-07
BROTHER'S RAVIOLIS,Queens,Italian,A,13,2025-05-15
BROTHERS M TAQUERIA,Queens,Mexican,A,12,2023-11-16
BRUNCH SPOT NYC,Queens,"Juice, Smoothies, Fruit Salads",A,12,2026-06-01
BRUNCH SPOT NYC,Queens,"Juice, Smoothies, Fruit Salads",B,27,2025-01-28
BUEN SABOR HONDURENO,Queens,Spanish,C,36,2025-10-10
BUER PUB,Queens,Chinese,B,25,2022-12-28
BUFFALO WILD WINGS / PEETS COFFEE & TEA / BENTO SUSHI Gate B26,Queens,Chicken,A,10,2025-05-28
BUGGING OUT 4 BURGERS,Queens,American,A,12,2026-06-06
BUKOWSKI'S,Queens,Irish,B,15,2022-11-22
BUNSIK,Queens,Korean,B,21,2025-08-15
BUONA PIZZA RESTAURANT,Queens,Pizza,A,10,2024-04-04
BURGER CITY,Queens,Hamburgers,A,13,2023-11-16
BURGER KING,Queens,Hamburgers,A,12,2024-08-30
BURGER KING,Queens,Hamburgers,A,7,2024-05-02
BURGER KING,Queens,American,A,4,2026-01-28
BURGER KING,Queens,Hamburgers,A,8,2026-03-05
BURGER KING,Queens,Hamburgers,A,13,2024-06-26
BURGER KING,Queens,Hamburgers,A,12,2025-01-22
BURGER KING,Queens,Hamburgers,A,12,2024-09-27
BURGER KING,Queens,Hamburgers,A,9,2023-02-01
BURGER KING,Queens,Hamburgers,A,12,2025-08-28
BURGER KING,Queens,Hamburgers,B,16,2022-11-17
BURGER KING,Queens,Hamburgers,B,14,2026-04-28
BURGER KING,Queens,Hamburgers,C,41,2023-09-05
BURGER KING,Queens,Hamburgers,C,65,2024-10-11
"BURGER KING, POPEYES",Queens,Hamburgers,A,10,2025-10-06
"BURGER KING, POPEYES",Queens,Hamburgers,B,17,2024-08-20
BUTCHER BAR,Queens,Barbecue,A,12,2023-12-06
BYUNG CHUN SOON DAE,Queens,Korean,C,37,2025-01-30
BYUNG CHUN SOON DAE,Queens,Korean,C,48,2025-06-18
BYUNG CHUN SOON DAE,Queens,Korean,C,78,2025-11-10
BYUNG CHUN SOON DAE,Queens,Korean,C,47,2024-03-14
BYUNG CHUN SOON DAE,Queens,Korean,C,44,2026-07-14
Baccarat Club,Queens,American,A,2,2025-02-06
Beacon (GATE 9 & 10),Queens,American,A,11,2025-05-28
Boondee Moo Ka T,Queens,Thai,A,7,2024-10-21
C BAR & LOUNGE,Queens,Caribbean,C,50,2024-11-22
C.LO CAFE,Queens,Sandwiches/Salads/Mixed Buffet,A,5,2025-06-20
CABANA JORGE,Queens,Latin American,B,20,2024-08-29
CACHAPAS Y MAS,Queens,Latin American,A,13,2023-09-15
CAFE 47 NY,Queens,Latin American,B,18,2026-05-28
CAFE 48,Queens,Chinese,B,27,2025-05-01
CAFE 48,Queens,Chinese,C,0,2026-02-26
CAFE 52,Queens,American,B,23,2022-01-31
CAFE 52,Queens,American,B,23,2024-01-19
CAFE 52,Queens,American,C,33,2023-02-13
CAFE BENCH,Queens,Korean,A,10,2026-09-09
CAFE BLISS & ORGANIC JUICE BAR,Queens,"Juice, Smoothies, Fruit Salads",A,12,2023-05-09
CAFE CATMANDOO,Queens,Asian/Asian Fusion,A,13,2023-07-12
CAFE CATMANDOO,Queens,Asian/Asian Fusion,B,24,2024-09-18
CAFE CATMANDOO,Queens,Asian/Asian Fusion,B,18,2025-05-05
CAFE DE COLOMBIA BAKERY,Queens,Bakery Products/Desserts,A,12,2024-03-05
CAFE EVERYDAY,Queens,American,A,13,2025-04-22
CAFE JOIE,Queens,Coffee/Tea,A,12,2025-10-23
CAFE KISKEYA,Queens,Spanish,A,9,2023-10-12
CAFE ON SENECA,Queens,Asian/Asian Fusion,A,13,2026-08-24
CAFE PREMIATA,Queens,Jewish/Kosher,A,10,2023-07-26
CAFE RAE'S,Queens,Sandwiches,A,12,2025-05-12
CAFE RENIS,Queens,Coffee/Tea,A,7,2025-10-28
CAFE SALAMANCA,Queens,Spanish,B,22,2025-12-10
CAFE VALDEZ,Queens,Latin American,B,26,2025-10-08
CAFE VALDEZ,Queens,Latin American,C,47,2024-02-15
CAFE VALDEZ,Queens,Latin American,C,34,2025-04-29
CAFE W,Queens,Bakery Products/Desserts,B,20,2025-08-26
CAFE W,Queens,Bakery Products/Desserts,C,30,2025-01-28
CAFE XOCHIMILCO,Queens,Mexican,B,19,2025-04-18
CAFE Y ALGO MAS,Queens,Bakery Products/Desserts,A,12,2025-01-27
CAFETALES,Queens,Latin American,A,13,2025-01-09
CAFFE BENE,Queens,Bakery Products/Desserts,A,9,2025-08-14
CAFFE BENE,Queens,Bakery Products/Desserts,A,10,2024-02-14
CAFFE RUSTICO,Queens,Pizza,A,9,2024-12-05
CAFFEE EXPRESSO,Queens,Coffee/Tea,A,7,2024-03-11
CAIRO FETEER,Queens,Egyptian,B,23,2024-02-01
CAKE HOUSE WIN,Queens,Coffee/Tea,B,20,2025-07-14
CALI TAJADAS BAKERY & RESTAURANT,Queens,Latin American,B,17,2025-02-26
CALIFORNIA SPORTS BAR,Queens,Latin American,B,24,2023-08-22
CAMELLIA FAMILY,Queens,Chinese,A,12,2024-06-26
CAMELLIA FAMILY,Queens,Chinese,B,21,2023-02-06
CAMPEON DEL POLLO RESTAURANT,Queens,Latin American,B,23,2024-03-07
CANAAN BAKERY & CAFE,Queens,Bakery Products/Desserts,C,37,2026-01-22
CANAAN BAKERY & CAFE,Queens,Bakery Products/Desserts,C,30,2025-09-08
CANAAN BREAD,Queens,Bakery Products/Desserts,B,21,2023-08-17
CANAAN BREAD,Queens,Bakery Products/Desserts,C,40,2024-10-02
CANCUN CAFE,Queens,Mexican,A,11,2025-02-11
CANNELLE PATISSERIE,Queens,Bakery Products/Desserts,A,11,2023-12-06
CANO COFFEE  COMPANY,Queens,Coffee/Tea,C,58,2024-11-20
CANTINA 33,Queens,Latin American,A,12,2023-03-12
CANTON MANOR,Queens,Asian/Asian Fusion,B,24,2023-09-14
CANTON MANOR,Queens,Asian/Asian Fusion,B,26,2025-11-15
CARDINAL CAFE,Queens,Coffee/Tea,A,7,2023-04-25
CARIBBEAN STYLE CUISINE,Queens,Caribbean,A,11,2026-04-09
CARIBBEAN STYLE CUISINE,Queens,Caribbean,C,42,2025-08-01
CARIBBEAN TASTE BUDZ,Queens,Caribbean,B,14,2024-08-29
CARIBBEAN TASTE BUDZ,Queens,Caribbean,C,34,2023-08-25
CARIDAD RESTAURANT,Queens,Latin American,A,12,2023-11-30
CARIDAD RESTAURANT,Queens,Latin American,B,23,2026-01-12
CARLO'S PIZZERIA,Queens,Pizza,A,13,2024-06-20
CARLO'S PIZZERIA,Queens,Pizza,A,10,2025-10-06
CARLOS PIZZERIA,Queens,Pizza,A,12,2026-07-29
CARMINES RESTAURANT,Queens,American,A,13,2024-10-28
CARNIVAL PALACE,Queens,Chinese,A,12,2026-04-23
CARRIBEAN SPORTS BAR,Queens,Caribbean,A,2,2023-04-12
CARVEL,Queens,Frozen Desserts,A,7,2026-04-09
CARVEL,Queens,Frozen Desserts,A,7,2025-12-09
CARVEL,Queens,Frozen Desserts,A,12,2026-04-15
CARVEL,Queens,Frozen Desserts,A,11,2026-08-20
CARVEL,Queens,Frozen Desserts,A,12,2024-04-25
CARVEL,Queens,Frozen Desserts,B,19,2023-03-31
CARVEL,Queens,Frozen Desserts,C,13,2023-09-26
CARVEL # 102224,Queens,Frozen Desserts,A,8,2025-01-06
CARVEL / CINNABON,Queens,Frozen Desserts,A,13,2026-07-14
CASA ASIA,Queens,Chinese/Japanese,A,10,2024-03-14
CASCADE JERK,Queens,Caribbean,B,27,2025-10-17
CATHERINE BAKERY,Queens,Bakery Products/Desserts,B,25,2024-09-26
CELTIC GASTHAUS,Queens,American,A,2,2023-05-25
CENTRE PIZZA,Queens,Italian,A,13,2023-10-24
CENTRE PIZZA,Queens,Italian,B,27,2025-07-17
CENTRO PIZZA BAR,Queens,Pizza,B,19,2025-08-29
CHA MENYA,Queens,Japanese,A,11,2026-04-02
CHAIKHANA 7:40,Queens,Jewish/Kosher,B,14,2023-01-24
CHAIRMAN SUN,Queens,Chinese,C,31,2025-10-22
CHAIRMAN SUN,Queens,Chinese,C,34,2024-12-16
CHAKRA,Queens,Chinese/Japanese,B,20,2025-02-21
CHAKRA CAFE,Queens,Coffee/Tea,A,13,2024-06-13
CHAMPION PIZZA,Queens,Pizza,A,12,2025-12-17
CHAMPION PIZZA,Queens,Pizza,B,19,2024-01-29
CHAMPION PIZZA,Queens,Pizza,C,0,2023-08-31
CHANG PAI,Queens,Chinese,A,11,2023-05-18
CHANG PAI,Queens,Chinese,C,3,2024-11-12
CHANGLE CUISINE,Queens,Chinese,C,4,2025-10-27
CHANO'S CANTINA,Queens,Mexican,B,27,2025-12-03
CHAPIYORK DELI GROCERY AND RESTAURANT,Queens,Latin American,B,27,2026-01-22
CHAR SIU BAO BAKERY,Queens,Chinese,C,42,2026-06-08
CHARCOALGRILL & MODERN BUFFET,Queens,Chinese,C,41,2026-08-17
CHARISMA BALLROOM,Queens,American,A,10,2016-05-28
CHARO BROS RESTAURANT,Queens,Latin American,B,25,2025-04-15
CHARO RESTAURANT,Queens,Spanish,C,42,2024-08-21
CHATEAU LE WOOF CAFE,Queens,American,A,7,2024-06-25
CHAWLAS 2,Queens,Indian,B,23,2024-08-22
CHAWLAS 2,Queens,Indian,B,24,2026-07-09
CHECKERS,Queens,Hamburgers,A,10,2026-03-12
CHECKERS,Queens,Hamburgers,A,10,2024-07-11
CHECKERS,Queens,Hamburgers,A,6,2024-05-02
CHECKERS,Queens,Hamburgers,A,10,2024-07-31
CHEF LOTHIAN KITCHEN,Queens,Caribbean,A,13,2025-01-15
CHEF TORIBIO#3 RESTAURANT,Queens,Other,A,5,2026-03-04
CHEF WONG BISTRO,Queens,Chinese,B,27,2025-04-24
CHEF WONG BISTRO,Queens,Chinese,B,22,2024-03-12
CHEF'S GARDEN,Queens,Chinese,C,56,2025-07-15
CHEOGOD.ZIP,Queens,Korean,A,7,2024-11-19
CHERRY VALLEY DELI & GRILL,Queens,Sandwiches,A,13,2022-12-29
CHERRY VALLEY DELI & GRILL,Queens,Sandwiches,A,12,2025-03-19
CHERRY VALLEY DELI & GRILL,Queens,Sandwiches,C,32,2024-12-17
CHEUNG HING KITCHEN,Queens,Chinese,A,12,2024-09-18
CHEUNG HING KITCHEN,Queens,Chinese,A,11,2026-02-10
CHEUNG KHEI RESTAURANT,Queens,Chinese,A,13,2025-11-17
CHICK IT OUT,Queens,Thai,A,13,2025-07-01
CHICK IT OUT,Queens,Thai,C,38,2024-05-02
CHICK ROCKS,Queens,Chicken,A,13,2026-03-02
CHICK-FIL-A,Queens,Chicken,A,13,2025-12-06
CHICK-FIL-A,Queens,American,A,2,2023-12-14
CHICK-N-RICE,Queens,Middle Eastern,B,26,2025-03-20
CHICKEN FESTIVAL,Queens,Peruvian,A,11,2025-01-28
CHICKEN HOT POT,Queens,Chinese,C,49,2023-03-27
CHICKEN IS BACK,Queens,Chicken,A,4,2026-06-15
CHIEF BEEF NOODLES,Queens,Chinese,A,12,2025-06-16
CHIFA,Queens,Peruvian,A,12,2023-08-10
CHIFLEZ,Queens,Latin American,B,18,2026-04-24
CHIFLEZ,Queens,Latin American,C,28,2024-12-04
CHILL'D TASTE THAI,Queens,Thai,C,47,2024-12-23
CHILSUNG GARDEN,Queens,Korean,B,21,2024-04-18
CHIMI EXPRESS,Queens,Latin American,B,15,2024-03-14
CHINA BAR,Queens,Bottled Beverages,B,18,2025-11-22
CHINA COCINA,Queens,Chinese,C,31,2024-03-19
CHINA DELIGHT,Queens,Chinese,A,13,2026-05-04
CHINA DRAGON,Queens,Chinese,B,27,2025-02-11
CHINA FU ZHOU SNACK BAR,Queens,Chinese,B,23,2026-01-23
CHINA FUN,Queens,Chinese,C,33,2025-01-31
CHINA FUN CHINESE RESTAURANT,Queens,Chinese,C,47,2025-02-26
CHINA FUN CHINESE RESTAURANT,Queens,Chinese,C,30,2024-04-19
CHINA GOURMET,Queens,Chinese,B,22,2025-01-27
CHINA KING,Queens,Chinese,A,13,2024-03-07
CHINA KING,Queens,Chinese/Cuban,B,20,2023-12-20
CHINA SING,Queens,Chinese,A,12,2024-06-04
CHINA SING,Queens,Chinese,B,27,2023-09-20
CHIP CITY,Queens,Bakery Products/Desserts,A,12,2025-08-21
CHIPOTLE MEXCIAN GRILL # 2760,Queens,Tex-Mex,A,10,2024-07-09
CHIPOTLE MEXICAN GRILL,Queens,Tex-Mex,A,10,2026-07-30
CHIPOTLE MEXICAN GRILL,Queens,Tex-Mex,A,12,2026-03-26
CHIPOTLE MEXICAN GRILL #3056,Queens,Tex-Mex,A,13,2026-09-14
CHIPOTLE MEXICAN GRILL #3478,Queens,Tex-Mex,A,4,2023-12-05
CHIPOTLE MEXICAN GRILL #3483,Queens,Tex-Mex,A,11,2023-08-23
CHIPOTLE MEXICAN GRILL #3742,Queens,Mexican,B,19,2025-07-14
CHIVITO DE ORO,Queens,Latin American,B,18,2022-12-05
CHONG QING NOODLE,Queens,Chinese,A,13,2026-07-07
CHONGQING LAO ZAO,Queens,Chinese,A,13,2024-12-07
CHOP CHOP KITCHEN,Queens,Chinese,A,13,2025-02-06
CHOP CHOP KITCHEN,Queens,Chinese,B,27,2024-03-28
CHORIZOS LLANEROS,Queens,Latin American,A,10,2026-09-10
CHRISTOS STEAKHOUSE,Queens,Steakhouse,A,11,2025-11-07
CHUANG CHEF,Queens,Chinese,A,12,2026-01-22
CHUANYUE BAR,Queens,Chinese,C,56,2026-06-25
CHUCK E. CHEESE,Queens,Pizza,C,43,2025-08-15
CHUN YANG,Queens,Coffee/Tea,A,4,2026-01-27
CHUN YANG TEA,Queens,Coffee/Tea,A,7,2024-05-02
CHUNG KI WA,Queens,Korean,B,27,2023-06-07
CHUNG MOO ROLL RICE & DONGA,Queens,Korean,B,26,2024-11-12
CHUNKY BITES,Queens,Bakery Products/Desserts,C,28,2026-05-27
CIBO EXPRESS GOURMET MARKET,Queens,American,A,3,2025-06-12
CIBO EXPRESS GOURMET/JAMBA,Queens,American,A,10,2022-08-11
CIBO MARKET,Queens,American,A,2,2018-11-27
CIBO MARKET,Queens,American,A,2,2019-03-07
CIELITO LINDO,Queens,Mexican,A,13,2023-06-15
CINEMART CINEMAS,Queens,American,A,12,2024-11-18
CINNABON,Queens,Bakery Products/Desserts,B,16,2024-12-10
CIRCULO ESPANOL,Queens,Spanish,B,27,2024-01-26
CIRO'S PASTRY SHOP,Queens,Bakery Products/Desserts,A,11,2026-09-09
CITI FIELD - GRILL STAND - STAND 137,Queens,American,A,5,2025-09-13
CITI FIELD BIG APPLE BREWS,Queens,Bottled Beverages,A,0,2024-09-20
"CITI FIELD BUD ISLAND, STAND 140",Queens,Bottled Beverages,A,2,2025-09-13
"CITI FIELD COCA COLA CORNER 301, 303",Queens,American,A,2,2024-09-20
CITI FIELD EMPLOYEE CAFETERIA,Queens,American,A,2,2025-09-13
"CITI FIELD HYUNDAI CLUB, STAND 119",Queens,American,A,2,2024-09-20
CITI FIELD NATHAN'S HOT DOGS STAND 404,Queens,American,A,13,2025-09-13
CITI FIELD NATHAN'S HOT DOGS STAND 408,Queens,Hotdogs,A,3,2025-09-13
CITI FIELD PAL AL FRIEDA,Queens,American,A,2,2024-09-20
CITI FIELD STAND 415,Queens,American,A,5,2025-09-13
CITI FIELD STAND 425,Queens,American,A,12,2024-09-20
CITI FIELD STAND 431,Queens,American,A,7,2024-09-20
CITI FIELD STAND 435,Queens,American,A,12,2025-09-13
CITI FIELD STERLING KITCHEN/CHOP HOUSE,Queens,American,A,11,2025-09-13
CITI FIELD SUITE KITCHEN,Queens,American,A,12,2024-09-20
CITY SNOOKER POOL HOUSE,Queens,Bottled Beverages,A,12,2024-05-23
CITY VIEW RACQUET CLUB,Queens,American,A,4,2025-12-01
CITYPICKLE,Queens,American,A,5,2024-02-12
CITYPICKLE,Queens,American,A,12,2025-03-12
CJ CAFE,Queens,Caribbean,B,25,2026-06-26
CJ DIAMOND CAFE,Queens,Chinese,A,7,2019-02-24
CLASSIC QUIZINE,Queens,Caribbean,C,33,2024-03-20
CLUB EVOLUTION,Queens,Latin American,B,24,2022-11-30
COCINA MAMA ROSA,Queens,Latin American,B,27,2025-02-18
COCO,Queens,"Juice, Smoothies, Fruit Salads",A,9,2023-08-28
COCO FRESH TEA & JUICE,Queens,Coffee/Tea,A,12,2024-10-28
COCO HOTPOT,Queens,Asian/Asian Fusion,B,27,2023-05-15
COCO'S BAR,Queens,Mexican,B,26,2026-04-27
COCOLUAH PIZZA,Queens,Pizza,C,59,2025-04-29
COFFEE & GREEN,Queens,American,B,27,2024-12-06
COFFEE & GREEN,Queens,American,C,35,2025-12-02
COFFEE & GREEN,Queens,American,C,49,2026-06-09
COFFEE AVENUE,Queens,Greek,B,23,2024-08-26
COFFEE CLOUD,Queens,American,B,17,2025-12-04
COFFEE FACTORY,Queens,Bakery Products/Desserts,C,49,2024-08-07
COFFEE FACTORY,Queens,Bakery Products/Desserts,C,39,2025-05-09
COFFEE MONSTER,Queens,Bakery Products/Desserts,A,12,2023-11-27
COFFEE MONSTER,Queens,Bakery Products/Desserts,A,13,2025-04-07
COFFEE TREE LOUNGE,Queens,Korean,A,9,2026-07-01
COFFEELATO,Queens,Frozen Desserts,A,10,2025-09-08
COLD CRUSH,Queens,Coffee/Tea,B,23,2025-06-09
COLD STONE CREAMERY,Queens,Frozen Desserts,A,5,2026-02-10
COLD STONE CREAMERY,Queens,Frozen Desserts,B,24,2025-10-02
COLD STONE CREAMERY,Queens,Frozen Desserts,C,33,2024-08-22
COLOMBIA FAMA BAKERY,Queens,Latin American,A,12,2026-02-02
COLOMBIA FAMA BAKERY,Queens,Latin American,B,39,2023-10-27
COMFORT INN & SUITES,Queens,American,A,13,2024-02-02
COMPTON'S,Queens,Sandwiches,A,13,2026-01-02
COMPTON'S,Queens,Sandwiches,B,7,2025-09-10
COMPTON'S,Queens,Sandwiches,B,16,2025-05-06
COMPTON'S,Queens,Sandwiches,B,26,2024-05-14
COMPTON'S,Queens,Sandwiches,C,62,2024-12-18
CONGEE VILLAGE RESTAURANT & BAR OF FLUSHING,Queens,Chinese,B,25,2025-10-01
CONNOLLY'S CORNER,Queens,Continental,A,13,2025-06-16
CONNOLLY'S CORNER,Queens,Continental,B,25,2022-06-17
CONNOLLY'S CORNER,Queens,Continental,B,21,2024-03-28
CONTINENTAL LUNCHEONETTE & DELI,Queens,Sandwiches,A,13,2026-06-15
CONTINENTAL LUNCHEONETTE & DELI,Queens,Sandwiches,B,15,2023-10-16
COOKED KLEAN,Queens,"Juice, Smoothies, Fruit Salads",A,7,2023-05-04
COOKIES AND CREAM PASTRY SHOP,Queens,Bakery Products/Desserts,A,5,2026-01-20
COOKIES N CREAM,Queens,Bakery Products/Desserts,A,12,2025-04-23
COOKING WITH COREY,Queens,American,A,2,2026-08-20
COPACABANA,Queens,Brazilian,A,13,2025-01-10
COPACABANA,Queens,Brazilian,A,12,2024-07-17
COPACABANA,Queens,Brazilian,A,13,2026-07-21
COPPER KETTLE,Queens,Irish,A,12,2024-03-18
COPPER KETTLE,Queens,Irish,B,19,2025-11-24
CORATO 1,Queens,Pizza,B,26,2025-01-08
CORNDOGS BY MR. COW,Queens,Hotdogs,A,5,2023-11-27
CORONA NUTRITION,Queens,"Juice, Smoothies, Fruit Salads",A,5,2026-08-14
COURT HOUSE GOURMET DELI,Queens,Sandwiches/Salads/Mixed Buffet,C,48,2023-08-03
COURT SQUARE PIZZERIA,Queens,Pizza,C,43,2025-10-09
COURTSIDE LOUNGE,Queens,American,A,12,2024-12-31
COURTSIDE LOUNGE,Queens,American,C,40,2023-01-04
"COURTYARD LONG ISLAND CITY, MANHATTAN VIEW",Queens,American,A,13,2022-12-02
COVE RESTAURANT,Queens,Caribbean,A,12,2024-06-14
CREATE,Queens,American,A,12,2026-01-05
CREATE,Queens,American,A,13,2024-08-27
CREOLE PLATE,Queens,Caribbean,A,12,2025-04-04
CRISPY BURGER / LAANKEE,Queens,Chicken,C,61,2026-04-06
CRISPY CLOUD,Queens,Asian/Asian Fusion,B,26,2026-03-19
CRISTINA DELI,Queens,Sandwiches,A,13,2024-10-16
CROSSBAY DELI & GRILL,Queens,Sandwiches,A,12,2025-10-30
CROSSBAY DELI & GRILL,Queens,Sandwiches,C,44,2024-07-09
CROSSBAY DINER,Queens,American,A,9,2023-12-04
CROWN FRIED CHICKEN,Queens,Chicken,A,7,2025-02-18
CROWN FRIED CHICKEN,Queens,Chicken,A,13,2026-06-03
CROWN FRIED CHICKEN,Queens,Chicken,B,23,2024-04-24
CROWN FRIED CHICKEN,Queens,Chicken,B,22,2026-02-10
CROWN ONE BANQUET,Queens,Chinese,C,36,2025-12-20
CRUST,Queens,American,A,2,2022-10-27
CUENCA COFFEE SHOP RESTAURANT,Queens,Latin American,B,25,2025-12-31
CUENCA COFFEE SHOP RESTAURANT,Queens,Latin American,B,19,2023-12-26
CUENCA COFFEE SHOP RESTAURANT,Queens,Latin American,C,47,2025-07-24
CUGINI PIZZERIA & RESTAURANT,Queens,Italian,A,11,2025-11-13
CUISINE IMPERIAL,Queens,Caribbean,A,13,2026-03-30
CUPPA TEA,Queens,Coffee/Tea,C,44,2026-04-21
CUPPA TEA (PH 1C),Queens,Coffee/Tea,A,13,2026-01-23
CURLEY'S BAGELS,Queens,Bagels/Pretzels,A,12,2024-09-06
CURRY ROTI BOX,Queens,Caribbean,A,2,2024-05-29
CUSTOM BURGERS PAT LA FRIEDA,Queens,Hamburgers,A,10,2020-02-05
CUTE CAFE,Queens,American,B,24,2024-08-14
CYCLO,Queens,Southeast Asian,B,24,2025-04-29
CYCLO,Queens,Southeast Asian,B,22,2026-07-03
Cafe JJ,Queens,American,A,13,2025-06-30
Caraotas,Queens,Fusion,A,10,2024-01-31
D HACK'S HALAL,Queens,Caribbean,C,31,2025-02-03
D ROTI HUT,Queens,Caribbean,C,43,2024-08-09
D'ANGELO'S PIZZA,Queens,Pizza,B,19,2025-01-07
D'ANNA'S PIZZA & DELI,Queens,Latin American,C,30,2026-06-26
D'ELISA RESTAURANT,Queens,Latin American,C,64,2025-09-25
D'LENNY RESTAURANT,Queens,Spanish,B,21,2025-10-16
D'LENNY RESTAURANT,Queens,Spanish,B,26,2024-03-20
D'LENNY RESTAURANT,Queens,Spanish,C,39,2025-04-30
D.T RESTAURANT,Queens,Chinese,C,30,2024-09-23
DA PAI DON,Queens,Chinese,B,27,2026-01-20
DA PAI DON,Queens,Chinese,C,37,2024-11-13
DA PAI DON,Queens,Chinese,C,37,2025-04-24
DA PAI DON,Queens,Chinese,C,42,2025-08-13
DAANA PAANI,Queens,Indian,C,45,2026-05-13
DAE BAK RESTAURANT,Queens,Korean,B,23,2025-09-09
DAI HING RESTAURANT,Queens,Chinese,B,14,2023-10-16
DAILY DOSE JUICE BAR & CAFE,Queens,"Juice, Smoothies, Fruit Salads",A,8,2026-02-05
DAL & CHAL Premium Sweets,Queens,Bangladeshi,C,49,2025-07-15
DALLAS BBQ,Queens,Barbecue,A,12,2024-03-12
DALLAS BBQ,Queens,Barbecue,A,10,2024-11-13
DANNY PIZZERIA & RESTAURANT,Queens,Pizza,A,10,2024-05-21
DANNY'S GRILL,Queens,Barbecue,C,0,2025-10-23
DANNY'S SZECHUAN GARDEN RESTAURANT,Queens,Chinese,A,13,2024-03-07
DANTE'S PIZZA,Queens,Pizza,A,8,2025-01-15
DANTE'S PIZZA,Queens,Pizza,A,13,2024-03-05
DAR AL-YEMEN,Queens,Middle Eastern,A,7,2024-04-11
DARBAR'S CHICKEN & RIBS,Queens,Chicken,B,14,2024-01-16
DARBAR'S CHICKEN & RIBS,Queens,Chicken,B,27,2025-05-08
DARJEELING KITCHEN & CAFE,Queens,Asian/Asian Fusion,B,27,2025-06-26
DARO'S PIZZA & FRIED CHICKEN,Queens,Chicken,A,13,2026-07-28
DAVE CHINESE KITCHEN,Queens,Chinese,A,9,2025-08-04
DAY BREAK,Queens,Latin American,A,12,2026-01-13
DAY BREAK,Queens,Latin American,B,17,2024-09-25
DEE'S,Queens,Italian,A,12,2026-07-22
DEJA VU,Queens,Mediterranean,A,11,2023-10-11
DELI ANTOJITOS POBLANOS,Queens,Spanish,A,13,2025-12-11
DELI GLORIA'S CAFE,Queens,Spanish,A,10,2024-10-25
DELICIAS AMBATENAS,Queens,Latin American,A,9,2025-03-12
DELICIAS AMBATENAS,Queens,Latin American,C,36,2024-08-12
DELICIAS CALENAS #4,Queens,Latin American,B,26,2024-09-25
DELICIAS CALENAS #4,Queens,Latin American,B,21,2025-12-29
DELICIAS CALENAS ASTORIA,Queens,Latin American,A,11,2025-07-29
DELICIOUS,Queens,Spanish,A,13,2024-09-17
DELIGHT DONUT,Queens,Greek,A,10,2025-12-08
DELIGHTFUL BAKERY & CAFE,Queens,Bakery Products/Desserts,A,13,2023-07-20
DELILICIOUS KITCHEN & CAFE,Queens,Spanish,C,28,2026-04-15
DELTA SKY CLUB,Queens,American,A,12,2025-04-15
DENNIS BAGEL,Queens,Sandwiches/Salads/Mixed Buffet,A,13,2024-12-09
DESERT RAIN LOUNGE,Queens,Middle Eastern,B,22,2024-12-27
DESI BITES CAFE,Queens,Indian,A,12,2024-07-17
DESI BITES CAFE,Queens,Indian,A,12,2023-04-20
DESI BITES CAFE,Queens,Indian,A,11,2025-11-20
DESI JUNCTION,Queens,Indian,B,21,2023-11-17
DESI JUNCTION,Queens,Indian,C,66,2025-06-12
DESI JUNCTION,Queens,Indian,C,39,2024-12-16
DESI PIZZA,Queens,Indian,C,53,2025-10-30
DETOXX BAR,Queens,"Juice, Smoothies, Fruit Salads",A,7,2022-09-09
DHANSHIRI,Queens,Bangladeshi,C,31,2025-12-10
DHANSHIRI,Queens,Bangladeshi,C,35,2024-11-13
DI-JUICE,Queens,"Juice, Smoothies, Fruit Salads",C,50,2026-06-26
DIDI'S HEALTHY DELIGHTS,Queens,"Juice, Smoothies, Fruit Salads",C,28,2023-08-25
DINASTIA ECUADORIAN FOOD,Queens,Latin American,A,7,2025-01-09
DIONYSOS,Queens,Greek,A,8,2024-03-19
DISTRICT 385,Queens,Latin American,C,37,2025-11-22
DISTRICT SAIGON,Queens,Southeast Asian,C,28,2025-12-03
DITMARS BAR & GRILL,Queens,Continental,A,13,2026-03-02
DIVINE BICKLES RESTAURANT.,Queens,Caribbean,B,21,2025-07-28
DJERDAN,Queens,Eastern European,A,13,2025-06-12
DJERDAN,Queens,Eastern European,B,22,2022-09-20
DOCK 3366,Queens,Chinese,C,30,2026-04-30
DOLCI PARADISE BAKERY,Queens,Bakery Products/Desserts,A,8,2024-01-12
DOMA,Queens,Korean,B,16,2025-07-07
DOMAND'S ITALIAN GOURMET DELI & CATERERS,Queens,Sandwiches,B,27,2024-02-12
DOMAND'S ITALIAN GOURMET DELI & CATERERS,Queens,Sandwiches,C,42,2025-07-30
DOMINIE'S,Queens,American,A,11,2026-03-04
DOMINIE'S HOEK,Queens,American,A,13,2026-08-12
DOMINO'S,Queens,Pizza,A,7,2024-10-31
DOMINO'S,Queens,Pizza,A,13,2023-02-02
DOMINO'S,Queens,Pizza,A,12,2026-02-02
DOMINO'S,Queens,Pizza,A,5,2023-04-04
DOMINO'S,Queens,Pizza,A,9,2023-11-15
DOMINO'S,Queens,Pizza,A,9,2024-11-19
DOMINO'S,Queens,Pizza,A,12,2023-03-14
DOMINO'S,Queens,Pizza,A,3,2023-05-22
DON ALEX,Queens,Peruvian,B,25,2023-08-29
DON ALEX,Queens,Peruvian,B,25,2025-01-22
DON ALEX,Queens,Peruvian,C,49,2025-11-28
DON ALEX,Queens,Peruvian,C,48,2024-08-19
DON ALEX,Queens,Peruvian,C,31,2025-04-30
DON DEAN BAKERY,Queens,Latin American,B,18,2025-05-02
DON KITCHEN,Queens,Korean,A,10,2026-06-15
DON MIGUEL RESTAURANT,Queens,Latin American,B,26,2025-05-05
DON PEPPE,Queens,Italian,A,13,2025-09-24
DON PEPPE,Queens,Italian,C,35,2022-11-22
DON POLLO,Queens,Peruvian,A,8,2023-05-10
DON POLLO,Queens,Peruvian,A,7,2024-10-21
DON POLLO,Queens,Peruvian,B,17,2025-10-22
DONA CUQUITA,Queens,Latin American,B,23,2024-11-13
DONG WON SUSHI & TUNA,Queens,Korean,A,13,2024-08-14
DONG YUE SEAFOOD RESTAURANT,Queens,Chinese,C,28,2025-08-25
DONG YUE SEAFOOD RESTAURANT,Queens,Chinese,C,49,2025-02-04
DONOVAN'S PUB,Queens,American,B,18,2024-11-13
DONUT CRAFT,Queens,Donuts,A,10,2026-06-29
DORA'S CAFFE,Queens,Latin American,A,10,2026-06-01
DOSA DELIGHT,Queens,Indian,B,24,2025-04-09
DOSA HUTT,Queens,Indian,B,20,2023-03-16
DOUBLE HAPPY KITCHEN,Queens,Chinese,A,13,2025-01-09
DOUBLETREE BY HILTON HOTEL JFK AIRPORT,Queens,American,B,26,2025-11-07
DOUDOU KITCHEN,Queens,Chinese,C,41,2025-10-14
DOUGH DOUGHNUTS,Queens,Donuts,A,10,2023-08-07
DRAGON CITY RESTAURANT,Queens,Chinese,A,11,2025-03-07
DRAGON CITY RESTAURANT,Queens,Chinese,C,3,2024-08-23
DRAGON GARDEN,Queens,Chinese,A,10,2024-08-22
DRAGON KING,Queens,Chinese,B,20,2025-04-08
DRAGON KING RESTAURANT,Queens,Chinese,C,31,2025-09-22
DRAGON KING RESTAURANT,Queens,Chinese,C,48,2024-12-02
DREDSURFER GRILL,Queens,Caribbean,C,8,2024-05-06
DUE AMICI,Queens,Italian,A,5,2020-02-05
DUE MONDI CIVIC ASSOCIATION,Queens,American,B,20,2018-09-10
DUE MONDI CIVIC ASSOCIATION,Queens,American,C,41,2018-05-14
DUGOUT PUB,Queens,Irish,C,42,2025-09-18
DUNHUANG FLUSHING,Queens,Chinese,A,13,2025-09-16
DUNKIN,Queens,Donuts,A,10,2026-02-02
DUNKIN,Queens,Donuts,A,3,2024-08-15
DUNKIN,Queens,Donuts,A,11,2023-08-08
DUNKIN,Queens,Donuts,A,5,2025-08-29
DUNKIN,Queens,Donuts,A,9,2024-10-25
DUNKIN,Queens,Donuts,A,3,2024-05-28
DUNKIN,Queens,Donuts,A,2,2023-04-04
DUNKIN,Queens,Donuts,A,2,2025-08-06
DUNKIN,Queens,Donuts,A,7,2025-11-17
DUNKIN,Queens,Donuts,A,12,2026-05-20
DUNKIN,Queens,Donuts,A,12,2025-06-25
DUNKIN,Queens,Donuts,A,13,2026-03-04
DUNKIN,Queens,American,A,10,2025-05-15
DUNKIN,Queens,Donuts,A,13,2024-02-09
DUNKIN,Queens,Donuts,A,10,2023-03-16
DUNKIN,Queens,American,A,11,2026-06-30
DUNKIN,Queens,American,A,12,2024-09-17
DUNKIN,Queens,American,A,5,2025-01-14
DUNKIN,Queens,American,A,11,2023-02-21
DUNKIN,Queens,Donuts,A,7,2025-11-10
DUNKIN,Queens,Donuts,A,7,2023-09-20
DUNKIN,Queens,Donuts,A,10,2025-11-12
DUNKIN,Queens,Donuts,A,10,2024-04-16
DUNKIN,Queens,Donuts,A,4,2025-05-13
DUNKIN,Queens,Donuts,A,9,2023-11-03
DUNKIN,Queens,American,A,11,2024-11-07
DUNKIN,Queens,American,A,8,2025-07-03
DUNKIN,Queens,Donuts,A,7,2025-02-06
DUNKIN,Queens,American,A,7,2024-08-19
DUNKIN,Queens,American,A,10,2023-10-12
DUNKIN,Queens,American,A,9,2026-07-20
DUNKIN,Queens,Donuts,A,12,2026-07-23
DUNKIN,Queens,Donuts,A,9,2026-02-20
DUNKIN,Queens,American,B,17,2024-06-21
DUNKIN,Queens,Donuts,B,17,2024-04-05
DUNKIN,Queens,Donuts,B,24,2025-07-24
DUNKIN,Queens,Donuts,B,20,2025-07-08
DUNKIN,Queens,Donuts,B,20,2024-03-04
DUNKIN,Queens,American,B,27,2026-07-16
DUNKIN,Queens,Donuts,B,20,2024-04-29
DUNKIN,Queens,American,C,39,2025-12-30
DUNKIN - FOOD COURT,Queens,Donuts,A,2,2024-08-02
DUNKIN / BASKIN ROBBINS,Queens,Donuts,A,6,2023-11-06
DUNKIN / BASKIN ROBBINS,Queens,Donuts,A,10,2024-08-02
DUNKIN DONUTS,Queens,Donuts,A,13,2025-09-20
DUNKIN DONUTS,Queens,Donuts,A,5,2026-08-14
DUNKIN DONUTS,Queens,Donuts,A,3,2023-08-25
DUNKIN DONUTS,Queens,Donuts,A,9,2025-12-04
DUNKIN DONUTS,Queens,Donuts,A,4,2024-05-10
DUNKIN GATE B33,Queens,Coffee/Tea,A,4,2024-02-07
DUNKIN',Queens,Donuts,A,12,2024-12-06
DUNKIN',Queens,Donuts,A,12,2025-08-27
DUNKIN',Queens,Coffee/Tea,A,10,2026-04-15
DUNKIN',Queens,American,A,4,2025-02-24
DUNKIN',Queens,Coffee/Tea,A,10,2025-02-14
DUNKIN',Queens,Coffee/Tea,A,13,2024-10-02
DUNKIN',Queens,Donuts,A,11,2023-10-10
DUNKIN',Queens,Donuts,A,7,2025-12-03
DUNKIN',Queens,Donuts,A,12,2026-06-26
DUNKIN',Queens,Coffee/Tea,A,10,2026-04-01
DUNKIN',Queens,Coffee/Tea,A,5,2025-02-27
DUNKIN',Queens,Donuts,B,24,2026-04-29
DUNKIN' / 'BASKIN ROBBINS,Queens,Donuts,A,12,2024-07-19
DUNKIN' / BASKIN ROBBINS,Queens,American,A,11,2026-03-31
DUNKIN' / BASKIN ROBBINS,Queens,Donuts,A,11,2023-05-04
DUNKIN' / BASKIN ROBBINS,Queens,American,A,9,2024-03-04
DUNKIN' / BASKIN ROBBINS,Queens,Donuts,A,8,2025-07-09
DUNKIN' / BASKIN ROBBINS,Queens,Donuts,A,4,2026-04-16
DUNKIN' / BASKIN ROBBINS,Queens,Donuts,B,22,2025-07-22
DUNKIN' / BASKIN ROBBINS,Queens,Donuts,B,26,2025-01-24
DUNKIN' / JIMMY JOHN'S,Queens,Coffee/Tea,A,2,2024-01-25
DUNKIN' BASKIN,Queens,Donuts,A,12,2024-08-08
"DUNKIN', BASKIN ROBBINS",Queens,Donuts,A,10,2026-01-15
"DUNKIN', BASKIN ROBBINS",Queens,Donuts,A,2,2025-01-17
"DUNKIN', BASKIN ROBBINS",Queens,Donuts,A,12,2026-03-20
"DUNKIN', BASKIN ROBBINS",Queens,Donuts,A,3,2025-06-05
"DUNKIN',' BASKIN ROBBINS",Queens,Donuts,A,7,2026-08-24
"DUNKIN',' BASKIN ROBBINS",Queens,Donuts,A,5,2025-07-30
"DUNKIN',' BASKIN ROBBINS",Queens,Donuts,A,12,2026-08-31
"DUNKIN',' BASKIN ROBBINS",Queens,Donuts,A,4,2024-02-07
"DUNKIN',' BASKIN ROBBINS",Queens,Donuts,A,12,2025-04-29
"DUNKIN',' BASKIN ROBBINS",Queens,Donuts,A,10,2024-02-29
"DUNKIN',' BASKIN ROBBINS",Queens,Donuts,A,10,2025-01-29
"DUNKIN',' BASKIN ROBBINS",Queens,Donuts,A,12,2026-06-18
DUNKIN/BASKIN ROBBINS,Queens,Coffee/Tea,A,5,2026-09-08
DUNKIN99,Queens,American,A,7,2025-12-19
DUNKIN99,Queens,American,A,9,2024-09-17
DURAN RESTAURANT,Queens,Latin American,A,12,2023-07-17
DUST TIL DAWN BAR & RESTAURANT,Queens,Caribbean,B,26,2025-04-02
DUZAN,Queens,Middle Eastern,B,19,2025-01-21
Doner King NYC,Queens,Mediterranean,A,11,2026-04-09
E&A'S BAKE N BREW,Queens,Coffee/Tea,B,17,2024-03-13
E&C DELI & RESTAURANT LLC.,Queens,Latin American,B,17,2026-01-02
E&C DELI & RESTAURANT LLC.,Queens,Latin American,B,25,2024-08-19
EAST BISTRO,Queens,Chinese,B,24,2025-05-08
EAST CATERING & RESTAURANT,Queens,Chinese,B,22,2026-07-30
EAST CATERING & RESTAURANT,Queens,Chinese,B,25,2024-07-22
EAST GARDEN,Queens,Chinese,A,13,2022-09-22
EAST GARDEN,Queens,Chinese,B,20,2025-07-09
EAST GARDEN,Queens,Chinese,C,38,2024-11-27
EAST MEETS WEST,Queens,Chinese,A,13,2023-10-04
EASTERN CHINESE RESTAURANT,Queens,Chinese,A,12,2026-09-14
EASTERN CHINESE RESTAURANT,Queens,Chinese,B,26,2023-12-21
EASTERN NIGHTS,Queens,Coffee/Tea,A,13,2025-07-15
EASTERN RESTAURANT,Queens,Chinese,A,13,2026-04-24
EATERNITI,Queens,Thai,B,14,2026-02-21
EATON CAFE,Queens,Japanese,B,18,2025-10-16
EATZY THAI,Queens,Thai,B,18,2024-11-15
ECUADORIAN FOOD RESTAURANT,Queens,Latin American,A,12,2023-03-22
ECUADORIAN FOOD RESTAURANT,Queens,Latin American,A,11,2024-06-12
EE LANG,Queens,Korean,A,12,2026-09-03
EGGHOLIC,Queens,Indian,A,11,2025-07-30
EIGHT BEAUTITUDES,Queens,Korean,B,26,2025-02-12
EIGHT JANE FOOD,Queens,Chinese,B,27,2025-08-25
EIM KHAO MUN KAI,Queens,Thai,A,13,2024-10-15
EL ABUELO GOZON,Queens,Latin American,A,10,2024-02-02
EL ABUELO GOZON,Queens,Latin American,A,12,2025-10-18
EL BUEN SABOR,Queens,Latin American,B,27,2024-11-29
EL BUEN SABOR,Queens,Latin American,B,27,2025-07-15
EL BUEN SABOR 2,Queens,Spanish,A,11,2025-01-17
EL BUEN SABOR 2,Queens,Spanish,A,13,2023-12-11
EL CAFETAL BAKERY,Queens,Bakery Products/Desserts,A,9,2023-03-09
EL CALLAO,Queens,Peruvian,B,18,2025-08-28
EL CALLAO,Queens,Peruvian,B,34,2023-09-26
EL CAMPEON DE LOS POLLOS,Queens,Spanish,A,13,2025-01-09
EL CAMPEON DE LOS POLLOS 2,Queens,Latin American,A,11,2023-09-21
EL CAMPEON DE LOS POLLOS 2,Queens,Latin American,B,24,2024-11-20
EL CANELAZO,Queens,Latin American,A,13,2024-05-31
EL CANGREJAL RESTAURANT,Queens,Latin American,B,18,2023-08-25
EL CANGREJAL RESTAURANT,Queens,Latin American,B,26,2025-01-28
EL CASTILLO DEL POLLO,Queens,Spanish,C,51,2025-08-28
EL COCINERITO,Queens,Latin American,A,9,2025-03-05
EL COMAL RESTAURANT,Queens,Latin American,C,38,2026-03-17
EL COYOTE,Queens,Mexican,A,12,2023-05-15
EL ENCANTO CENTRO-AMERICANO RESTAURANT,Queens,Latin American,B,20,2024-04-16
EL ENCANTO CENTRO-AMERICANO RESTAURANT,Queens,Latin American,B,27,2025-12-03
EL ENCANTO CENTRO-AMERICANO RESTAURANT,Queens,Latin American,C,28,2025-08-19
EL ENCEBOLLADO DE VICTOR 2,Queens,Latin American,B,20,2025-06-27
EL ENCEBOLLADO DE VICTOR 3,Queens,Latin American,B,20,2025-06-02
EL GALLO NEGRO,Queens,Mexican,B,27,2026-05-11
EL GALLO NEGRO,Queens,Latin American,C,35,2024-12-04
EL GALLO NEGRO,Queens,Mexican,C,52,2023-09-06
EL GALLO NEGRO,Queens,Latin American,C,36,2022-12-29
EL GAUCHITO II,Queens,Brazilian,A,10,2026-02-20
EL GRAN COFFEE SHOP,Queens,Latin American,A,13,2023-06-02
EL GRAN COFFEE SHOP,Queens,Latin American,B,19,2025-11-01
EL GUACAMOLE TEX-MEX,Queens,Tex-Mex,A,7,2025-12-01
EL GUACAMOLE TEX-MEX,Queens,Tex-Mex,A,13,2024-08-28
EL GUAYAQUILENO,Queens,Latin American,A,7,2025-05-21
EL LADO TACO,Queens,Mexican,B,14,2025-06-30
EL MANABA,Queens,Latin American,B,25,2023-10-17
EL MANATIAL,Queens,Latin American,A,13,2024-06-17
EL MERO MERO,Queens,Mexican,A,12,2024-12-19
EL MONUMENTAL RESTAURANT,Queens,Latin American,A,10,2024-05-31
EL NUEVO RANCHO LATINO,Queens,Latin American,C,34,2025-02-05
EL NUEVO TACO VELOZ,Queens,Mexican,B,19,2023-01-26
EL PALO RESTAURANT,Queens,Mexican,B,26,2023-08-18
EL PASILLO,Queens,Fusion,A,12,2026-04-04
EL PASILLO,Queens,Fusion,B,17,2024-03-14
EL PATIO LOUNGE,Queens,American,A,12,2024-10-12
EL PATIO LOUNGE,Queens,American,C,32,2026-07-20
EL PERRO COLOMBIAN FAST FOOD,Queens,Latin American,A,10,2024-02-29
EL POLLO INKA PERU,Queens,Peruvian,B,23,2025-02-06
EL POLLO INKA PERU,Queens,Peruvian,B,27,2025-06-20
EL POLLO SABROSON,Queens,Latin American,B,15,2025-06-27
EL POLLO SABROSON,Queens,Latin American,B,22,2024-11-25
EL PUERTO MEXICANO,Queens,Mexican,A,11,2025-11-10
EL PUERTO MEXICANO,Queens,Mexican,C,35,2024-04-09
EL PUERTO MEXICANO,Queens,Mexican,C,47,2025-05-12
EL QUETZALITO,Queens,Latin American,B,27,2025-03-31
EL RANCHERO,Queens,Mexican,A,13,2026-02-19
EL RANCHITO DE DAISY,Queens,Latin American,B,23,2025-08-07
EL RANCHITO DE DAISY,Queens,Latin American,C,43,2023-08-08
EL REY,Queens,Latin American,A,12,2025-10-03
EL REY,Queens,Latin American,B,27,2023-07-06
EL REY DE LOS TACOS,Queens,Tex-Mex,A,12,2024-10-18
EL RINCONCITO DE LOS SABORES,Queens,Mexican,C,41,2026-07-18
EL RINCONCITO PAISA,Queens,Latin American,A,5,2026-06-26
EL RINCONCITO PAISA,Queens,Latin American,B,17,2026-05-06
EL RINCONCITO PAISA 2,Queens,Latin American,A,9,2024-07-24
EL RUMBERO,Queens,Latin American,B,21,2025-10-23
EL RUMBERO,Queens,Latin American,B,20,2024-11-13
EL SABOR DEL RANCHO CORP,Queens,Mexican,A,12,2023-08-09
EL SABOR DEL RANCHO CORP,Queens,Mexican,B,22,2026-04-03
EL SEMBRADOR,Queens,Spanish,A,8,2024-06-14
EL TORO BRAVO,Queens,Mexican,B,22,2025-01-27
EL TRI MX,Queens,Mexican,B,22,2025-10-22
EL TRI MX,Queens,Mexican,C,55,2024-05-08
EL VAQUERITO,Queens,Mexican,A,13,2024-11-25
EL VICENTINO RESTAURANT 2,Queens,Spanish,A,7,2026-02-26
EL VIEJO YAYO,Queens,Latin American,B,24,2023-07-28
EL ZOCALO,Queens,Latin American,A,12,2026-04-18
ELEGANT CHINESE RESTAURANT,Queens,Chinese,B,27,2025-10-08
ELENA'S 43 RESTAURANT,Queens,Latin American,B,20,2024-03-28
ELENA'S 43 RESTAURANT,Queens,Latin American,C,28,2025-10-16
ELEVATE SKY LOUNGE,Queens,Caribbean,C,28,2020-02-22
ELEVENSES,Queens,Coffee/Tea,A,9,2023-05-18
ELEVENSES,Queens,Coffee/Tea,B,20,2025-02-20
ELIAS CORNER FOR FISH,Queens,Seafood,A,13,2026-03-20
ELIAS DELI & RESTAURANT,Queens,American,B,27,2024-08-29
ELMHURST FAMOUS PIZZA,Queens,Pizza,B,35,2022-09-19
ELYON RESTAURANT,Queens,French,B,25,2025-01-29
ELYSIAN CAFE,Queens,Greek,A,11,2024-09-03
EMACK & BOLIO'S,Queens,Frozen Desserts,A,13,2023-08-01
EMOJI BURGER,Queens,American,A,12,2025-06-10
EMOJI BURGER,Queens,Hamburgers,A,12,2025-02-03
EMPANADAS EL GUSTAZO RESTAURANTE,Queens,Latin American,C,51,2025-07-02
EMPEROR SEAFOOD,Queens,Chinese,C,50,2024-04-11
EMPIRE SHOP,Queens,Sandwiches/Salads/Mixed Buffet,A,12,2025-06-18
EMPIRE SZECHUAN GARDEN,Queens,Chinese,A,12,2025-09-09
ENERGIA Y FIGURA,Queens,"Juice, Smoothies, Fruit Salads",A,12,2024-10-29
ENERGY FUEL,Queens,"Juice, Smoothies, Fruit Salads",B,21,2026-08-06
ENJOY SUSHI,Queens,Japanese,A,7,2025-10-16
ENJOY THE NEW NUTRITION (HERBALIFE),Queens,"Juice, Smoothies, Fruit Salads",B,24,2026-03-30
ENTHAICE THAI KITCHEN,Queens,Thai,A,12,2024-06-13
ENTHAICE THAI KITCHEN,Queens,Thai,B,23,2023-03-30
ENZOS PIZZA,Queens,Pizza,B,17,2025-04-10
EQUESTRIS,Queens,American,A,13,2016-03-26
ER HOU ROAST CHICKEN TAKEOUT,Queens,Chinese,A,12,2025-09-25
ERAWAN,Queens,Thai,A,7,2025-11-10
ERICA'S CARIBBEAN CUISINE,Queens,Caribbean,A,11,2024-08-30
ERICA'S CARIBBEAN CUISINE,Queens,Caribbean,A,9,2023-04-04
ERIN'S ISLE,Queens,Italian,A,13,2024-02-01
ESCUELITA VIP BAR,Queens,Latin American,C,38,2026-01-02
ESTRELLA DEL MAR,Queens,Spanish,A,12,2023-12-12
"EURO CAFE (FL 1, CAGE 8)",Queens,American,A,9,2025-10-22
EUROPEAN BAR,Queens,Coffee/Tea,A,7,2024-06-27
EVELIA'S TAMALES,Queens,Mexican,A,12,2025-10-30
EVELIA'S TAMALES,Queens,Mexican,B,19,2023-03-01
EVELIA'S TAMALES,Queens,Mexican,C,44,2024-08-19
EVELICIOUS,Queens,"Juice, Smoothies, Fruit Salads",A,13,2025-12-18
EXQUISITO,Queens,Latin American,C,39,2024-01-22
El PUNTO RESRAURANT & BAKERY,Queens,Spanish,A,12,2024-08-14
F. OTTOMANELLI,Queens,Hamburgers,B,27,2023-10-31
FABRIKA,Queens,Latin American,A,13,2024-03-28
FAIRFIELD INN,Queens,American,B,23,2026-06-25
FAMOUS PIZZA,Queens,Pizza,A,11,2024-07-02
FAMOUS ROTISSERIE AND GRILL,Queens,Asian/Asian Fusion,B,22,2025-07-14
FANSWAY TERIYAKI & SUSHI KITCHEN,Queens,Japanese,A,12,2025-06-03
FANSWAY TERIYAKI & SUSHI KITCHEN,Queens,Japanese,B,27,2022-11-29
FARMERS KITCHEN,Queens,Tex-Mex,A,10,2024-09-23
FARMERS PIZZA & GRILL,Queens,American,B,21,2024-05-02
FARMERS PIZZA & GRILL,Queens,American,C,34,2026-01-15
FARMERS PIZZA & GRILL,Queens,American,C,35,2025-10-06
FARMERS PIZZERIA,Queens,Pizza,A,12,2025-08-25
FAT CAT FLATBREAD (#6),Queens,Chinese,A,13,2024-06-17
FAVELA,Queens,Brazilian,A,11,2022-11-30
FAVELA,Queens,Brazilian,B,14,2024-12-18
FAY DA BAKERY,Queens,Bakery Products/Desserts,A,13,2024-09-12
FAY DA BAKERY,Queens,Bakery Products/Desserts,A,12,2026-03-06
FAY DA BAKERY,Queens,Bakery Products/Desserts,A,12,2024-03-15
FAY DA BAKERY,Queens,Bakery Products/Desserts,A,13,2026-01-12
FAY DA BAKERY,Queens,Bakery Products/Desserts,A,12,2025-08-21
FAY DA BAKERY,Queens,Bakery Products/Desserts,B,20,2024-04-25
FAY DA BAKERY,Queens,Bakery Products/Desserts,B,17,2024-04-24
FAZEES DELIGHT,Queens,Caribbean,A,7,2025-03-14
FAZEES DELIGHT,Queens,Caribbean,C,43,2024-12-24
FAZEES DELIGHT,Queens,Caribbean,C,54,2024-07-29
FENG'S GARDEN,Queens,Chinese,A,13,2024-09-13
FER,Queens,Chinese,A,9,2023-12-18
FERJE'S NB,Queens,Mexican,B,25,2024-12-26
FERN & AURORA DESSERT SHOP,Queens,Bakery Products/Desserts,A,5,2024-11-22
FIGLIA,Queens,Pizza,A,12,2025-11-07
FILIPINIANA,Queens,Filipino,B,15,2025-01-22
FILLMORE'S TAVERN,Queens,American,A,7,2024-11-27
FINEST SUSHI,Queens,Japanese,A,11,2024-09-19
FIRBOS,Queens,Coffee/Tea,A,2,2024-06-26
FIRST STOP BAR & GRILL,Queens,American,A,11,2026-08-26
FISH VILLAGE,Queens,Chinese,C,36,2024-03-04
FIT DIAMONDS,Queens,"Juice, Smoothies, Fruit Salads",A,9,2023-03-13
FITRITION,Queens,"Juice, Smoothies, Fruit Salads",A,7,2024-08-14
FITRITION,Queens,"Juice, Smoothies, Fruit Salads",B,26,2025-07-03
FITRITION,Queens,"Juice, Smoothies, Fruit Salads",B,24,2025-07-07
FITRITION,Queens,"Juice, Smoothies, Fruit Salads",B,19,2026-03-21
FITRITION,Queens,"Juice, Smoothies, Fruit Salads",C,45,2025-01-29
FIVE GUYS,Queens,Hamburgers,A,7,2026-01-15
FIVE GUYS BURGERS AND FRIES,Queens,Hamburgers,A,3,2025-12-08
FIVE LOAVES AND TWO FISHES,Queens,Chinese,B,27,2025-01-27
FIVE LOAVES AND TWO FISHES,Queens,Chinese,C,36,2026-06-26
FLAM'S CUISINE & CATERING,Queens,Caribbean,B,27,2026-06-17
FLAMIN' CHICKEN & GYRO,Queens,American,B,21,2025-12-10
FLAMINGO,Queens,Latin American,B,24,2024-11-29
FLAMINGO RESTAURANT AND MANTRA LOUNGE,Queens,Indian,A,13,2024-05-08
FLEX CAFE INC,Queens,American,A,7,2025-03-17
FLORENCE  DINER,Queens,Latin American,A,7,2026-02-13
FLORIAN AT LIRR HSF,Queens,American,B,15,2025-05-09
FLORIAN AT LIRR HSF,Queens,American,B,20,2025-01-17
FLORIBELLA,Queens,Fusion,A,9,2026-03-28
FLUSHING MEADOWS GULF CENTER,Queens,American,A,4,2026-06-15
FLY ME TO THE MOON,Queens,Coffee/Tea,C,34,2025-10-04
FLYNN'S GARDEN INN,Queens,Irish,A,13,2023-05-03
FLYNN'S GARDEN INN,Queens,Irish,B,17,2025-05-01
FOGO DE CHAO,Queens,Brazilian,C,36,2025-01-29
FONTANA FAMOUS PIZZA & GYRO,Queens,Greek,C,36,2023-02-13
FONTANA PIZZERIA,Queens,Pizza,A,13,2024-07-09
FOOD JUNCTION,Queens,Pizza,B,24,2025-02-10
FOREST CAFE,Queens,American,A,7,2022-11-07
FOREST HILLS EXPRESS CAFE,Queens,American,B,15,2024-10-03
FOREST HILLS LITTLE LEAGUE,Queens,American,A,12,2019-06-01
FOREST HILLS SPA,Queens,Jewish/Kosher,A,13,2026-05-14
FOREST HILLS SPA,Queens,Jewish/Kosher,B,25,2024-11-12
FOREST PARK SNACK BAR,Queens,American,A,13,2024-12-10
FOREVER JERK,Queens,Caribbean,B,27,2024-03-20
FOREVER JERK,Queens,Caribbean,C,41,2026-03-12
FOREVER JERK,Queens,Caribbean,C,37,2025-08-15
FORNO SICILIANO,Queens,Italian,A,11,2025-07-10
FORTUNE,Queens,Jewish/Kosher,A,12,2025-12-30
FORTUNE,Queens,Jewish/Kosher,A,10,2024-08-20
FORTUNE,Queens,Jewish/Kosher,C,35,2025-02-06
FORTUNE GARDEN,Queens,Chinese,A,9,2025-04-22
FOUR FOUR SOUTH VILLAGE TAIPEI BEEF NOODLES,Queens,Chinese,B,22,2023-04-24
FOY JUICE BAR & EATERY,Queens,"Juice, Smoothies, Fruit Salads",A,12,2023-04-24
FRANGOS PERI PERI,Queens,Portuguese,A,12,2022-08-30
FRANHILL DELI,Queens,Sandwiches,A,7,2025-02-26
FRANHILL DELI,Queens,Sandwiches,A,10,2025-09-05
FRANHILL DELI,Queens,Sandwiches,C,50,2024-08-23
FRANKIE'S BROOKLYN PIZZA,Queens,Pizza,A,12,2026-07-21
FRATELLI'S PIZZERIA,Queens,Pizza,A,13,2024-12-03
FREDDY'S PIZZAERIA,Queens,Pizza,A,8,2025-07-11
FREEDOM DOVE,Queens,Chinese,A,8,2023-11-02
FRENASIA,Queens,Asian/Asian Fusion,A,12,2025-10-16
FRESCO DELI CAFE,Queens,Sandwiches,A,10,2024-01-05
FRESCO'S GRAND CANTINA,Queens,Mexican,A,9,2023-12-27
FRIEND RESTAURANT,Queens,Chinese,A,12,2026-08-18
FRIENDLY RESTAURANT,Queens,Chinese,C,43,2025-08-21
FRUITTI YUMMI,Queens,Frozen Desserts,A,5,2026-02-10
FRUITTI YUMMI,Queens,Frozen Desserts,A,12,2025-04-14
FU JI,Queens,Chinese,B,25,2025-04-02
FU LE DA PAI DANG,Queens,Chinese,B,21,2023-02-06
FUJI JAPANESE CUISINE,Queens,Japanese,B,19,2025-06-09
FUSION JUICE BAR,Queens,"Juice, Smoothies, Fruit Salads",A,10,2026-03-07
FUYU RAMEN & SAKE,Queens,Japanese,C,29,2025-04-30
G & M CARIBBEAN RESTAURANT,Queens,Caribbean,A,11,2023-08-18
G & M CARIBBEAN RESTAURANT,Queens,Caribbean,C,45,2025-03-07
G &L CAJUN GRILL,Queens,Chinese,A,12,2024-06-04
G &L CAJUN GRILL,Queens,Chinese,B,23,2026-03-26
G'S EATERY & BAKERY,Queens,Caribbean,B,27,2025-01-14
G'S EATERY & BAKERY,Queens,Caribbean,B,24,2024-08-01
G'S HOMESTYLE COOKING,Queens,Caribbean,C,38,2025-08-01
GA HWA RESTAURANT,Queens,Korean,C,50,2023-01-30
GABY'S PIZZERIA & RESTAURANT,Queens,Latin American,B,16,2026-02-06
GABY'S PIZZERIA & RESTAURANT,Queens,Latin American,C,44,2025-09-05
GAL BI MA EUL,Queens,Korean,B,27,2024-03-27
GALLAGHER'S 2000,Queens,American,C,58,2024-05-07
GALLAGHER'S 2000,Queens,American,C,34,2026-08-20
GAN-HOO BBQ,Queens,Barbecue,A,11,2025-07-02
GANTRY BAR & KITCHEN,Queens,American,A,10,2023-06-23
GATA GOLOSA,Queens,Latin American,B,18,2025-12-03
GATA GOLOSA / YOGURBERRY,Queens,Latin American,C,52,2024-03-01
GAUDIO'S PIZZERIA,Queens,Pizza,A,8,2024-12-06
GEMINI'S LOUNGE,Queens,Caribbean,B,23,2025-11-13
GENESIS,Queens,Tex-Mex,B,27,2026-06-08
GENESIS # 1 WEST INDIAN,Queens,Caribbean,B,22,2025-07-16
GEO SI GI KOREAN RESTAURANT,Queens,Korean,A,13,2023-08-17
GEORGIA DINER,Queens,American,A,12,2025-09-04
GHOROA HALAL FOOD,Queens,Bangladeshi,C,36,2025-07-15
GIAN PIERO BAKERY,Queens,Bakery Products/Desserts,B,27,2025-04-30
GIANNI'S PIZZERIA,Queens,Pizza,B,23,2024-12-19
GILDA'S RESTAURANT,Queens,Peruvian,A,13,2023-05-15
GINA'S PIZZA,Queens,Pizza,A,7,2024-12-02
GINO'S OF KISSENA,Queens,Pizza,B,22,2025-02-05
GINO'S PIZZERIA,Queens,Pizza,A,9,2023-03-13
GINO'S PIZZERIA,Queens,Pizza,A,13,2025-03-05
GINO'S PIZZERIA,Queens,Pizza,C,39,2024-06-12
GINO'S PIZZERIA,Queens,Pizza,C,34,2025-02-11
GIOVANNI'S PIZZA & MEXICAN RESTAURANT,Queens,Mexican,A,12,2024-08-30
GIRASOL BAKERY,Queens,Bakery Products/Desserts,A,7,2025-04-04
GIRASOLES MEXICAN CUISINE,Queens,Mexican,A,11,2026-08-20
GLENDALE BAGELS,Queens,American,A,13,2026-02-10
GLORIA PIZZA,Queens,Pizza,C,52,2025-05-14
GO DETOX JUICE BAR,Queens,Sandwiches,B,20,2024-04-12
GO DETOX JUICE BAR,Queens,Sandwiches,C,40,2025-08-15
GO DETOX JUICE BAR GRILL,Queens,American,C,52,2024-09-25
GOLDEN CHICKEN,Queens,Chicken,A,9,2025-09-25
GOLDEN DRAGON KITCHEN,Queens,Chinese,A,4,2023-03-03
GOLDEN FOUNTAIN CHINESE KITCHEN,Queens,Chinese,A,13,2023-12-28
GOLDEN KRUST CARIBBEAN BAKERY & GRILL,Queens,Caribbean,A,9,2025-08-28
GOLDEN KRUST CARIBBEAN BAKERY & GRILL,Queens,Caribbean,A,12,2026-04-09
GOLDEN KRUST CARIBBEAN BAKERY & GRILL,Queens,Caribbean,A,13,2024-08-20
GOLDEN KRUST CARIBBEAN BAKERY & GRILL,Queens,Caribbean,A,11,2024-08-28
GOLDEN LAKE PAVILION,Queens,Chinese,C,52,2025-12-04
GOLDEN LAKE PAVILION,Queens,Chinese,C,31,2023-09-13
GOLDEN OWLS SUSHI & NOODLES,Queens,Asian/Asian Fusion,A,13,2024-12-23
GOLDEN PALACE,Queens,Chinese,A,13,2025-11-03
GOLDEN PALACE,Queens,Chinese,C,53,2025-05-13
GOLDEN PALACE,Queens,Chinese,C,38,2025-01-22
GOLDEN PALACE GOURMET,Queens,Chinese,C,34,2025-04-30
GOLDEN TERRACE BANQUET HALL,Queens,Indian,A,13,2026-05-21
GOLDEN WAY CHINESE RESTAURANT,Queens,Chinese,A,4,2024-12-19
GOLDEN WAY CHINESE RESTAURANT,Queens,Chinese,B,18,2023-03-14
GOLDEN WONTON KING,Queens,Chinese,B,40,2023-09-28
GOLDEN WONTON KING,Queens,Chinese,B,27,2025-08-13
GOLDWATER BAR & GRILL,Queens,Caribbean,C,45,2026-05-12
GONG CHA,Queens,Coffee/Tea,A,11,2026-01-27
GONG CHA,Queens,Coffee/Tea,A,10,2025-09-23
GONG CHA,Queens,Coffee/Tea,A,13,2023-08-29
GONG CHA,Queens,Coffee/Tea,B,26,2025-02-10
GOO GONG TAN,Queens,Korean,C,52,2025-04-18
GOO GONG TAN,Queens,Korean,C,37,2026-05-28
GOOD DAYS,Queens,American,C,30,2026-06-10
GOOD EATS,Queens,American,B,26,2025-07-14
GOOD EATS BISTRO / WXYZ BAR & LOUNGE,Queens,American,A,11,2022-12-01
GOOD FRIENDS,Queens,Asian/Asian Fusion,A,13,2023-10-23
GOOD LUCK CHINESE RESTAURANT,Queens,Chinese,A,10,2024-10-21
GOOD LUCK KITCHEN,Queens,Chinese,C,39,2024-03-19
GOOD LUCK KITCHEN,Queens,Chinese,C,29,2025-10-23
GOOD TASTE,Queens,Caribbean,A,11,2023-06-30
GOOD TASTE 666,Queens,Chinese,C,36,2025-08-19
GOODY'S BBQ,Queens,Caribbean,A,7,2026-04-01
GOTTA GETTA BAGEL,Queens,American,C,45,2026-04-27
GOTTSCHEER HALL,Queens,German,A,13,2025-11-06
GOTTSCHEER HALL,Queens,German,A,12,2025-05-15
GOURMET BAKERY & DELI,Queens,Sandwiches/Salads/Mixed Buffet,A,12,2025-09-05
GOURMET BAKERY & DELI,Queens,Sandwiches/Salads/Mixed Buffet,A,9,2025-04-21
GOURMET BAKERY & DELI,Queens,Sandwiches/Salads/Mixed Buffet,A,12,2023-01-12
GRACE PIZZA,Queens,Pizza,C,42,2025-01-13
GRAMERCY CAFE,Queens,Latin American,B,26,2025-01-21
GRAND AVENUE PIZZA,Queens,Pizza,A,12,2024-02-02
GRAND GREAT WALL,Queens,Chinese,A,10,2023-10-10
GRAND SICHUAN,Queens,Chinese,A,7,2023-08-29
GRANDMA'S DIM SUM,Queens,Chinese,B,18,2023-03-08
GRANDPA CHEN KISSENA CHAR SIU BAO,Queens,Bakery Products/Desserts,B,27,2025-07-22
GRANO DE CAFE,Queens,Spanish,B,25,2023-09-22
GRANO DE CAFE,Queens,Latin American,B,27,2025-04-30
GRAZIELLA PIZZERIA,Queens,Pizza,A,12,2023-05-24
GREAT DRAGON,Queens,Chinese,A,13,2024-07-12
GREAT EAST CHINESE CUISINE,Queens,Chinese,A,13,2025-08-04
GREAT EAST CHINESE CUISINE,Queens,Chinese,C,94,2024-12-02
GREEK FAMILY KITCHEN,Queens,Greek,B,21,2025-08-05
GREEK KITCHEN,Queens,American,A,10,2023-12-18
GREEN APPLE DELIGHT,Queens,Jewish/Kosher,A,11,2025-04-24
GREEN APPLE DELIGHT,Queens,Jewish/Kosher,C,38,2025-01-29
GREEN GARDEN,Queens,Chinese,B,27,2024-08-20
GREEN LEAF BISTRO NYC,Queens,Salads,A,13,2024-12-19
GREEN OLIVE PIZZA,Queens,Pizza,A,7,2025-07-03
GREEN VALLEY MARKET & DELI,Queens,American,B,26,2025-10-01
GREENWOOD QUALITY BAKERY,Queens,Bakery Products/Desserts,B,17,2023-12-13
GREENWOOD QUALITY BAKERY,Queens,Bakery Products/Desserts,B,14,2025-02-06
GREGORYS COFFEE,Queens,American,A,3,2026-01-12
GRIDDLE CAFE & DELI,Queens,American,B,20,2026-03-26
GRILL POINT,Queens,Jewish/Kosher,A,7,2025-05-29
GT KINGSTON RESTAURANT & BAR,Queens,Caribbean,C,55,2025-05-19
GUAC TIME,Queens,Mexican,A,7,2026-09-09
GUAC TIME,Queens,Mexican,C,42,2025-08-21
GUAC TIME MEXICAN GRILL,Queens,Mexican,B,17,2024-11-22
GUACADO MEXICAN GRILL,Queens,Mexican,A,13,2026-07-28
GUACTIME,Queens,Mexican,A,12,2026-09-08
GUIZ HOU MIAO JIA NOODLES,Queens,Chinese,B,23,2025-02-12
GUIZ HOU MIAO JIA NOODLES,Queens,Chinese,C,55,2026-06-15
GULSHAN TERRACE,Queens,Bangladeshi,B,25,2025-09-15
GULSHAN TERRACE,Queens,Bangladeshi,B,21,2024-04-18
GURY'S MARKET,Queens,Latin American,A,13,2023-04-27
GYRO CORNER NYC,Queens,Greek,B,25,2025-03-19
GYRO CORNER NYC,Queens,Greek,B,20,2022-11-22
GYRO QILA,Queens,Chicken,C,49,2024-08-21
GYRO WORLD,Queens,Mediterranean,B,16,2025-01-28
GYRO WORLD,Queens,Greek,B,27,2025-04-23
H H HEAT WAVE,Queens,Sandwiches/Salads/Mixed Buffet,A,13,2025-06-25
HAAGEN DAZS,Queens,Frozen Desserts,A,10,2026-02-14
HAIFA,Queens,Jewish/Kosher,A,7,2024-06-03
HAIFA,Queens,Jewish/Kosher,B,26,2025-02-06
HAILEY & HANNAH'S LUNCH RUNNERS,Queens,American,C,33,2025-05-01
HAILEY & HANNAH'S LUNCH RUNNERS,Queens,American,C,34,2024-04-03
HAINAN KOREAN CHINESE CUISINE,Queens,Korean,B,24,2025-06-18
HAIRO'S,Queens,Latin American,B,27,2024-08-06
HALAL BOYZ,Queens,Mediterranean,C,32,2025-10-04
HALAL BROS GRILL,Queens,Chicken,A,12,2024-10-04
HALAL BUFFET,Queens,Middle Eastern,A,13,2018-12-10
HALAL BUFFET,Queens,Middle Eastern,B,27,2019-06-04
HALAL BUFFET,Queens,Middle Eastern,B,14,2018-07-17
HALAL DYNASTY,Queens,Chinese,A,13,2025-01-27
HALAL GRILL EAT,Queens,Mediterranean,A,2,2024-09-23
HALAL MUNCHIES,Queens,Mediterranean,A,7,2024-12-08
HALALBEE'S,Queens,American,A,8,2024-01-16
HALALIFY,Queens,American,A,13,2023-08-28
HALALIFY,Queens,American,B,26,2025-04-23
HALF & HALF,Queens,Pancakes/Waffles,A,10,2023-07-10
HALF CAKE,Queens,Bakery Products/Desserts,A,12,2023-08-29
HAMPTON INN,Queens,Continental,A,12,2025-08-27
HAMPTON NY -JFK,Queens,American,B,24,2025-04-30
HAMPTON NY -JFK,Queens,American,C,50,2024-08-28
HAN BIN YUAN,Queens,Asian/Asian Fusion,A,12,2024-05-30
HAN YANG COFFEE,Queens,Coffee/Tea,B,21,2025-02-04
HANA ASIAN BISTRO,Queens,Asian/Asian Fusion,B,25,2025-08-20
HANA ASIAN BISTRO,Queens,Asian/Asian Fusion,B,27,2025-02-04
HANG,Queens,Chinese,B,26,2026-01-13
HANG YAN,Queens,Chinese,A,9,2025-10-07
HAO FU MEN BBQ,Queens,Chinese,C,37,2026-06-20
HAPPY CORNER 13,Queens,Chinese,B,27,2024-08-30
HAPPY DELI,Queens,Sandwiches,A,12,2024-04-18
HAPPY GARDEN,Queens,Chinese,A,8,2024-04-22
HAPPY GARDEN,Queens,Chinese,A,10,2023-04-10
HAPPY GARDEN,Queens,Chinese,B,19,2024-10-15
HAPPY GATHERING,Queens,Chinese,A,13,2023-11-06
HAPPY GATHERING,Queens,Chinese,B,22,2025-11-24
HAPPY HOUSE,Queens,Other,A,12,2025-08-19
HAPPY KARAOKE,Queens,Korean,A,13,2026-07-01
HAPPY KITCHEN,Queens,Chinese,B,22,2024-05-02
HAPPY LAMB,Queens,Chinese,A,13,2024-03-15
HAPPY LEMON,Queens,Coffee/Tea,A,9,2024-07-30
HAPPY MARKET,Queens,Asian/Asian Fusion,C,58,2022-09-02
HARAZ COFFEE HOUSE,Queens,Coffee/Tea,B,26,2025-07-02
HARBOR BREEZE RESTAURANT & LOUNGE,Queens,Caribbean,A,7,2026-02-26
HARISSA GRILL,Queens,Mediterranean,A,13,2023-10-31
HD HALAL DINER,Queens,Afghan,A,10,2024-12-05
HEAT CARIBBEAN KITCHEN & LOUNGE,Queens,Caribbean,C,39,2023-02-21
HEENA BAGEL,Queens,Bagels/Pretzels,C,39,2024-09-04
HELLO BANGLADESH,Queens,Bangladeshi,C,37,2024-05-09
HENG THAI,Queens,Thai,A,11,2026-07-30
HENG THAI,Queens,Thai,C,32,2025-04-17
HERO THAI & IZAKAYA,Queens,Thai,B,27,2025-06-26
HEY DIM SUM,Queens,Chinese,C,46,2024-11-27
HEYTEA,Queens,Coffee/Tea,A,3,2025-04-29
HI HOT KITCHEN,Queens,Chinese,A,7,2023-11-21
HIBACHI EXPRESS,Queens,Chinese,B,18,2025-07-03
HIBISCUS RESTAURANT,Queens,Caribbean,B,21,2023-03-29
HIBISCUS RESTAURANT & LOUNGE II,Queens,Caribbean,A,11,2025-10-27
HIBISCUS RESTAURANT & LOUNGE II,Queens,Caribbean,C,47,2023-01-25
HIBISCUS RESTAURANT EXPRESS,Queens,Chinese,A,10,2022-10-05
HILTON GARDEN INN,Queens,American,B,15,2025-02-14
HILTON GARDEN INN,Queens,American,C,29,2024-04-04
HIMALAYAN YAK,Queens,Asian/Asian Fusion,A,12,2025-06-05
HIMALAYAN YAK,Queens,Asian/Asian Fusion,C,37,2023-10-26
HINOMARU RAMEN,Queens,Japanese,C,38,2025-08-19
HIP HOP BURGER NYC,Queens,Hamburgers,A,5,2024-12-05
HK BAKERY,Queens,Bakery Products/Desserts,C,47,2025-06-17
HO HO GARDEN,Queens,Chinese,B,18,2022-08-30
HO HO GARDEN,Queens,Chinese,C,0,2024-08-30
HOLIDAY INN EXPRESS,Queens,Continental,A,12,2024-06-12
HOLIDAY INN EXPRESS,Queens,Continental,B,19,2023-08-24
HOLIDAY INN EXPRESS LIC,Queens,American,A,13,2025-03-21
HOLY COW,Queens,American,B,26,2025-06-18
HOME CHEF INTERNATIONAL FLAVORS,Queens,Caribbean,A,13,2025-09-11
HOME CHEF INTERNATIONAL FLAVORS,Queens,Caribbean,C,36,2024-08-23
HOMEMADE TAQUERIA,Queens,Mexican,B,24,2025-01-29
HOMEMADE TAQUERIA,Queens,Mexican,B,20,2024-08-29
HOMEMADE TAQUERIA,Queens,Mexican,B,17,2025-12-04
HOMEMADE TAQUERIA,Queens,Mexican,C,40,2025-01-07
HOMEMADE TAQUERIA,Queens,Mexican,C,44,2025-06-03
HOMEMADE TAQUERIA,Queens,Mexican,C,46,2025-05-20
HOMEMADE TAQUERIA,Queens,Mexican,C,41,2024-02-20
HOMEMADE TAQUERIA,Queens,Mexican,C,51,2025-02-10
HONG KONG,Queens,Chinese,A,11,2025-06-26
HONG KONG,Queens,Chinese,B,16,2023-10-18
HONG KONG KITCHEN,Queens,Chinese,A,12,2023-12-04
HONG KONG RESTAURANT,Queens,Chinese,A,12,2026-05-06
HONG KONG RESTAURANT,Queens,Chinese,A,12,2026-07-14
HONG KONG RESTAURANT,Queens,Chinese,B,27,2025-02-06
HOOK & REEL,Queens,Seafood,A,7,2026-04-06
HORNADO ECUATORIANO,Queens,Latin American,B,22,2024-08-27
HOT KITCHEN SICHUAN STYLE,Queens,Chinese,B,27,2023-01-31
HOT KITCHEN SICHUAN STYLE,Queens,Chinese,B,27,2025-08-11
HOT PEPPERS,Queens,Mexican,A,12,2026-06-03
HOT PEPPERS,Queens,Mexican,B,23,2024-11-13
HOWARD BEACH BAGEL CAFE,Queens,Bagels/Pretzels,A,13,2025-05-22
HOY SE BEBE,Queens,Latin American,A,12,2024-03-28
HOY SE BEBE,Queens,Latin American,B,22,2026-02-12
HUA RONG,Queens,Chinese,C,30,2023-03-22
HUG ESAN,Queens,Thai,A,11,2024-10-02
HUITLACOCHE TAQUERIA,Queens,Mexican,B,24,2025-07-15
HUNAN CAFE,Queens,Chinese,A,13,2023-02-09
HUNAN CAFE,Queens,Chinese,B,18,2025-04-21
HUNDRED TASTE,Queens,Chinese,B,27,2024-08-29
HUNNY,Queens,Korean,A,9,2026-01-05
HUONG XUAN,Queens,Asian/Asian Fusion,A,6,2025-12-06
HUPO,Queens,Chinese,B,17,2023-09-13
HUSH,Queens,American,B,26,2025-11-21
HUSKY-P MEALS DIRECT,Queens,Caribbean,C,46,2025-10-29
HY FOOD COURT,Queens,Korean,B,22,2025-04-21
HYATT PLACE,Queens,American,B,23,2025-01-29
HYATT PLACE FLUSHING,Queens,American,A,11,2023-07-10
HYDERABAD TANDOORI,Queens,Indian,C,36,2025-01-09
HYDERABAD TANDOORI,Queens,Indian,C,36,2023-06-22
HYDRA LOUNGE,Queens,American,B,17,2025-02-26
Horizons  T7 Lounge,Queens,American,A,9,2026-08-04
I LOVE PARAGUAY,Queens,Latin American,A,13,2023-01-18
I'MILKY,Queens,Coffee/Tea,A,7,2024-06-12
I-FORTUNE COOKIE,Queens,Chinese,A,12,2025-08-28
I.O. CAFE,Queens,Eastern European,A,10,2026-08-24
ICE QUEEN,Queens,Frozen Desserts,A,10,2026-04-28
IDA'S NEARABOUT,Queens,American,A,13,2024-05-01
IDLEWILD CHOP HOUSE,Queens,American,A,13,2025-06-25
IGNIGHT,Queens,Chinese,A,9,2019-05-09
IHAWAN,Queens,Filipino,C,44,2024-01-16
IHOP,Queens,American,A,5,2024-03-19
IHOP,Queens,Pancakes/Waffles,A,11,2025-03-31
IHOP,Queens,Pancakes/Waffles,A,11,2024-03-08
IHOP,Queens,American,A,9,2025-01-28
IHOP#3790,Queens,American,A,9,2025-03-14
IHOP#3790,Queens,American,C,39,2024-11-13
IL FALCO,Queens,Italian,A,9,2026-04-23
IL MIGLIO BRICK OVEN PIZZA,Queens,Pizza,A,9,2023-02-21
IL NOCELLO,Queens,Italian,A,13,2025-05-30
IL PRIMO CAFFE,Queens,Coffee/Tea,A,10,2026-05-01
IL SAPORE ITALIANO PIZZERIA,Queens,Pizza,A,10,2023-08-07
INCA PAISA,Queens,Latin American,B,26,2023-09-12
INDIA CAFE,Queens,Indian,B,27,2025-01-08
INTERNATIONAL COFFEE SHOP,Queens,Latin American,A,2,2025-02-18
INTRIGUE BAR AND RESTAURANT,Queens,Caribbean,C,35,2024-05-09
IRV DELI RESTAURANT,Queens,American,A,13,2024-02-01
IRVING FARMS,Queens,Coffee/Tea,A,8,2023-04-18
ISLAND FOODIE,Queens,Caribbean,A,10,2026-01-27
ISLAND FOODIE,Queens,Caribbean,B,20,2024-12-02
ITTADI GARDEN & GRILL,Queens,Bangladeshi,B,18,2023-10-16
ITTADI GARDEN & GRILL,Queens,Bangladeshi,C,38,2026-04-29
ITTADI GARDEN & GRILL,Queens,Bangladeshi,C,45,2025-06-30
IVA'S SWEET PARLOUR,Queens,Bakery Products/Desserts,A,13,2024-11-15
IZAKAYA NANA,Queens,Japanese,A,9,2026-06-17
J & K GOURMET,Queens,Chinese,C,38,2024-03-21
J & K GOURMET,Queens,Chinese,C,33,2025-11-24
J&M PIZZA,Queens,Pizza,B,25,2025-07-31
J'S COFECTIONS,Queens,Chinese,A,13,2026-07-25
J. NAZCA PALACE,Queens,Peruvian,C,6,2024-12-20
J.A COFFEE SHOP,Queens,Latin American,B,25,2024-04-25
J.A COFFEE SHOP,Queens,Latin American,C,4,2025-02-27
JACKSON DINER,Queens,Indian,A,13,2023-09-28
JADE ASIAN BISTRO,Queens,Chinese,B,19,2023-03-22
JADE EATERY AND LOUNGE,Queens,Japanese,B,17,2025-10-20
JADE EATERY AND LOUNGE,Queens,Japanese,B,35,2023-11-21
JADE GARDEN,Queens,Chinese,B,19,2025-05-22
JAMAICA FISH MARKET,Queens,Seafood,C,48,2025-09-22
JAMAICA HALAL WINGS/APNAR CHA GHAR,Queens,Bangladeshi,C,29,2024-10-01
JAMAICA HOT PIZZA,Queens,Pizza,A,13,2026-07-30
JAMAICA NUTRITION,Queens,"Juice, Smoothies, Fruit Salads",A,13,2025-03-13
JAMAICAN FLAVORS,Queens,Caribbean,A,7,2025-03-10
JAMAICAN FLAVORS,Queens,Caribbean,A,9,2024-08-26
JAMAICAN FLAVORS,Queens,Caribbean,A,13,2025-09-16
JAMAICAN FLAVORS,Queens,Caribbean,A,12,2023-10-13
JAMAO COFFEE SHOP RESTAURANT,Queens,Latin American,A,12,2024-02-21
JAMBA JUICE Gate B27,Queens,Sandwiches/Salads/Mixed Buffet,A,10,2026-09-02
JAN CHI MA EUL,Queens,Korean,C,33,2026-01-09
JANCHI MYEONGA,Queens,Korean,C,28,2024-12-02
JANG DOK DAE,Queens,Korean,A,13,2023-09-12
JASMIN LOUNGE,Queens,Coffee/Tea,A,12,2024-10-04
JAX INN DINER,Queens,American,A,7,2025-09-29
JAX INN DINER,Queens,American,B,26,2024-12-23
JAY'S ROTI HUT,Queens,Caribbean,A,10,2024-08-22
JAY'S ROTI HUT,Queens,Caribbean,A,12,2025-12-15
JD's YARD STYLE,Queens,Caribbean,A,13,2023-06-29
JD's YARD STYLE,Queens,Caribbean,B,23,2025-02-07
JEJUDO SEAFOOD RESTAURANT,Queens,Korean,B,24,2025-10-09
JENNIFER'S RESTAURANT,Queens,Latin American,C,28,2022-12-05
JERSEY MIKE'S,Queens,Sandwiches,A,13,2026-08-17
JERUSALEM BAGELS,Queens,Jewish/Kosher,A,13,2022-12-20
JEUN JU KOREAN RESTAURANT,Queens,Korean,B,25,2024-12-09
JHOANES BAKERY & COFFEE,Queens,Bakery Products/Desserts,B,24,2024-11-27
JHOANES BAKERY & COFFEE,Queens,Bakery Products/Desserts,C,34,2026-03-17
JI BEI CHUAN: RICE NOODLE & RAMEN,Queens,Chinese,A,13,2025-11-07
JI YOU BRAISED FOOD,Queens,Chinese,B,26,2025-10-14
JI YOU BRAISED FOOD,Queens,Chinese,C,44,2024-03-28
JI YOU BRAISED FOOD,Queens,Chinese,C,53,2023-10-11
JIA YOUNG CAFE,Queens,Bakery Products/Desserts,B,27,2024-01-29
JIMMY'S CAFE & DELI,Queens,American,A,12,2025-12-11
JIN FENG FISH BALL,Queens,Chinese,B,19,2024-03-18
JIN FENG FISH BALL,Queens,Chinese,B,26,2025-09-04
JIN NOODLE & SUSHI,Queens,Japanese,A,12,2024-04-10
JIN SANG GUKBAP,Queens,Korean,C,36,2025-02-11
JING FU HOUSE,Queens,Chinese,B,26,2024-03-16
JING LI,Queens,Japanese,B,11,2024-05-21
JIUHAO BBQ RESTAURANT,Queens,Chinese,C,66,2024-08-27
JKJ 41,Queens,Chinese,B,27,2025-04-29
JKJ 41,Queens,Chinese,B,22,2023-08-21
JM GUKBOP,Queens,Korean,B,27,2025-03-25
JOE'S,Queens,Italian,B,26,2024-02-20
JOE'S PIZZA,Queens,Pizza,C,48,2025-06-20
JOES PIZZA & PASTA,Queens,Pizza,A,12,2025-12-08
JOEY'S CORNER,Queens,Pizza,B,20,2024-10-15
JOEY'S PIZZA,Queens,Pizza,A,12,2024-03-20
JOEY'S PIZZA,Queens,Pizza,B,27,2025-08-26
JOHN'S PIZZERIA & RESTAURANT,Queens,Pizza,A,12,2025-03-10
JOHNNY DELI & GROCERY,Queens,Latin American,C,32,2024-08-26
JOHNNY DELI & GROCERY,Queens,Latin American,C,36,2025-08-01
JOHNNY DELI & GROCERY,Queens,Latin American,C,32,2026-04-02
JOHNNY DELI & GROCERY,Queens,Latin American,C,36,2025-11-21
JOJO CHICKEN/LAO JIE,Queens,Chinese,B,25,2025-02-06
JOJU / JOJU BOWL,Queens,Southeast Asian,A,13,2025-08-01
JOJU / JOJU BOWL,Queens,Southeast Asian,B,20,2024-03-11
JOLLOF CAFE & GRILL,Queens,African,B,23,2026-04-09
JONES BAR,Queens,American,B,20,2025-05-16
JONGRO BBQ,Queens,Korean,B,14,2026-04-04
JONGRO BBQ,Queens,Korean,B,22,2024-05-07
JOONG KOOG JIP,Queens,Korean,A,9,2025-07-30
JOONG KOOG JIP,Queens,Korean,B,27,2023-09-18
JOSE SEAFOOD,Queens,Seafood,A,13,2026-07-15
JOUVAY,Queens,Caribbean,B,20,2018-10-20
JOUVAY,Queens,Caribbean,B,20,2017-02-04
JOYPOT,Queens,Chinese,C,40,2024-01-18
JS RESTAURANT & DINER,Queens,Latin American,B,24,2026-01-05
JU-GO JUICE BAR,Queens,"Juice, Smoothies, Fruit Salads",A,13,2025-12-04
JU-GO JUICE BAR,Queens,"Juice, Smoothies, Fruit Salads",B,18,2024-12-23
JU-GO JUICE BAR,Queens,"Juice, Smoothies, Fruit Salads",C,35,2024-04-25
JUAN BAR,Queens,Mexican,C,29,2023-04-17
JUANITO'S PIZZA,Queens,Pizza,B,26,2026-06-02
JUICE FOR LIFE,Queens,American,A,12,2024-11-01
JUICE PRESS,Queens,"Juice, Smoothies, Fruit Salads",A,10,2024-10-30
JUICY KING CRAB EXPRESS,Queens,Chinese,C,40,2025-12-31
JULIE'S,Queens,Pizza,A,12,2026-06-01
JULIE'S BAKERY & ROTI SHOP,Queens,Caribbean,A,13,2024-05-29
JULIE'S BAKERY & ROTI SHOP,Queens,Caribbean,A,12,2023-09-08
JULIEAT'S BUBBLE TEA & DESSERT CAFE,Queens,Coffee/Tea,B,25,2024-02-06
JULIZA COLOMBIAN & LATIN FUSION,Queens,Latin American,B,16,2023-10-26
JUMBO CHINESE KITCHEN,Queens,Chinese,B,16,2023-07-12
JUNCTION CAKE BOX,Queens,Bakery Products/Desserts,B,25,2026-05-21
JUNCTION SEAFOOD RESTAURANT,Queens,Latin American,C,42,2024-11-14
JUNKO SUSHI,Queens,Japanese,B,20,2025-02-13
JUQI,Queens,Chinese,B,19,2023-10-26
JUQUILA,Queens,Mexican,A,13,2025-05-21
JUQUILA,Queens,Mexican,A,13,2023-12-12
Jamaica Breeze,Queens,Caribbean,A,13,2025-05-16
Jamaica Breeze,Queens,Caribbean,B,27,2026-05-18
Jiu Xiang Ju,Queens,Chinese,C,42,2025-10-09
K'S CAFETERIA,Queens,Latin American,A,13,2023-05-24
K-TOWN FOOD COURT BAYSIDE,Queens,Korean,A,10,2026-06-09
K.B. GRAND DELI,Queens,Sandwiches,B,18,2023-01-25
KA LOK KITCHEN,Queens,Chinese,C,66,2023-08-31
KA LOK KITCHEN,Queens,Chinese,C,39,2025-10-02
KABAB CAFE,Queens,Egyptian,B,15,2025-12-31
KABABISH,Queens,Pakistani,C,40,2025-07-03
KABAYAN,Queens,Filipino,B,27,2024-08-29
KABAYAN,Queens,Filipino,C,38,2024-10-07
KABAYAN BISTRO LOUNGE & BANQUET,Queens,Filipino,B,25,2024-02-12
KABAYAN RESTAURANT AND BAKERY,Queens,Filipino,C,52,2024-11-15
KABAYAN RESTAURANT AND BAKERY,Queens,Filipino,C,41,2026-06-17
KAFRA'S BAKERY,Queens,Latin American,C,37,2024-12-05
KAIETEUR EXPRESS RESTAURANT,Queens,Caribbean,A,13,2024-02-16
KAIETEUR RESTAURANT & BAKERY,Queens,Caribbean,A,6,2026-05-05
KAIETEUR RESTAURANT & BAKERY,Queens,Caribbean,B,27,2024-12-31
KAL,Queens,Korean,B,25,2025-10-09
KALON FOOD + EVENTS,Queens,Fusion,C,49,2024-01-29
KAM HUNG KITCHEN,Queens,Chinese,A,9,2024-10-01
KAM KITCHEN,Queens,Chinese,A,7,2024-03-22
KAM RAI,Queens,Thai,B,14,2024-02-08
KAM RAI,Queens,Thai,C,40,2025-08-21
KAM'S KITCHEN,Queens,Chinese,A,12,2025-01-31
KAMALA KITCHEN,Queens,Indian,C,36,2026-04-02
KANDELA,Queens,Mexican,B,27,2023-10-24
KANSAS CHICKEN & BURGER,Queens,American,A,7,2025-12-22
KANTU PERUVIAN CUISINE,Queens,Peruvian,B,15,2025-05-08
KAPAMILYA,Queens,Filipino,B,25,2025-04-21
KAPAMILYA,Queens,Filipino,C,47,2024-07-20
KAPE'T TORTA,Queens,Coffee/Tea,A,9,2024-05-23
KARAOKE SHOUT,Queens,American,A,11,2026-08-12
KASSIM'S BAKERY & RESTAURANT,Queens,Caribbean,A,7,2024-01-24
KASTHAMANDAP,Queens,Asian/Asian Fusion,A,13,2023-09-26
KATE'S CORNER CAFE,Queens,American,A,13,2025-05-30
KATHMANDU FUSION KITCHEN,Queens,Asian/Asian Fusion,B,24,2024-12-24
KATSUNO,Queens,Japanese,A,9,2024-10-19
KE LAI QIN FLAVORS FISH,Queens,Chinese,B,19,2024-12-15
KEILLY,Queens,Chinese,A,10,2023-06-20
KELLY D JAMAICAN AND AMERICAN RESTAURANT,Queens,Caribbean,A,4,2025-12-05
KELLY D JAMAICAN AND AMERICAN RESTAURANT,Queens,Caribbean,A,13,2024-08-23
KELLY'S BAR,Queens,Irish,A,8,2023-05-24
KENNEDY FRIED CHICKEN,Queens,Chicken,A,13,2025-05-15
KENNEDY FRIED CHICKEN,Queens,American,B,25,2025-02-19
KENNEDY FRIED CHICKEN,Queens,Chicken,B,25,2025-08-22
KENNEDY FRIED CHICKEN,Queens,Chicken,B,22,2023-12-21
KENNEDY FRIED CHICKEN,Queens,American,C,30,2026-06-01
KENNEDY FRIED CHICKEN,Queens,American,C,40,2024-08-21
KENNEDY FRIED CHICKEN,Queens,Chicken,C,36,2024-12-02
KENNY'S ROLL HOUSE,Queens,Japanese,C,50,2024-04-16
KEW MOTOR INN RESTAURANT & BAR,Queens,American,B,24,2026-03-23
KEW MOTOR INN RESTAURANT & BAR,Queens,American,C,28,2024-03-12
KFC,Queens,Chicken,A,11,2026-05-13
KFC,Queens,Chicken,A,13,2026-07-15
KFC,Queens,Chicken,A,8,2024-03-19
KFC,Queens,Chicken,A,11,2025-02-19
KHALIL BIRYANI HOUSE,Queens,Asian/Asian Fusion,B,24,2026-06-22
KHALIL BIRYANI HOUSE,Queens,Asian/Asian Fusion,C,38,2024-03-25
KHALIL BIRYANI HOUSE,Queens,Asian/Asian Fusion,C,3,2026-01-23
KHAMPA KITCHEN,Queens,Asian/Asian Fusion,A,12,2024-02-12
KHAMPA KITCHEN,Queens,Asian/Asian Fusion,B,24,2025-02-13
KHAN TONG THAI KITCHEN,Queens,Thai,A,10,2026-07-07
KHAO KANG,Queens,Thai,B,17,2026-08-20
KHAO KANG,Queens,Thai,C,31,2025-09-22
KHAO KANG,Queens,Thai,C,40,2024-12-19
KHAO NOM,Queens,Thai,B,21,2023-02-09
KHAO NOM,Queens,Thai,B,17,2025-01-02
KIMCHAYUL MYUNGPOOM GALBI,Queens,Korean,B,20,2025-10-17
KIMCHAYUL MYUNGPOOM GALBI,Queens,Korean,C,31,2024-03-12
KIMGANAE RESTAURANT,Queens,Korean,A,13,2025-09-08
KIMGANAE RESTAURANT,Queens,Korean,B,25,2025-01-22
KING HOUSE,Queens,Chinese,A,9,2025-09-10
KING HOUSE,Queens,Chinese,B,22,2024-11-14
KING KABAB,Queens,Indian,A,7,2025-08-20
KING KEW GARDEN,Queens,Chinese,A,13,2023-05-16
KING KEW GARDEN,Queens,Chinese,B,27,2024-11-14
KING OF INDIA,Queens,Indian,A,13,2024-09-09
KING THAI,Queens,Thai,A,12,2025-12-04
KING WAH FUSION,Queens,Chinese,C,5,2024-01-22
KING WAH RESTAURANT,Queens,Chinese,A,13,2023-09-18
KING WAH RESTAURANT,Queens,Chinese,A,13,2025-08-06
KING'S KITCHEN,Queens,Chinese,B,14,2026-04-26
KINSHIP COFFEE ROASTERS,Queens,Coffee/Tea,A,13,2026-01-27
KINSHIP COFFEE ROASTERS,Queens,Coffee/Tea,A,11,2025-07-10
KINSHIP COFFEE ROASTERS,Queens,Coffee/Tea,B,19,2025-02-19
KINSHIP COFFEE ROASTERS,Queens,Coffee/Tea,B,24,2023-05-19
KINSHIP COFFEE ROASTERS,Queens,Coffee/Tea,B,25,2025-02-03
KIWI LIME,Queens,Latin American,A,12,2025-01-28
KIWI LIME,Queens,Latin American,B,18,2026-06-23
KOKIO,Queens,Chicken,A,12,2023-02-08
KOLAPATA,Queens,Bangladeshi,B,25,2024-11-26
KONDO,Queens,Japanese,A,13,2026-06-09
KOREAN NOODLE HOUSE,Queens,Korean,A,2,2024-09-25
KOTHA GRILL & KABAB,Queens,Bangladeshi,A,11,2025-12-29
KOTHA GRILL & KABAB,Queens,Bangladeshi,B,27,2024-08-14
KRAVE IT,Queens,Pizza,A,13,2024-04-08
KRISS WEST INDIAN RESTAURANT,Queens,Caribbean,A,9,2026-07-02
KUKU KOREAN CUISINE,Queens,Korean,B,20,2025-01-08
KUMO CAFE,Queens,Coffee/Tea,A,11,2025-04-29
KUMO JAPANESE RESTAURANT,Queens,Japanese,B,25,2025-02-11
KUMO SUSHI,Queens,Japanese,B,14,2026-02-02
KUNG FU TEA,Queens,Coffee/Tea,A,10,2025-09-15
KUNG FU TEA,Queens,"Juice, Smoothies, Fruit Salads",A,13,2025-02-12
KUNG FU TEA,Queens,Coffee/Tea,A,7,2026-07-14
KUNG FU TEA,Queens,Coffee/Tea,B,22,2024-04-24
KUNGFU HOT POT,Queens,Chinese,C,31,2025-02-14
KUNST COFFEE HAUS,Queens,Coffee/Tea,A,9,2024-06-25
KURA REVOLVING SUSHI BAR,Queens,Japanese,C,31,2024-07-30
KUSA,Queens,Spanish,B,23,2026-04-30
KUTTANADAN INDIAN RESTAURANT,Queens,Indian,B,19,2024-08-06
KYU RAMEN,Queens,Japanese,A,9,2025-03-31
KYURAMEN,Queens,Asian/Asian Fusion,B,14,2025-08-19
KYURAMEN,Queens,Asian/Asian Fusion,B,23,2023-11-21
KYURAMEN,Queens,Asian/Asian Fusion,C,44,2024-10-01
KYURAMEN / TBAAR,Queens,Japanese,C,35,2024-12-18
Kitchen 999,Queens,Chinese,A,11,2025-12-02
Krunchy Krust,Queens,Pizza,B,25,2026-03-30
L & M ITALIAN DELI & CATERING,Queens,Sandwiches,A,7,2025-07-25
L'AROMA DELI CAFE,Queens,Coffee/Tea,A,9,2024-04-10
L'ITALIANO TRATTORIA,Queens,Italian,A,10,2024-02-16
L.M CAFE,Queens,Coffee/Tea,B,20,2024-10-03
L.Q. PALACE (KTV KARAOKE),Queens,Chinese,B,22,2020-02-20
LA ABUNDANCIA BAKERY AND RESTAURANT,Queens,Spanish,A,9,2025-12-09
LA ABUNDANCIA RESTAURANT & BAKERY,Queens,Latin American,A,11,2026-09-02
LA ABUNDANCIA RESTAURANT & BAKERY,Queens,Spanish,A,11,2023-03-21
LA ADELITA DE WOODSIDE,Queens,Mexican,A,13,2023-12-28
LA ANTIOQUENA BAKERY # 1,Queens,Bakery Products/Desserts,B,23,2024-04-09
LA ANTIOQUENA II BAKERY,Queens,Bakery Products/Desserts,A,11,2022-11-07
LA ANTIOQUENA II BAKERY,Queens,Bakery Products/Desserts,A,9,2025-07-01
LA AUTENTICA AMBATENITA BAKERY,Queens,Latin American,A,13,2024-10-10
LA BAKER,Queens,Bakery Products/Desserts,A,0,2025-04-02
LA BAKER,Queens,Bakery Products/Desserts,B,23,2025-10-15
LA BAKER,Queens,Bakery Products/Desserts,C,53,2024-09-30
LA BELLA MARIELLA,Queens,Pizza,A,8,2023-04-19
LA BELLA MARIELLA,Queens,Pizza,A,11,2025-12-03
LA BODEGA DE TONY,Queens,Spanish,A,4,2024-06-14
LA BONANZA BAKERY,Queens,Bakery Products/Desserts,A,13,2024-04-22
LA BRISA DEL CIBAO,Queens,Latin American,A,9,2024-03-21
LA CABANA,Queens,Latin American,C,45,2024-08-21
LA CABANA ARGENTINIAN STEAKHOUSE,Queens,Steakhouse,A,13,2024-10-13
LA CABANA PERUANA,Queens,Peruvian,A,12,2026-08-10
LA CANOA,Queens,Latin American,A,12,2024-03-11
LA CANOA,Queens,Latin American,B,27,2025-08-20
LA CASA DE CHICHARRON,Queens,Spanish,B,22,2024-11-26
LA CASA DE CHICHARRON,Queens,Spanish,B,21,2025-08-20
LA CASA DE JULIA,Queens,Mexican,B,18,2023-10-30
LA CASA DEL CUY ASADO,Queens,Latin American,B,22,2026-04-09
LA CASA DEL MARIACHI,Queens,Mexican,A,13,2024-04-19
LA CASA DEL MARIACHI,Queens,Mexican,B,24,2025-11-12
LA CASA DEL POLLO,Queens,Peruvian,A,10,2025-07-22
LA CASA DEL POLLO PERUANO,Queens,Peruvian,A,9,2024-01-03
LA CEVICHERIA DE MOLE,Queens,Mexican,A,13,2026-05-13
LA CEVICHERIA DE MOLE,Queens,Mexican,C,35,2025-07-15
LA CHOZA DEL GORDO,Queens,Spanish,A,9,2024-02-26
LA CHOZA DEL GORDO,Queens,Latin American,A,12,2024-06-04
LA CHOZA DEL GORDO,Queens,Latin American,A,13,2026-04-23
LA CHOZA DEL GORDO,Queens,Latin American,C,50,2025-10-14
LA CHOZA DEL GORDO,Queens,Spanish,C,73,2025-06-23
LA COLOMBIANITA BAKERY,Queens,Bakery Products/Desserts,B,24,2025-05-09
LA COLOMBIANITA BAKERY,Queens,Bakery Products/Desserts,C,35,2024-10-23
LA DEPORTIVA RESTAURANT,Queens,Latin American,A,11,2026-03-19
LA DOLCE ITALIA BAKERY,Queens,Bakery Products/Desserts,A,13,2025-09-10
LA DOLCE ITALIA BAKERY,Queens,Bakery Products/Desserts,A,13,2026-05-06
LA DOLCE ITALIA BAKERY,Queens,Bakery Products/Desserts,A,12,2024-04-05
LA DULCE BAKERY,Queens,Latin American,C,37,2025-10-14
LA DULCE BAKERY,Queens,Latin American,C,59,2025-07-14
LA DULCE BAKERY,Queens,Bakery Products/Desserts,C,48,2026-06-25
LA DULCE II BAKERY,Queens,Bakery Products/Desserts,B,27,2026-07-29
LA DULCE II BAKERY,Queens,Bakery Products/Desserts,B,24,2024-02-16
LA ELEGANCIA,Queens,Latin American,A,13,2025-05-06
LA ELEGANCIA,Queens,Latin American,C,38,2024-08-23
LA ESPIGA RESTAURANT AND BAKERY,Queens,Spanish,A,13,2023-04-24
LA ESPIGA RESTAURANT AND BAKERY,Queens,Spanish,A,11,2025-08-06
LA ESQUINA DEL SABOR,Queens,Latin American,B,23,2026-05-14
LA ESQUINA DEL SABOR,Queens,Latin American,C,29,2024-07-29
LA ESQUINITA,Queens,Latin American,B,18,2025-01-07
LA FE BAKERY & COFFEE SHOP,Queens,Mexican,A,13,2025-07-11
LA FLOR,Queens,Mexican,A,2,2023-10-12
LA GARRA CATRACHA RESTAURANT,Queens,Spanish,B,22,2024-03-04
LA GITANA #2,Queens,Spanish,A,11,2025-03-11
LA GITANA #4,Queens,Latin American,B,23,2025-04-21
LA GRAN URUGUAYA PANADERIA,Queens,Bakery Products/Desserts,C,38,2025-12-03
LA GUARDIA CAFE,Queens,Latin American,B,23,2024-11-27
LA GUARDIA CAFE,Queens,Latin American,B,24,2025-10-17
LA GULI PASTRY SHOP,Queens,Bakery Products/Desserts,A,11,2025-03-03
LA GULI PASTRY SHOP,Queens,Bakery Products/Desserts,B,27,2024-02-27
LA HUECA MANABITA,Queens,Spanish,A,7,2026-01-16
LA K'FETERIA,Queens,Coffee/Tea,A,8,2024-10-25
LA LIBERTAD RESTAURANT,Queens,Spanish,A,13,2023-12-19
LA LIBERTAD RESTAURANT,Queens,Spanish,A,13,2025-03-13
LA LUNA CAFE,Queens,American,A,13,2024-11-29
LA MITAD DEL MUNDO,Queens,Latin American,A,8,2024-01-02
LA MITAD DEL MUNDO,Queens,Latin American,C,35,2022-11-17
LA MOZZARELLA PIZZERIA,Queens,Pizza,A,13,2025-12-08
LA NAZIONALE SOCCER CLUB,Queens,Coffee/Tea,C,40,2024-11-12
LA NOSTRA PIZZERIA AND RESTAURANT,Queens,Pizza,C,30,2026-04-22
LA NUEVA AMISTAD BAKERY AND RESTAURANT,Queens,Latin American,A,12,2023-06-15
LA NUEVA BAKERY,Queens,Bakery Products/Desserts,C,35,2025-07-02
LA NUEVA COLOMBIA,Queens,Latin American,C,39,2023-11-17
LA NUEVA DELICIA,Queens,Latin American,A,9,2025-11-05
LA NUEVA DELICIA PERUANA,Queens,Peruvian,A,13,2023-09-06
LA OBEJA NEGRA,Queens,American,A,12,2025-01-22
LA PANADERIA TOTOPAN,Queens,Latin American,B,19,2025-04-16
LA PEQUENA COLOMBIA,Queens,Latin American,B,21,2025-11-06
LA PEQUENA TASTE OF ITALY PIZZERIA,Queens,Mexican,B,19,2025-10-29
LA PERRADA DE CHALO,Queens,Latin American,A,11,2025-02-03
LA RICURA RESTAURANT BAKERY,Queens,Latin American,B,27,2026-05-30
LA RONDINE PIZZA,Queens,Pizza,A,10,2022-09-29
LA RONDINE PIZZA,Queens,Pizza,A,13,2025-05-22
LA RUANA PAISA,Queens,Spanish,B,27,2025-07-07
LA RUTA DEL TACO,Queens,Mexican,C,29,2024-11-19
LA SAZON DE LA CHINA,Queens,Latin American,C,29,2025-06-11
LA SORRENTINA,Queens,Italian,A,2,2023-10-26
LA UNION RESTAURANT,Queens,Peruvian,C,33,2024-12-30
LAGMAN LOUNGE,Queens,Jewish/Kosher,C,58,2026-06-24
"LAGUARDIA PLAZA HOTEL, PAVILLION GRILLE",Queens,American,B,27,2025-01-30
LAKESIDE NYC,Queens,Asian/Asian Fusion,B,26,2025-07-28
LALIGURAS BISTRO,Queens,Asian/Asian Fusion,C,31,2023-05-16
LANZHOU HANDMAKE NOODLE,Queens,Chinese,A,13,2025-08-18
LANZHOU HANDMAKE NOODLE,Queens,Chinese,B,18,2023-04-20
LAO KE LE SHANGHAI CUISINE,Queens,Chinese,B,26,2025-08-07
LAO KE LE SHANGHAI CUISINE,Queens,Chinese,C,39,2023-12-07
LAO YU YUAN DUMPLING HOUSE,Queens,Chinese,B,27,2024-12-12
LAS AMERICAS BAKERY,Queens,Bakery Products/Desserts,C,36,2024-02-06
LAS CHILANGAS,Queens,Mexican,A,13,2023-02-28
LAS DELICIAS ADONAI RESTAURANT,Queens,Spanish,B,20,2023-09-13
LAS DELICIAS RESTAURANT & BAKERY,Queens,Spanish,C,53,2026-06-22
LAS MANOS QUIETAS,Queens,Mexican,A,12,2025-01-09
LAS PATRONAS,Queens,Mexican,A,10,2026-02-20
LAS TIAS,Queens,Latin American,A,10,2025-05-12
LAS TOXICAS,Queens,Latin American,A,8,2025-11-21
LAS TRES,Queens,Latin American,A,13,2026-08-03
LATELY CAFE,Queens,Coffee/Tea,A,12,2023-09-11
LATIN BAKERY,Queens,Latin American,B,23,2025-07-02
LAVAZZA ESPRESSO BAR,Queens,American,A,13,2017-04-19
LAYALY CAFE,Queens,Mediterranean,A,6,2024-01-11
LAYALY CAFE,Queens,Mediterranean,B,18,2026-03-23
LE BON PAIN BAKERY,Queens,Bakery Products/Desserts,A,7,2023-05-01
LE BON PAIN BAKERY,Queens,Bakery Products/Desserts,B,18,2024-12-06
LE CAP RESTAURANT & LOUNGE,Queens,Caribbean,C,40,2024-03-06
LECHONERIA NEW YORK II,Queens,Latin American,B,27,2024-11-29
LEE & BAI CHINESE BUNS SHOP,Queens,Chinese,B,22,2025-10-01
LEE PANDA,Queens,Chinese,A,12,2022-12-01
LEFKOS PYRGOS,Queens,Bakery Products/Desserts,B,16,2026-03-17
LEGEND CHICKEN,Queens,Chicken,A,12,2025-05-30
LEGEND COOKHOUSE,Queens,Caribbean,A,11,2025-05-22
LENG EARTH FOOD,Queens,Caribbean,B,23,2024-03-29
LENNY'S CLAM BAR,Queens,Seafood,A,11,2023-03-13
LENNY'S PIZZERIA,Queens,Pizza,B,26,2023-03-15
LENNY'S WEST INDIAN COOKHOUSE,Queens,Caribbean,B,26,2026-05-21
LEO'S,Queens,Latin American,A,13,2024-10-31
LEO'S PIZZA,Queens,Pizza,A,9,2023-04-05
LEON'S BAGEL,Queens,Bakery Products/Desserts,A,8,2026-08-05
LESSING'S (BULOVA CORPORATE CENTER),Queens,American,A,12,2026-03-06
LET'S DO BRUNCH,Queens,American,A,7,2024-03-01
LET'S GET JUICED,Queens,"Juice, Smoothies, Fruit Salads",A,10,2023-06-05
LETY BAKERY,Queens,Bakery Products/Desserts,A,13,2024-04-22
LETY BAKERY,Queens,Bakery Products/Desserts,A,12,2026-07-13
LETY BAKERY,Queens,Bakery Products/Desserts,C,31,2025-01-07
LETY'S SPORT BAR,Queens,Mexican,A,11,2026-07-17
LEVEL ASTORIA,Queens,American,A,12,2026-08-13
LHASA TIBET RESTAURANT & BAR,Queens,Asian/Asian Fusion,A,12,2025-05-07
LHASA TIBET RESTAURANT & BAR,Queens,Asian/Asian Fusion,B,27,2023-05-01
LHASA TIBET RESTAURANT & BAR,Queens,Asian/Asian Fusion,C,34,2024-12-24
LHASALINGFEN,Queens,Asian/Asian Fusion,C,31,2023-12-12
LI LI CHINESE FOOD,Queens,Chinese,B,27,2024-10-10
LI'S GARDEN,Queens,Chinese,B,22,2025-03-25
LI'S GARDEN,Queens,Chinese,C,52,2024-05-20
LIAO M BBQ,Queens,Chinese,B,27,2026-03-21
LIBERTY BAGELS,Queens,Bagels/Pretzels,C,30,2024-03-13
LIBERTY BAR,Queens,American,A,8,2026-06-15
LIBERTY COFFEE SHOP,Queens,American,A,12,2026-06-18
LIBERTY COFFEE SHOP,Queens,American,A,10,2024-02-01
LIBERTY RESTAURANT,Queens,Fusion,C,31,2025-01-29
LIC BAGELS,Queens,Mexican,A,11,2024-02-21
LIC BAGELS,Queens,Mexican,A,13,2025-03-27
LIC HOTEL,Queens,American,B,15,2022-12-29
LIFE HEALTH FITNESS,Queens,"Juice, Smoothies, Fruit Salads",A,12,2026-07-21
LIGHT FRESH GARDEN,Queens,Sandwiches/Salads/Mixed Buffet,A,13,2026-04-11
LILCAFE,Queens,Asian/Asian Fusion,C,28,2025-04-09
LIM'S KITCHEN,Queens,Korean,C,33,2025-10-01
LIMA,Queens,Peruvian,B,23,2023-02-07
LIMA 33,Queens,Peruvian,A,4,2023-11-29
LIME & SALT BAR,Queens,Mexican,A,11,2024-08-21
LIMITLESS FITNESS,Queens,"Juice, Smoothies, Fruit Salads",A,13,2025-11-10
LIN'S GARDEN,Queens,Chinese,B,20,2025-01-16
LIN'S GARDEN,Queens,Chinese,B,21,2026-08-05
LINDA AZOGUENITA BAKERY & RESTAURANT,Queens,Latin American,C,30,2024-04-15
LINDA AZOGUENITA BAKERY & RESTAURANT,Queens,Latin American,C,55,2025-06-27
LINDA AZOGUENITA BAKERY & RESTAURANT,Queens,Latin American,C,44,2025-11-14
LINDA AZOGUENITA BAKERY & RESTAURANT,Queens,Latin American,C,43,2026-03-30
LING LONG XUAN,Queens,Chinese,C,33,2024-12-16
LIOLA,Queens,Italian,A,13,2023-09-28
LITTLE BANCHAN SHOP / MEJU,Queens,Korean,B,19,2025-09-12
LITTLE BROWN JUG,Queens,American,A,13,2016-09-01
LITTLE BROWN JUG,Queens,American,C,35,2018-04-28
LITTLE CAESARS,Queens,Pizza,A,9,2024-07-03
LITTLE CAESARS,Queens,Pizza,A,7,2022-11-09
LITTLE CAESARS,Queens,Pizza,A,9,2023-11-01
LITTLE CAESARS,Queens,Pizza,A,7,2025-02-24
LITTLE CAESARS,Queens,Pizza,A,13,2024-08-20
LITTLE DINER,Queens,American,C,35,2025-08-14
LITTLE FLOWER CAFE,Queens,Coffee/Tea,A,12,2026-03-27
LITTLE MOROCCO,Queens,Moroccan,B,20,2025-08-28
LITTLE MOROCCO,Queens,Moroccan,B,24,2025-02-10
LITTLE SHARK BAKERY,Queens,Coffee/Tea,A,12,2023-07-14
LITTLE SOUP DUMPLING,Queens,Chinese,B,66,2023-08-22
LITTLE STORE,Queens,Chinese,C,37,2026-07-30
LITTLE TOWN COFFEE SHOP,Queens,American,A,13,2025-05-15
LIU YI SHOU HOTPOT,Queens,Chinese,A,12,2025-02-07
LIU YI SHOU HOTPOT,Queens,Chinese,B,24,2023-03-30
LIUJI SZECHUAN NOODLE HOUSE,Queens,Asian/Asian Fusion,A,12,2025-06-30
LIVE LONG JUICE BAR,Queens,"Juice, Smoothies, Fruit Salads",B,20,2023-11-28
LN 1380,Queens,Chinese,B,17,2025-12-23
LOCAL HOPS,Queens,Hamburgers,A,7,2026-04-23
LOCALS,Queens,Coffee/Tea,A,12,2024-07-15
LOFT STUDIO CAFE,Queens,Bakery Products/Desserts,B,21,2026-02-04
LONDON LENNIE'S,Queens,Seafood,A,12,2026-05-29
LONG HING KITCHEN,Queens,Chinese,B,25,2023-10-11
LONG RIVER,Queens,Chinese,A,13,2026-09-10
LONG RIVER,Queens,Chinese,B,27,2024-12-05
LORENAS FRUIT,Queens,"Juice, Smoothies, Fruit Salads",C,38,2025-01-27
LOS AMIGOS,Queens,Mexican,B,24,2025-01-29
LOS CHILES BAR & RESTAURANT,Queens,Mexican,B,22,2024-03-29
LOS CHUZOS,Queens,Latin American,A,13,2024-09-30
LOS CUENCANITOS,Queens,Latin American,B,26,2025-11-22
LOS MISMOS AMIGOS,Queens,Latin American,C,39,2024-08-26
LOS PAISITAS BAKERY & RESTAURANT,Queens,Latin American,A,6,2026-02-26
LOS TRES POTRILLOS,Queens,Mexican,A,10,2025-08-06
LOS TRES POTRILLOS,Queens,Mexican,B,24,2023-01-09
LOS TRES POTRILLOS,Queens,Mexican,C,34,2024-11-12
LOST IN PARADISE / THE NEWSROOM,Queens,Latin American,C,60,2023-10-05
LOTUS 1,Queens,Southeast Asian,B,26,2024-08-12
LOUIE'S PIZZERIA,Queens,Pizza,A,9,2025-01-21
LOUIE'S PIZZERIA,Queens,Pizza,A,7,2023-12-05
LOVELLS AFTER DARK BAR AND LOUNGE,Queens,American,A,11,2016-08-19
LOWKEY GARDEN LOUNGE,Queens,Caribbean,B,17,2025-02-19
LTAUHA,Queens,American,A,8,2025-06-27
LUCIA PIZZA,Queens,Pizza,A,10,2026-06-17
LUCKY CHINESE RESTAURANT,Queens,Chinese,A,9,2023-02-02
LUCKY CORNAGA CHINESE RESTAURANT,Queens,Chinese,A,10,2024-10-17
LUCKY DHABA,Queens,Indian,A,12,2025-11-21
LUCKY HOUSE,Queens,Chinese,B,22,2024-11-07
LUCKY STAR,Queens,Chinese,A,9,2023-04-20
LUCKY STAR CHINESE RESTAURANT,Queens,Chinese,A,9,2022-05-23
LUCKY STAR RESTAURNT,Queens,Chinese,A,8,2025-07-22
LUCKY STAR RESTAURNT,Queens,Chinese,B,24,2023-09-05
LUCY'S ASIAN KITCHEN,Queens,Asian/Asian Fusion,A,9,2025-06-12
LUGO,Queens,Latin American,C,42,2024-08-12
LUIGI'S CATERING,Queens,Italian,A,2,2018-05-23
LUIGI'S PIZZA,Queens,Pizza,A,12,2024-09-11
LULU & DINO CAFE AND BAKERY,Queens,Bakery Products/Desserts,B,23,2024-11-27
LULU'S PIZZA,Queens,Pizza,B,26,2025-12-26
LULU'S PIZZA,Queens,Pizza,C,42,2024-11-19
LUPO ROSSO,Queens,Pizza,A,13,2025-07-23
LUPO ROSSO,Queens,Pizza,B,14,2023-02-07
LUX,Queens,Asian/Asian Fusion,A,13,2026-06-25
LUZ DE AMERICA,Queens,Latin American,B,23,2023-01-19
LUZ DE AMERICA,Queens,Latin American,C,59,2024-07-02
Lucky Dhaba,Queens,Indian,B,25,2024-08-22
M&M BAGELS AND CAFE,Queens,Coffee/Tea,C,47,2025-07-15
MA KIN,Queens,Thai,A,12,2026-06-22
MACOLETTA,Queens,Pizza,B,15,2025-11-25
MAD FOR CHICKEN,Queens,Korean,A,13,2025-01-29
MAD FOR CHICKEN,Queens,Korean,B,16,2025-04-14
MAGGIE MAE'S,Queens,American,B,18,2024-08-22
MAGGIE MAY'S,Queens,Irish,A,10,2024-01-25
MAGICO AMANECER,Queens,"Juice, Smoothies, Fruit Salads",A,9,2025-04-15
MAHARAJA QUALITY SWEETS,Queens,Indian,B,23,2024-04-11
MAHARAJA QUALITY SWEETS,Queens,Indian,C,37,2025-04-21
MAHJONG CAFE,Queens,Chinese,B,26,2024-07-30
MAIKO MATCHA CAFE,Queens,Coffee/Tea,A,4,2024-04-17
MAKAYA BISTRO,Queens,Creole,B,15,2023-04-21
MALA SIBLINGS / TOOFY DUCK,Queens,Chinese,A,13,2026-04-20
MALABAR,Queens,Spanish,A,13,2023-01-15
MALONEY'S PUBLIC HOUSE,Queens,Other,A,10,2024-04-16
MALU BAKERY,Queens,Middle Eastern,A,13,2026-08-10
MAMA LETI'S CAFE,Queens,Latin American,A,13,2025-12-26
MAMA LETI'S CAFE,Queens,Latin American,C,2,2025-08-18
MAMA ROSA'S,Queens,Latin American,B,27,2025-11-13
MAMA'S,Queens,Latin American,A,12,2024-05-29
MAMA'S,Queens,Latin American,A,8,2026-04-16
MAMA'S COOKING,Queens,Caribbean,A,13,2024-04-04
MAMA'S COOKING,Queens,Caribbean,B,27,2025-06-25
MAMA'S EMPANADAS,Queens,Latin American,A,7,2024-11-18
MAMA'S EMPANADAS,Queens,Latin American,C,38,2023-12-06
MAMABITES,Queens,American,A,13,2023-04-10
MAMABITES,Queens,American,A,12,2025-11-17
MAMAN,Queens,Coffee/Tea,A,13,2026-02-17
MAMAN,Queens,Coffee/Tea,A,13,2023-08-18
MAMAN,Queens,French,A,9,2026-02-18
MAMI YSABEL,Queens,Latin American,B,26,2024-12-17
MAMITA'S,Queens,Spanish,C,41,2025-07-24
MANDUCATIS,Queens,Italian,A,7,2026-01-28
MANDUCATIS RUSTICA,Queens,Italian,A,13,2026-06-06
MANGO MANGO,Queens,Chinese,A,13,2026-03-31
MANGO MANGO,Queens,"Juice, Smoothies, Fruit Salads",B,20,2026-07-21
MANGU GRILL RESTAURANT,Queens,Latin American,A,13,2024-05-17
MANNAN BAKERY & RESTAURANT,Queens,Bangladeshi,B,16,2024-11-18
MANUEL E,Queens,Latin American,A,12,2024-01-04
MAPLE GARDEN RESTAURANT,Queens,Chinese,C,43,2023-09-14
MAPLE GARDEN RESTAURANT,Queens,Chinese,C,43,2025-11-22
MAR'S,Queens,New American,A,5,2022-12-21
MARAKAND,Queens,Asian/Asian Fusion,B,21,2024-12-10
MARATHON FOOD SHOP,Queens,Sandwiches,A,10,2024-07-08
MARGHERITA PIZZA,Queens,Pizza,A,10,2025-04-07
MARGHERITA PIZZA,Queens,Pizza,C,29,2026-05-19
MARINA RESTAURANT,Queens,Spanish,A,9,2024-04-12
MARISCOS EL SUBMARINO,Queens,Seafood,B,25,2025-08-27
MARISCOS EL SUBMARINO,Queens,Seafood,C,0,2023-10-17
MARTHA'S COUNTRY BAKERY,Queens,Bakery Products/Desserts,A,10,2023-04-06
MARTHA'S COUNTRY BAKERY,Queens,Bakery Products/Desserts,A,8,2025-10-16
MARVEL,Queens,Frozen Desserts,C,31,2025-08-06
MARY GIULIANI CATERING & EVENTS,Queens,American,A,4,2024-06-04
MARY'S NUTRITION,Queens,"Juice, Smoothies, Fruit Salads",A,10,2025-12-08
MASALA BOX,Queens,Indian,A,10,2025-11-12
MASPETH BAGELS & SANDWICH SHOP,Queens,American,B,26,2025-07-02
MASPETH PIZZA,Queens,Pizza,C,37,2023-10-24
MASTER HUANG,Queens,Chinese,B,26,2023-08-16
MASTER HUANG,Queens,Chinese,B,24,2026-01-03
MATECANA BAKERY & RESTAURANT,Queens,Latin American,A,13,2024-01-08
MATESE PIZZERIA,Queens,Pizza,B,14,2023-03-21
MATHA NOSTO,Queens,Bangladeshi,A,10,2025-12-04
MATIZ LATIN CUISINE,Queens,Latin American,A,13,2026-01-02
MATSUNORI HANDROLL BAR,Queens,Japanese,A,9,2025-12-01
MATTEO'S OF HOWARD BEACH,Queens,Italian,A,13,2026-03-28
MAURIZIO'S ON THE WATER,Queens,Italian,C,33,2026-06-04
MAX,Queens,German,B,27,2024-05-16
MAX BAKERY & RESTAURANT,Queens,Bakery Products/Desserts,B,27,2026-03-25
MAX BAKERY & RESTAURANT,Queens,Bakery Products/Desserts,C,51,2023-07-24
MAX'S RESTAURANT,Queens,Filipino,C,45,2024-05-09
MAXI'S NOODLE,Queens,Chinese,A,6,2025-12-11
MAXI'S NOODLE- 2,Queens,Chinese,A,12,2024-07-03
MAXI'S NOODLE- 2,Queens,Chinese,A,13,2025-12-13
MAXIN BAKERY,Queens,Bakery Products/Desserts,A,4,2025-03-26
MAXIN BAKERY,Queens,Bakery Products/Desserts,A,2,2024-05-01
MAXIN BAKERY,Queens,Bakery Products/Desserts,A,10,2024-04-02
MAXIN BAKERY,Queens,Bakery Products/Desserts,A,13,2024-07-03
MAXIN BAKERY,Queens,Bakery Products/Desserts,A,5,2026-04-02
MAXIN BAKERY,Queens,Bakery Products/Desserts,A,12,2025-10-30
MAXINE ON THE BOULEVARD,Queens,Caribbean,A,13,2024-07-01
MAYA'S GARDEN & JUICE BAR,Queens,Caribbean,A,13,2023-02-15
MCCABE'S BAR CAR,Queens,Irish,B,20,2025-01-16
MCDONALD'S,Queens,Hamburgers,A,11,2024-01-22
MCDONALD'S,Queens,Hamburgers,A,11,2023-01-06
MCDONALD'S,Queens,Hamburgers,A,7,2024-11-19
MCDONALD'S,Queens,Hamburgers,A,10,2024-02-22
MCDONALD'S,Queens,Hamburgers,A,12,2025-10-03
MCDONALD'S,Queens,Hamburgers,A,2,2025-05-19
MCDONALD'S,Queens,American,A,11,2023-11-14
MCDONALD'S,Queens,American,A,3,2026-02-09
MCDONALD'S,Queens,Hamburgers,A,11,2023-10-02
MCDONALD'S,Queens,Hamburgers,A,12,2024-07-17
MCDONALD'S,Queens,Hamburgers,A,12,2025-10-01
MCDONALD'S,Queens,Hamburgers,A,11,2024-09-20
MCDONALD'S,Queens,Hamburgers,A,10,2024-12-12
MCDONALD'S,Queens,American,A,7,2026-07-22
MCDONALD'S,Queens,Hamburgers,A,13,2025-07-01
MCDONALD'S,Queens,Hamburgers,A,11,2024-04-05
MCDONALD'S,Queens,Hamburgers,A,4,2023-06-30
MCDONALD'S,Queens,Hamburgers,A,8,2024-07-19
MCDONALD'S,Queens,American,A,10,2025-12-15
MCDONALD'S,Queens,Hamburgers,A,9,2024-12-26
MCDONALD'S,Queens,Hamburgers,B,14,2025-08-05
MCDONALD'S,Queens,Hamburgers,B,20,2026-07-01
MCDONALDS,Queens,American,A,10,2025-08-01
MCDONALDS,Queens,Hamburgers,A,13,2024-10-01
MCGUINNESS'S SALOON,Queens,Irish,A,11,2023-06-15
MCLOUGHLIN'S,Queens,Irish,A,7,2024-05-23
MEAL MART,Queens,Jewish/Kosher,A,13,2025-07-17
MEDINA FRIED CHICKEN & INDIAN CUISINE,Queens,Chicken,B,17,2024-03-25
MEDINA FRIED CHICKEN & INDIAN CUISINE,Queens,Chicken,C,33,2025-08-19
MEDITERRA,Queens,Bakery Products/Desserts,A,13,2025-02-21
MEERA DELI,Queens,Sandwiches,A,11,2023-11-16
MEET FRESH,Queens,Bakery Products/Desserts,A,13,2023-09-26
MELI ESTIATORIO,Queens,Greek,A,10,2025-12-03
MELODY,Queens,Middle Eastern,A,13,2026-07-24
MELTING CUPS COFFEE CO.,Queens,Coffee/Tea,A,10,2024-12-02
MELTING CUPS COFFEE CO.,Queens,Coffee/Tea,B,17,2026-05-28
MELTING POT CUISINE,Queens,Caribbean,B,25,2024-12-06
MEMO'S RESTAURANT,Queens,Spanish,A,13,2025-03-14
MERIT KABAB,Queens,Bangladeshi,C,31,2024-11-15
MERITTA'S JAMAICAN AND AMERICAN RESTAURANT,Queens,Caribbean,A,10,2024-07-05
METRO DINER,Queens,American,A,12,2025-12-17
MEXICAN GRILL,Queens,Mexican,B,27,2025-06-11
MEXIJOE'S,Queens,Mexican,A,9,2019-05-16
MEZZE GRAB & GO,Queens,American,A,4,2025-06-25
MEZZE PIZZA PASTA SUSHI,Queens,Jewish/Kosher,B,26,2024-04-09
MI CASA (next to gate 22),Queens,Mexican,A,9,2024-05-22
MI CASITA BAKERY Y RESTAURANT,Queens,Bakery Products/Desserts,A,11,2025-02-19
MI COMALITO,Queens,Latin American,A,9,2026-09-03
MI DELICIAS PUEBLA,Queens,Mexican,B,17,2025-06-05
MI ESPIGUITA,Queens,Mexican,A,12,2025-02-18
MI LINDA GUATEMALA,Queens,Latin American,A,13,2025-09-09
MI PEQUENO EL SALVADOR,Queens,Latin American,A,4,2023-10-23
MI PEQUENO EL SALVADOR,Queens,Latin American,B,21,2025-01-07
MI TAQUERIA TOLTE,Queens,Mexican,B,17,2023-10-10
MI TAQUERIA TOLTE,Queens,Mexican,B,23,2025-08-13
MICHAEL'S RESTAURANT,Queens,American,A,13,2024-02-21
MICHAEL'S RESTAURANT,Queens,American,B,14,2025-07-17
MICHELADA HOUSE II,Queens,Mexican,B,21,2025-08-27
MICHELADA HOUSE II,Queens,Mexican,B,16,2023-11-29
MIKADO,Queens,Japanese,A,13,2025-01-06
MIKE'S DELI,Queens,Sandwiches,B,40,2023-09-28
MIKE'S PIZZERIA,Queens,Pizza,B,27,2023-11-30
MIKE'S PIZZERIA,Queens,Pizza,B,18,2025-09-15
MIKE'S TAVERN,Queens,American,A,2,2024-10-16
MILAGRO TEQUILA BAR,Queens,American,A,0,2024-09-20
MILENIO,Queens,Latin American,A,12,2024-03-21
MILKFLOWER,Queens,Pizza,A,5,2024-09-10
MILLIE'S GOOD TIMES DELI,Queens,American,B,24,2025-06-20
MILO'S YARD,Queens,American,A,11,2025-09-12
MIMOZA CAFE,Queens,Coffee/Tea,B,16,2025-01-27
MINAS RESTAURANT,Queens,Filipino,A,7,2023-05-10
MING GARDEN CHEN,Queens,Chinese,B,18,2025-10-30
MING WEI XUAN,Queens,Chinese,B,14,2025-12-15
MING WEI XUAN,Queens,Chinese,C,32,2025-08-19
MINNOW,Queens,Japanese,A,11,2018-03-08
MIO RIVERA'S BAKERY,Queens,Bakery Products/Desserts,B,20,2024-12-26
MIO RIVERA'S BAKERY,Queens,Bakery Products/Desserts,C,62,2026-06-22
MIRA CALI BAKERY #6,Queens,Bakery Products/Desserts,A,10,2025-05-12
MIRA CALI BAKERY #6,Queens,Bakery Products/Desserts,A,13,2023-10-30
MIRACALI BAKERY II,Queens,Bakery Products/Desserts,B,21,2026-07-31
MIRANDA'S PUPUSERIA,Queens,Spanish,A,12,2026-06-22
MIS TIERRAS COLOMBIANAS,Queens,Latin American,B,17,2025-01-07
MISTER BURRITO LOCO,Queens,Mexican,A,11,2025-09-11
MISTER CANGREJO,Queens,Spanish,B,23,2025-08-01
MISTER CHICKEN II,Queens,Chicken,A,11,2025-05-07
MISTER CHICKEN II,Queens,Chicken,C,31,2023-02-22
MISTURA PERUANA,Queens,Peruvian,A,13,2025-02-11
MITO ASIAN FUSION,Queens,Japanese,B,19,2025-01-10
MIYAMA SUSHI & STEAKHOUSE,Queens,Japanese,A,13,2025-04-28
MLB &Q BURGER,Queens,Hamburgers,A,13,2024-10-18
MMM THATS A WRAP,Queens,Sandwiches,A,12,2025-05-08
MMM THATS A WRAP,Queens,Sandwiches,C,32,2025-02-11
MOE'S GOURMET FOOD & PIZZA,Queens,American,B,17,2024-05-09
MOGE TEA,Queens,Coffee/Tea,A,10,2022-09-01
MOGE TEA,Queens,Coffee/Tea,B,21,2025-07-15
MOGE TEE,Queens,"Juice, Smoothies, Fruit Salads",B,27,2025-08-15
MOGE TEE,Queens,Coffee/Tea,B,25,2025-05-05
MOHO MEXICAN GRILL,Queens,Mexican,A,13,2025-04-10
MOJITOS,Queens,Latin American,C,42,2026-04-29
MOJOILLA PANCAKE STORE # 26,Queens,Chinese,A,11,2025-01-13
MOKA & CO,Queens,Coffee/Tea,A,7,2026-01-20
MOKA & CO,Queens,Coffee/Tea,C,40,2024-09-03
MOKAFE,Queens,Bakery Products/Desserts,C,34,2025-04-17
MOM'S KITCHEN & BAR / LILY'S,Queens,American,B,27,2026-07-18
MOMO ASHI,Queens,Coffee/Tea,B,27,2023-06-27
MOMO ASHI,Queens,Coffee/Tea,B,21,2025-01-09
MOMO ASHI,Queens,Coffee/Tea,C,64,2023-08-02
MOMO CRAVE,Queens,Asian/Asian Fusion,B,19,2025-10-11
MOMO CRAVE,Queens,Asian/Asian Fusion,C,41,2024-11-14
MON CHERI,Queens,Italian,B,21,2026-03-16
MONAHAN & FITZGERALD,Queens,Irish,A,12,2026-08-20
MONEY CAKE (FOODHALL #22),Queens,Bakery Products/Desserts,C,28,2025-03-19
MONGKHON,Queens,Thai,A,13,2025-11-26
MOON & FLOWER HOUSE,Queens,Sandwiches,A,13,2023-05-03
MOON & FLOWER HOUSE,Queens,Sandwiches,B,27,2025-04-21
MOON CHEESE,Queens,Hamburgers,B,27,2025-04-14
MOON PALACE KITCHEN,Queens,Chinese,B,21,2022-12-01
MORNING BAKERY,Queens,Bakery Products/Desserts,A,13,2025-12-31
MORNING BAKERY,Queens,Bakery Products/Desserts,B,19,2025-07-22
MOROCHO BAKERY,Queens,Latin American,B,24,2024-12-24
MOROCHO BAKERY,Queens,Latin American,B,22,2026-06-17
MOSAIC,Queens,Tapas,A,9,2024-10-12
MOTHER EARTH JUICE BAR CAFE,Queens,"Juice, Smoothies, Fruit Salads",A,12,2023-09-19
MOTIN SWEETS AND MASALA,Queens,Bangladeshi,B,21,2026-01-16
MR DEMUS FISHNET RESTAURANT,Queens,Caribbean,A,9,2024-04-01
MR LUOS NOODLES,Queens,Chinese,B,27,2024-12-03
MR. BEAR,Queens,Bakery Products/Desserts,B,21,2026-07-25
MR. BRUNO'S PIZZERIA,Queens,Pizza,B,21,2024-03-16
MR. CEBAS,Queens,Latin American,A,13,2026-03-20
MR. CHEN,Queens,Chinese,A,8,2024-06-18
MR. CHICKEN AND MRS. TEA,Queens,Chicken,A,12,2025-12-08
MR. CHICKEN AND MRS. TEA,Queens,Chicken,C,40,2025-08-20
MR. CHICKEN AND MRS. TEA,Queens,Chicken,C,2,2024-03-22
MR. DAK,Queens,Korean,B,19,2025-03-11
MR. NANCY'S,Queens,American,A,11,2025-12-11
MR. PANG,Queens,Chinese,B,25,2024-02-01
MR. POLLO RICO,Queens,Peruvian,B,23,2025-01-22
MR. TU BAKERY,Queens,Bakery Products/Desserts,A,10,2024-10-04
MR. TU BAKERY,Queens,Bakery Products/Desserts,B,26,2025-05-09
MR. WASABI,Queens,Japanese,A,12,2026-05-06
MR. WISH,Queens,Coffee/Tea,B,22,2025-09-05
MR. WONTON,Queens,Chinese,B,21,2026-04-30
MRKI'S PLACE,Queens,Bottled Beverages,A,12,2025-06-11
MRS. FIELDS / PRETZELMAKER,Queens,Bakery Products/Desserts,B,18,2022-09-07
MRS. FIELDS / PRETZELMAKER,Queens,Bakery Products/Desserts,B,27,2025-06-23
MTA MASPETH CAFETERIA,Queens,American,A,12,2025-02-18
MUGI BAKERY,Queens,Bakery Products/Desserts,B,22,2024-12-26
MULBERRY STREET,Queens,American,A,12,2024-05-22
MULBERRY STREET,Queens,American,A,10,2023-04-18
MULBERRY STREET,Queens,American,A,13,2025-07-16
MUNDO FELIZ (HERBALIFE),Queens,"Juice, Smoothies, Fruit Salads",A,13,2025-12-26
MURPHY'S BAR,Queens,New American,A,12,2026-03-25
MURPHY'S BAR,Queens,New American,C,34,2025-11-06
MUUMOO FOODS,Queens,Polish,A,13,2024-03-01
MY JARABACOA,Queens,Latin American,C,38,2024-05-07
MYGIRL,Queens,Coffee/Tea,C,28,2025-07-21
MYRTLE PUB,Queens,American,A,12,2022-11-28
MYSTTIK MASAALA,Queens,Indian,B,27,2025-10-28
MYUNG SAN,Queens,Korean,B,19,2023-11-30
Medina Halal,Queens,Caribbean,A,13,2023-06-05
NABANNO,Queens,Bangladeshi,B,20,2025-12-17
NABANNO RESTAURANT,Queens,Bangladeshi,C,44,2024-12-04
NABANNO RESTAURANT,Queens,Bangladeshi,C,34,2025-10-21
NAD'S ROTI SHOP & RESTAURANT,Queens,Caribbean,B,17,2026-02-17
NAGI CUISINE,Queens,Japanese,A,12,2024-05-30
NAJU GOMTANG,Queens,Korean,B,17,2025-05-06
NAJU GOMTANG,Queens,Korean,C,30,2026-07-16
NAN XIANG EXPRESS SOUP DUMPLINGS,Queens,Chinese,C,28,2024-11-25
NANA GOOD EATS,Queens,Mediterranean,A,9,2025-07-11
NANA'S,Queens,American,A,12,2026-08-05
NANGMA RESTAURANT & BAR,Queens,Asian/Asian Fusion,B,27,2025-03-11
NANKING,Queens,Indian,B,26,2025-10-09
NANKING,Queens,Indian,C,34,2026-04-09
NANKING,Queens,Indian,C,43,2025-01-09
NARESH ESSEQUIBO CUISINE,Queens,Caribbean,A,9,2026-03-17
NARESH ESSEQUIBO CUISINE,Queens,Caribbean,B,22,2025-11-20
NARESH ESSEQUIBO CUISINE,Queens,Caribbean,C,40,2025-08-05
NARITA,Queens,Japanese,B,20,2025-09-03
NASHVILLE FRIED CHICKEN & PIZZA,Queens,Chicken,A,12,2024-01-24
NAYA,Queens,Middle Eastern,A,11,2025-12-14
NEIR'S TAVERN,Queens,American,B,23,2023-11-20
NEPALI BHANCHHA GHAR,Queens,Asian/Asian Fusion,B,27,2024-08-27
NEPALI MOMO CAFE,Queens,Asian/Asian Fusion,B,16,2025-09-02
NEW APNA VIRSA RESTAURANT,Queens,Indian,B,19,2025-10-22
NEW APNA VIRSA RESTAURANT,Queens,Indian,B,24,2024-08-26
NEW CASTLE DELICATESSEN,Queens,Spanish,A,11,2024-12-06
NEW CHAMPION WOK,Queens,Chinese,A,13,2025-08-21
NEW CHAMPION WOK,Queens,Chinese,B,23,2023-11-16
NEW CHEUN HING KITCHEN,Queens,Chinese,B,16,2024-08-26
NEW CHEUN HING KITCHEN,Queens,Chinese,B,18,2025-11-06
NEW CHEUNG CHOW,Queens,Chinese,A,10,2024-08-29
NEW CHINA 3,Queens,Chinese,B,27,2025-01-08
NEW CHINESE GARDEN OF GUYANA,Queens,Fusion,B,27,2025-04-01
NEW CHINESE GARDEN OF GUYANA,Queens,Fusion,C,63,2024-12-16
NEW CHIPICHAPE,Queens,Bakery Products/Desserts,A,13,2025-01-27
NEW DAI HING RESTAURANT,Queens,Chinese,C,0,2025-09-26
NEW DE XING,Queens,Chinese,A,11,2026-01-15
NEW DE XING,Queens,Chinese,B,20,2023-05-03
NEW EMPIRE KITCHEN,Queens,Chinese,A,12,2024-03-23
NEW FUZHOU STYLE INC,Queens,Chinese,C,55,2025-06-05
NEW GRAM BANGLA RESTAURANT,Queens,Bangladeshi,C,34,2025-06-25
NEW GREAT TAYSTEE GARDENS,Queens,Chinese,B,27,2024-10-09
NEW GREAT TAYSTEE GARDENS,Queens,Chinese,B,20,2023-02-17
NEW GREAT WALL,Queens,Chinese,A,10,2025-05-05
NEW GREAT WALL,Queens,Chinese,B,24,2023-03-07
NEW HAPPY GOLDEN HOUSE,Queens,Chinese,B,27,2025-02-20
NEW HO WAH,Queens,Chinese,B,25,2024-02-29
NEW HO WAH,Queens,Chinese,C,43,2026-05-21
NEW HONG KONG,Queens,Chinese,A,12,2024-06-27
NEW HONG KONG,Queens,Chinese,A,12,2025-11-10
NEW IMPERIAL TASTE,Queens,Chinese,A,5,2024-02-12
NEW KING HOUSE,Queens,Chinese,A,12,2025-12-12
NEW KING HOUSE,Queens,Chinese,B,19,2022-12-28
NEW KING WOK,Queens,Chinese,A,13,2025-11-18
NEW KISSENA CHINESE FOOD SHAO,Queens,Chinese,C,39,2024-08-28
NEW KUM SUNG BBQ,Queens,Korean,B,19,2025-11-08
NEW LANE PIZZERIA,Queens,Pizza,A,11,2025-10-06
NEW LIN'S KITCHEN,Queens,Chinese,C,5,2025-10-03
NEW MALAYSIA RESTAURANT,Queens,Asian/Asian Fusion,C,37,2025-01-30
NEW MING'S KITCHEN,Queens,Chinese,B,20,2024-03-28
NEW MULAN,Queens,Chinese,C,48,2025-02-04
NEW NEW GARDEN RESTAURANT,Queens,Chinese,A,2,2025-05-07
NEW PINANG,Queens,Asian/Asian Fusion,C,38,2023-05-04
NEW PIZZA PLACE,Queens,Pizza,A,12,2024-06-10
NEW SONG'S DUMPLING CAFE,Queens,Chinese,A,12,2023-09-27
NEW TASTE RESTAURANT INC,Queens,Chinese,B,27,2026-03-18
NEW TEXAS FRIED CHICKEN & PIZZA,Queens,American,B,25,2025-08-06
NEW THRIVING RESTAURANT,Queens,Asian/Asian Fusion,B,21,2024-11-14
NEW THRIVING RESTAURANT OF GUYANA,Queens,Chinese,B,18,2025-05-15
NEW TIAN FU RESTAURANT #9,Queens,Chinese,A,12,2024-11-25
NEW UNCLE FRIED CHICKEN,Queens,Chicken,B,21,2024-08-26
NEW WIN CHINESE RESTAURANT,Queens,Chinese,A,5,2025-02-26
NEW WOKS KITCHEN,Queens,Chinese,C,44,2024-12-17
NEW WOKS KITCHEN,Queens,Chinese,C,36,2026-04-08
NEW YORK CITY BAGEL & COFFEE HOUSE,Queens,Bagels/Pretzels,A,7,2025-12-15
NEW YORK CITY BAGEL & COFFEE HOUSE,Queens,Bagels/Pretzels,A,4,2024-12-12
NEW YORK CITY BAGEL & COFFEE HOUSE,Queens,Bagels/Pretzels,A,7,2023-04-27
NEW YORK FRIED CHICKEN,Queens,Chicken,A,13,2024-09-05
NEW YORK FRIED CHICKEN,Queens,Chicken,C,33,2023-12-11
NEW YORK GRILL,Queens,American,A,12,2025-10-30
NEW YORK K. B.B.Q,Queens,Korean,B,26,2025-09-17
NEW YORK NOODLE KING (#22),Queens,Chinese,B,16,2026-04-13
NEW YUMMY,Queens,Chinese,A,13,2025-01-21
NEW YUMMY,Queens,Chinese,A,5,2026-07-20
NHA MINH,Queens,Asian/Asian Fusion,A,13,2024-04-24
NHA MINH,Queens,Asian/Asian Fusion,B,18,2026-03-26
NICK'S PIZZA,Queens,Italian,A,9,2022-03-21
NICKOLAS',Queens,Latin American,A,9,2025-04-17
NIEVES TIA MIMI,Queens,Frozen Desserts,B,27,2025-11-17
NIEVES TIA MIMI,Queens,Frozen Desserts,C,35,2024-04-20
NIFOROS COFFEE SHOP,Queens,American,B,22,2024-05-07
NIFOROS COFFEE SHOP,Queens,American,B,22,2025-01-30
NIGHT MARKET BBQ,Queens,Barbecue,B,17,2025-07-10
NIKKO HIBACHI STEAKHOUSE & LOUNGE,Queens,Japanese,B,27,2023-04-10
NIKKO HIBACHI STEAKHOUSE & LOUNGE,Queens,Japanese,C,29,2025-09-02
NIKO'S SOUVLAKI,Queens,Greek,A,13,2025-11-17
NIKO'S SOUVLAKI,Queens,Greek,C,29,2024-03-26
NINJA JAPAN TERIYAKI,Queens,Japanese,B,26,2023-07-17
NIPPON CHA,Queens,Japanese,C,33,2026-07-23
NITA'S EUROPEAN BAKERY,Queens,Bakery Products/Desserts,A,11,2023-09-27
NIUDDO,Queens,Chinese,A,2,2024-10-24
NIUDDO,Queens,Chinese,A,11,2026-03-04
NIYOM THAI,Queens,Thai,A,13,2026-06-29
NIYOM THAI,Queens,Thai,C,55,2026-03-24
NO STRESS COFFEE,Queens,Coffee/Tea,A,10,2026-02-18
NO. 1 SUPER SNACK INC. (Entrance on 41RD/Q58 bus stop),Queens,Chinese,B,22,2026-05-21
NO. 8 KITCHEN & BAR,Queens,Chinese,B,15,2023-03-04
NO.1 YUMMY TACO,Queens,Chinese,A,12,2026-02-02
NOCHE DE MARGARITAS,Queens,Mexican,B,14,2025-09-25
NOCHES DE COLOMBIA,Queens,Latin American,B,17,2023-10-20
NOCHES DE COLOMBIA,Queens,Latin American,C,35,2024-08-27
NOISETTE,Queens,French,C,48,2025-04-17
NOISETTE,Queens,French,C,7,2023-05-10
NOMAD CAFE & EATERY,Queens,Coffee/Tea,A,7,2026-03-04
NONNA DELIA'S,Queens,Pizza,A,11,2025-11-20
NONNA DELIA'S,Queens,Pizza,B,27,2024-08-14
NOODLE CRAFT,Queens,Chinese,B,21,2025-10-09
NOODLE CRAFT,Queens,Chinese,B,25,2024-01-17
NORTH SHORE DINER,Queens,American,A,13,2024-05-10
NORTH SHORE DINER,Queens,American,B,21,2023-07-06
NORTH SHORE DINER,Queens,American,C,49,2025-04-14
NORTH SHORE TOWERS RESTAURANT AND CATERING,Queens,Greek,B,26,2023-08-14
NORTH SHORE TOWERS RESTAURANT AND CATERING,Queens,Greek,B,24,2024-11-12
NORTHERN KING DUMPLING,Queens,Chinese,A,12,2026-06-15
NORTHERN KING DUMPLING,Queens,Chinese,B,16,2025-01-13
NOTABLE,Queens,Caribbean,B,17,2023-08-21
NOVA SOCCER CLUB,Queens,Coffee/Tea,A,4,2024-05-10
NOVO DELI,Queens,American,B,27,2025-09-18
NOVO DELI,Queens,American,C,53,2024-07-31
NU LOOK DELI,Queens,American,A,12,2024-05-02
NUEVA AMBATENITA LA ESQUINA DEL SABOR,Queens,Latin American,B,27,2024-12-16
NUEVA AMBATENITA LA ESQUINA DEL SABOR,Queens,Latin American,B,25,2026-06-02
NUEVO TACOS AL SUADERO,Queens,Mexican,A,13,2026-03-02
NUHMA,Queens,American,B,19,2025-02-04
NUR THAI,Queens,Thai,B,23,2025-02-19
NUR THAI,Queens,Thai,B,21,2023-02-27
NUR THAI,Queens,Thai,C,2,2023-01-17
NUTRI MOOD,Queens,"Juice, Smoothies, Fruit Salads",A,12,2025-04-08
NUTRICION FAMILIAR,Queens,Other,C,39,2024-12-13
NUTRIPAN COLOMBIAN BAKERY,Queens,Latin American,B,14,2025-08-01
NUTRIPAN COLOMBIAN BAKERY,Queens,Latin American,B,25,2024-08-13
NY BAKERY CAFE,Queens,Bakery Products/Desserts,A,12,2025-12-05
NY BAKERY CAFE,Queens,Bakery Products/Desserts,C,62,2025-04-24
NY BAKERY CAFE,Queens,Bakery Products/Desserts,C,29,2025-09-22
NY GO GO FAST FOOD,Queens,Chinese,A,12,2026-02-02
NY GO GO FAST FOOD,Queens,Chinese,A,13,2025-08-26
NY GO GO FAST FOOD,Queens,Chinese,B,24,2023-03-01
NY GO GO FAST FOOD,Queens,Chinese,C,58,2024-07-05
NY HAPPY FAMILY INC,Queens,Chinese,C,47,2026-06-25
NY HAPPY FAMILY INC,Queens,Chinese,C,31,2025-08-25
NY LHASALIANG FEN,Queens,Asian/Asian Fusion,B,19,2025-09-29
NY SWEET YUMMY HOUSE,Queens,Chinese,A,12,2023-05-28
NYAMINZ & JAMINZ CARIBBEAN KITCHEN,Queens,Caribbean,B,27,2024-09-26
New Hong Kong,Queens,Chinese,A,9,2026-07-09
New Hong Kong,Queens,Chinese,A,10,2024-12-27
O Grove Tavern,Queens,Spanish,A,12,2025-07-28
O LAVRADOR,Queens,Portuguese,A,12,2024-06-26
O'NEILL'S,Queens,American,B,17,2025-10-07
O'SUN TERIYAKI,Queens,Japanese,A,12,2024-03-20
O.B'S BAKERY,Queens,Bakery Products/Desserts,A,13,2026-08-21
O.B'S BAKERY,Queens,Bakery Products/Desserts,B,16,2026-03-27
OAKBERRY ACAI,Queens,Other,A,13,2026-07-10
"OAKLAND CAFETERIA, QUEENSBOROUGH COMMUNITY COLLEGE",Queens,American,A,9,2018-01-31
OBA GRILL,Queens,Turkish,B,25,2025-02-20
OCEAN BAY,Queens,Chinese,B,16,2024-11-23
OCEAN PRIME,Queens,American,A,13,2024-03-25
OCHI JERK PLACE,Queens,Caribbean,A,10,2026-08-17
OFF PEAK COFFEE,Queens,Coffee/Tea,C,30,2026-02-25
OFF PEAK COFFEE,Queens,Coffee/Tea,C,28,2025-08-07
OFF THE HOOK,Queens,Seafood,C,29,2025-07-16
OH! BAGEL,Queens,Bagels/Pretzels,B,26,2024-04-08
OISHII SUSHI,Queens,Japanese,A,11,2025-10-16
OLD BEIJING BBQ,Queens,Chinese,A,8,2026-05-07
OLD COUNTRY BAGEL,Queens,Bagels/Pretzels,B,17,2025-09-05
OLD LUO YANG RESTAURANT,Queens,Chinese,C,41,2025-02-26
OLD SPORT FOOD,Queens,Chinese,B,23,2024-11-25
OLIVE FAST FOOD,Queens,Mediterranean,B,25,2025-07-02
OLIVE FAST FOOD,Queens,Mediterranean,C,5,2025-01-03
OLIVER'S,Queens,New American,A,13,2025-03-07
OLMSTED CAFETERIA,Queens,American,A,13,2024-11-07
OLMSTED CAFETERIA,Queens,American,C,34,2026-03-18
OLMSTED CAFETERIA- KIOSK,Queens,American,A,13,2025-08-13
OM WOK,Queens,Asian/Asian Fusion,A,12,2023-11-09
OM WOK RESTAURANT,Queens,Asian/Asian Fusion,B,26,2024-12-27
OMAKASE RAMEN,Queens,Japanese,A,13,2026-04-23
OMONIA CAFE,Queens,Greek,A,13,2023-03-27
OMONIA CAFE,Queens,Greek,B,27,2025-09-12
OMONIA CAFE,Queens,Greek,B,27,2024-08-26
ON THE 7,Queens,New American,A,9,2025-12-22
ONE STOP ROTI SHOP AND BAKERY,Queens,Caribbean,A,12,2024-07-17
ONEDEE THAI,Queens,Thai,A,10,2025-12-13
OOI SUSHI & LOUNGE,Queens,Japanese,A,12,2025-08-28
OOODLES NOODLE HOUSE,Queens,Asian/Asian Fusion,A,13,2024-04-18
ORALE TACOS,Queens,Tex-Mex,B,25,2025-11-25
ORBITAL KITCHEN,Queens,Fusion,B,27,2026-06-24
ORIGINAL ESPINAL DELI 2,Queens,Latin American,C,63,2024-07-24
OSAKA,Queens,Japanese,A,13,2024-07-15
OUR BACKYARD CAFE,Queens,Bakery Products/Desserts,A,12,2026-01-22
OUR BACKYARD CAFE,Queens,Bakery Products/Desserts,B,16,2023-03-22
OUR BACKYARD CAFE,Queens,Bakery Products/Desserts,B,27,2024-11-07
OUR VILLAGE ROTI SHOP,Queens,Caribbean,A,11,2023-10-06
OZONE PIZZERIA,Queens,Pizza,A,10,2026-04-06
P & Y COFFEE SHOP,Queens,American,A,7,2026-08-21
PA ER DUO (SICHUAN MAOXUEWANG),Queens,Chinese,B,25,2026-04-09
PADDY'S TAVERN,Queens,Irish,B,25,2025-09-18
PALACE FRIED CHICKEN,Queens,Chicken,A,12,2023-12-06
PALACIO DE LOS CHOLADOS,Queens,Frozen Desserts,B,16,2025-05-05
PALADARES COLOMBIAN BAKERY,Queens,Latin American,B,20,2025-11-28
PALADARES COLOMBIAN BAKERY,Queens,Latin American,C,37,2025-07-16
PALETERIA LOS MICHOACANOS,Queens,Frozen Desserts,B,27,2026-06-22
PALO BAR,Queens,Latin American,C,48,2025-07-23
PAMIR KABAB HOUSE & GRILL,Queens,Mediterranean,A,11,2023-06-26
PAN UGO BAKERY,Queens,Bakery Products/Desserts,C,51,2023-12-11
PANADERIA LOS TRES REYES,Queens,Bakery Products/Desserts,A,13,2024-06-07
PANDA EXPRESS #2845,Queens,Chinese,A,13,2023-10-16
PANDA EXPRESS #2845,Queens,Chinese,B,22,2025-09-03
PANDA GARDEN,Queens,Chinese,B,26,2025-08-11
PANDA GARDEN QUEENS,Queens,Chinese,A,13,2025-08-06
PANDA KING,Queens,Chinese,A,3,2023-04-24
PANDA KING KITCHEN,Queens,Chinese,C,30,2026-03-14
PANDA KING KITCHEN,Queens,Chinese,C,28,2024-12-30
PANEORAMA BAKERY,Queens,Bakery Products/Desserts,A,7,2023-09-06
PANERA BREAD,Queens,Soups/Salads/Sandwiches,A,12,2024-11-01
PANERA BREAD,Queens,American,A,7,2026-05-22
PANERA BREAD,Queens,Bakery Products/Desserts,A,4,2026-01-23
PANERA BREAD,Queens,Soups/Salads/Sandwiches,A,12,2024-04-24
PANETINO BAKERY,Queens,Bakery Products/Desserts,A,12,2024-12-04
PANORAMA,Queens,Latin American,A,13,2023-03-06
PANORAMA,Queens,Latin American,B,20,2023-10-11
PANORAMA OF MY SILENCE-HEART,Queens,Coffee/Tea,A,9,2025-12-23
PANSHI RESTAURANT & PARTY HALL,Queens,Bangladeshi,C,39,2025-05-30
PANTRY MARKET EATERY,Queens,Sandwiches/Salads/Mixed Buffet,A,13,2026-01-30
PANTRY MARKET EATERY,Queens,Sandwiches/Salads/Mixed Buffet,B,23,2024-11-25
PAO DE QUEIJO & CO.,Queens,Brazilian,B,25,2025-11-15
PAPA CHICKEN,Queens,Chicken,A,11,2024-05-17
PAPA CHICKEN,Queens,Chicken,A,10,2025-10-09
PAPA CHICKEN,Queens,Chicken,C,45,2025-07-22
PAPA JOHN'S,Queens,Pizza,A,10,2024-03-18
PAPA JOHN'S,Queens,Pizza,A,13,2024-02-12
PAPA JOHN'S,Queens,Pizza,A,7,2023-01-31
PAPA JOHN'S,Queens,Pizza,A,12,2025-10-20
PAPA JOHN'S,Queens,Pizza,A,7,2025-03-28
PAPA JOHN'S,Queens,Pizza,A,9,2026-02-27
PAPA JOHN'S,Queens,Pizza,A,12,2024-07-12
PAPA JOHN'S,Queens,Pizza,A,12,2023-05-30
PAPA JOHN'S,Queens,Pizza,A,7,2024-05-06
PAPA JOHN'S,Queens,Pizza,A,9,2026-01-14
PAPA JOHN'S,Queens,Pizza,C,2,2024-06-28
PAPA JOHN'S,Queens,Pizza,C,35,2025-10-08
PAPA JOHN'S PIZZA,Queens,Pizza,A,12,2024-06-26
PAPA JOHN'S PIZZA,Queens,Pizza,B,21,2026-01-28
PARADISE SPORTS BAR,Queens,Mexican,B,25,2025-10-21
PARAISO COLOMBIAN,Queens,Latin American,A,12,2026-06-01
PARCEROS BAKERY II,Queens,Latin American,A,10,2025-01-30
PARIS BAGUETTE,Queens,Bakery Products/Desserts,A,13,2023-06-02
PARIS BAGUETTE,Queens,Bakery Products/Desserts,A,11,2024-02-14
PARIS BAGUETTE,Queens,Bakery Products/Desserts,A,13,2026-04-02
PARIS BAGUETTE,Queens,Bakery Products/Desserts,A,12,2023-10-13
PARIS BAGUETTE,Queens,Bakery Products/Desserts,A,9,2022-11-22
PARIS BAGUETTE,Queens,Bakery Products/Desserts,A,10,2024-12-13
PARIS BAGUETTE,Queens,Bakery Products/Desserts,A,7,2026-05-21
PARIS BAGUETTE,Queens,Bakery Products/Desserts,A,13,2024-08-23
PARIS BAGUETTE,Queens,Bakery Products/Desserts,A,10,2024-06-07
PARIS BAGUETTE,Queens,Bakery Products/Desserts,A,13,2024-11-21
PARIS BAGUETTE,Queens,Bakery Products/Desserts,A,11,2026-06-15
PARIS BAGUETTE,Queens,Bakery Products/Desserts,B,23,2024-06-27
PARIS BAGUETTE,Queens,Bakery Products/Desserts,B,38,2022-12-20
PARIS BAGUETTE,Queens,Bakery Products/Desserts,B,25,2024-03-21
PARIS BAGUETTE,Queens,Bakery Products/Desserts,B,22,2024-09-05
PARIS BAGUETTE,Queens,Bakery Products/Desserts,B,27,2024-04-29
PARIS BAGUETTE,Queens,Bakery Products/Desserts,B,22,2025-01-27
PARIS BAGUETTE,Queens,Bakery Products/Desserts,B,26,2025-09-17
PARIS BAGUETTE,Queens,Bakery Products/Desserts,B,21,2025-01-31
PARIS OVEN BAKERY,Queens,Bakery Products/Desserts,B,26,2025-01-31
PARIS OVEN BAKERY,Queens,Bakery Products/Desserts,B,26,2025-06-30
PARISCIEN BAKERY,Queens,Bakery Products/Desserts,A,12,2025-05-13
PARK SIDE,Queens,Italian,B,27,2025-10-02
PARKSIDE PUB,Queens,Other,A,7,2026-09-01
PARRILLADAS SUNRISE,Queens,Mexican,A,11,2023-10-16
PARRILLADAS SUNRISE,Queens,Mexican,A,13,2024-11-13
PARSONS ALE HOUSE,Queens,American,B,19,2024-02-23
PARTNERS COFFEE,Queens,American,C,45,2024-08-15
PASTICCERIA LA TORRE,Queens,Bakery Products/Desserts,A,11,2024-06-07
PATACON PISAO,Queens,Latin American,A,12,2025-07-18
PATES PLUS BAKERY,Queens,Bakery Products/Desserts,A,12,2023-10-18
PATMAR BAKE SHOP,Queens,Caribbean,A,12,2026-05-08
PATMAR BAKE SHOP,Queens,Caribbean,B,22,2026-01-23
PATMAR BAKE SHOP,Queens,Caribbean,B,18,2025-12-04
PATOUG RESTAURANT & CATERING,Queens,Iranian,C,61,2024-03-11
PATRIZIA'S OF MASPETH,Queens,Italian,A,9,2024-03-20
PATSON BAGEL PLUS,Queens,American,C,97,2024-07-26
PATSY'S PIZZERIA,Queens,Italian,C,34,2025-06-02
PATSY'S PIZZERIA,Queens,Italian,C,33,2024-12-30
PATTANIAN THAI,Queens,Thai,B,23,2025-10-03
PATTANIAN THAI,Queens,Thai,C,11,2024-08-19
PAUL MICHAEL'S BRICK OVEN CAFE,Queens,Pizza,A,13,2023-12-04
PAVELAND,Queens,Frozen Desserts,A,8,2026-07-25
PEDRO'S KITCHEN & PIZZA,Queens,Pizza,A,13,2024-10-28
PEG'S CAVALIER,Queens,American,A,13,2026-06-24
PEKING BBQ,Queens,Chinese,A,12,2024-01-09
PELICANA CHICKEN,Queens,Korean,C,41,2024-12-03
PELICANA CHICKEN,Queens,Korean,C,36,2024-12-03
PELICANA CHICKEN,Queens,Korean,C,30,2025-03-05
PETE'S DINER & GRILL,Queens,American,A,13,2024-03-21
PETEY'S BURGER,Queens,Hamburgers,B,25,2022-11-25
PHAYUL 2,Queens,Asian/Asian Fusion,B,28,2023-03-06
PHILLIES PIZZERIA II,Queens,Pizza,A,12,2025-01-22
PHILLIES PIZZERIA II,Queens,Pizza,B,19,2024-03-14
PHO BEST III,Queens,Southeast Asian,A,13,2025-10-27
PHO BEST III,Queens,Southeast Asian,C,33,2022-11-21
PHO GRAND BAYSIDE,Queens,Southeast Asian,A,13,2025-01-10
PHO TAN,Queens,Thai,A,12,2026-01-06
PHO THAI,Queens,Thai,C,32,2025-05-22
PHO TOP,Queens,Asian/Asian Fusion,B,26,2024-03-27
PIAOXIANGYUAN RICE NOODLE #19,Queens,Chinese,C,30,2026-04-16
PIAZZA PIZZA,Queens,Pizza,B,22,2024-01-25
PIAZZA PIZZA,Queens,Pizza,C,4,2025-03-07
PICNIC GARDEN BBQ BUFFET,Queens,Barbecue,B,22,2025-09-02
PICO DE GALLO,Queens,Mexican,C,48,2023-08-24
PIKI POKE,Queens,Hawaiian,A,12,2025-09-24
PIKI POKE,Queens,Hawaiian,A,10,2024-03-14
PIMPOLLO,Queens,Latin American,A,12,2024-01-31
PIMPOLLO,Queens,Latin American,A,9,2022-09-30
PINK FOREST,Queens,Coffee/Tea,B,23,2024-03-19
PINK NORI,Queens,Seafood,A,13,2025-02-10
PIO PIO TO GO,Queens,Latin American,C,35,2024-03-05
PIO-PIO,Queens,Latin American,A,12,2025-01-24
PIZZA BOY,Queens,Italian,B,17,2024-11-17
PIZZA CHEF,Queens,Pizza,B,27,2023-10-20
PIZZA FACTORY,Queens,Pizza,A,9,2022-08-01
PIZZA FACTORY,Queens,Pizza,B,24,2024-04-23
PIZZA ON THE POINT,Queens,Pizza,A,12,2024-12-17
PIZZA PORT,Queens,Pizza,B,23,2025-06-23
PIZZA PORT,Queens,Pizza,B,26,2023-09-28
PIZZA SAM,Queens,Pizza,A,10,2023-04-27
PIZZA SAM,Queens,Pizza,C,40,2025-04-15
PIZZA VINO (gate B29),Queens,Pizza,A,3,2024-02-07
PIZZERIA PANADERIA MEXICANA,Queens,Bakery Products/Desserts,C,2,2025-11-18
POCHANA,Queens,Thai,A,13,2025-02-12
POKE BURRITO ASTORIA,Queens,Hawaiian,A,7,2025-09-25
POKE ISLAND GRILL,Queens,Hawaiian,B,17,2026-05-03
POKEWORKS,Queens,Hawaiian,B,21,2024-11-06
POKEYAKI,Queens,Japanese,A,12,2025-04-22
POLLO CAMPERO,Queens,Chicken,A,5,2024-08-28
POLLO CAMPERO,Queens,Chicken,A,11,2025-11-05
POLLO EL CAMPESINO,Queens,Mexican,A,9,2024-10-21
POLLO INKA PERU,Queens,Peruvian,B,25,2025-08-21
POLLO INKA PERU,Queens,Peruvian,B,21,2024-05-09
POLLO NENE,Queens,Spanish,A,12,2026-01-07
POLLO NENE,Queens,Spanish,A,12,2024-08-05
POLLOS A LA BARASA MARIO,Queens,Latin American,B,26,2025-09-29
POLLOS DONA MARIA,Queens,Spanish,B,26,2025-02-18
POLLOS DONA MARIA,Queens,Spanish,B,23,2022-11-30
POLLOS MARIO,Queens,Latin American,A,13,2023-04-18
POLLOS MARIO,Queens,Latin American,B,22,2024-03-20
POLLOS MARIO,Queens,Latin American,C,40,2026-03-27
POLLOS MARIO,Queens,Latin American,C,34,2025-07-02
POP POT NOODLE & TEA SPOT,Queens,Chinese,C,33,2023-10-03
POPEYES,Queens,Chicken,A,7,2024-02-05
POPEYES,Queens,Chicken,A,13,2023-05-22
POPEYES,Queens,Chicken,A,7,2023-03-28
POPEYES,Queens,American,A,13,2026-05-21
POPEYES,Queens,Chicken,A,10,2026-04-29
POPEYES,Queens,Chicken,A,6,2024-05-06
POPEYES,Queens,American,A,5,2025-03-03
POPEYES,Queens,Chicken,A,13,2025-10-02
POPEYES,Queens,Chicken,A,5,2024-10-07
POPEYES,Queens,Chicken,A,9,2024-08-08
POPEYES,Queens,Chicken,A,5,2025-05-13
POPEYES,Queens,Chicken,A,13,2025-02-05
POPEYES,Queens,Chicken,A,5,2024-10-28
POPEYES,Queens,Chicken,A,12,2024-09-09
POPEYES,Queens,Chicken,A,12,2024-10-22
POPEYES,Queens,Chicken,A,10,2025-02-26
POPEYES,Queens,Chicken,A,12,2025-12-31
POPEYES,Queens,Chicken,A,13,2023-06-15
POPEYES,Queens,Chicken,A,8,2026-09-14
POPEYES,Queens,Cajun,A,11,2025-04-21
POPEYES,Queens,Chicken,A,13,2025-08-19
POPEYES LOUISIANA KITCHEN,Queens,Chicken,A,12,2026-02-19
POPEYES LOUISIANA KITCHEN,Queens,Chicken,A,10,2024-01-08
POPEYES LOUISIANA KITCHEN,Queens,Chicken,A,4,2024-09-12
POPEYES LOUISIANA KITCHEN,Queens,Chicken,A,11,2025-09-22
POPEYES LOUISIANA KITCHEN,Queens,Chicken,A,12,2025-02-19
POPRICE,Queens,Asian/Asian Fusion,A,11,2025-05-29
PORTA 23,Queens,New American,A,12,2024-10-06
POT NOODLE,Queens,Asian/Asian Fusion,A,12,2024-10-16
POT NOODLE & TEA HOUSE,Queens,Japanese,A,11,2023-11-13
POT TO PLATE RESTAURANT,Queens,Caribbean,A,11,2024-08-20
PP BOY JAPAN TERIYAKI AND SUSHI,Queens,Chinese,C,66,2024-11-18
PRANAM,Queens,Asian/Asian Fusion,A,2,2025-07-17
PRANAM,Queens,Asian/Asian Fusion,B,18,2023-12-27
PREMIUM SWEETS & RESTAURANT,Queens,Bangladeshi,B,27,2025-11-06
PREMIUM SWEETS & RESTAURANT,Queens,Bangladeshi,B,14,2023-01-12
PRESTIGE,Queens,Jewish/Kosher,A,12,2024-08-29
PRIMA PIZZA,Queens,Pizza,A,10,2024-08-12
PRIME CLASS LOUNGE (GATE 10),Queens,Other,A,12,2026-08-12
PRIME MET STEAKHOUSE & ROOFTOP LOUNGE,Queens,Steakhouse,A,13,2025-12-08
PRIME MET STEAKHOUSE & ROOFTOP LOUNGE,Queens,Steakhouse,C,40,2024-05-09
PRIMO AMORE,Queens,Italian,A,12,2026-03-03
PRINCE TEA HOUSE,Queens,Coffee/Tea,A,12,2024-05-15
PRINCE TEA HOUSE,Queens,Coffee/Tea,A,13,2026-03-30
PRIVATE ROOM NYC,Queens,Caribbean,A,13,2023-01-17
PROGRESO CAFE,Queens,Coffee/Tea,A,13,2024-12-18
PRUNG ASIAN CUISINE,Queens,Asian/Asian Fusion,B,20,2026-02-09
PSARI,Queens,Greek,A,12,2024-09-11
PUEBLA SEAFOOD,Queens,Mexican,A,11,2024-12-16
PUEBLO QUERIDO COFFEE,Queens,Latin American,A,11,2024-09-23
PUERTO PLATA RESTAURANT,Queens,Latin American,C,35,2025-12-03
PUNJABI CHAAP CORNER,Queens,Vegetarian,A,13,2025-12-16
PUNJABI DHABA CATERING & SWEETS,Queens,Indian,C,48,2023-11-08
PUNTO ECUATORIANO BAKERY,Queens,Latin American,B,25,2024-12-19
PUNTO ECUATORIANO BAKERY,Queens,Latin American,B,24,2026-02-12
PUNTO ROJO,Queens,Latin American,B,14,2025-08-20
PUNTO ROJO,Queens,Latin American,C,58,2024-08-20
PURE EATS,Queens,American,A,13,2023-01-18
PURE EATS,Queens,American,A,10,2025-11-19
PURE LOUNGE,Queens,Caribbean,C,35,2024-09-18
Q TOWN ASIAN CUISINE,Queens,Asian/Asian Fusion,B,17,2024-12-31
Q'RICO,Queens,Latin American,B,25,2024-12-23
Q.C CAMPUS EATS / TAIWANESE YUMMY / PAN ASIAN FOOD,Queens,Asian/Asian Fusion,B,23,2025-09-16
QAHWAH HOUSE,Queens,Coffee/Tea,C,38,2025-03-06
QBK SPORTS,Queens,American,A,13,2024-11-08
QBK SPORTS,Queens,American,A,10,2023-08-01
QIAO XLB,Queens,Other,A,13,2024-08-28
QIN KE LAI,Queens,Asian/Asian Fusion,C,33,2025-03-24
QINGDAO,Queens,Chinese,B,26,2025-08-19
QINGDAO,Queens,Chinese,C,40,2025-04-17
QINGDAO,Queens,Chinese,C,44,2024-04-25
QIU SUSHI & TEA BAR,Queens,Japanese,B,27,2025-02-21
QK Restaurant Inc.,Queens,Chinese,B,26,2025-08-11
QUE RICO,Queens,Latin American,A,13,2026-06-24
QUEENS BAGEL & DELICATESSEN,Queens,Bagels/Pretzels,C,48,2025-12-14
QUEENS BUFFET & CAJUN SEAFOOD,Queens,Chinese,C,41,2025-12-23
QUEENS COFFEE SHOP,Queens,Latin American,B,23,2025-10-07
QUEENS SEAFOOD RESTAURANT,Queens,Chinese,B,18,2025-11-24
QUEENS SEAFOOD RESTAURANT,Queens,Chinese,C,50,2024-12-18
QUICK PIZZA,Queens,Pizza,A,9,2026-03-12
QUISQUEYA,Queens,Caribbean,B,21,2023-01-19
RADESH ROTI SHOP & BAKERY,Queens,Caribbean,A,9,2026-03-19
RADICI,Queens,Italian,C,43,2025-03-11
RAICES COLOMBIANAS,Queens,Latin American,A,13,2025-04-18
RAINBOW BAKERY,Queens,Bakery Products/Desserts,A,12,2024-10-04
RAINBOW BAKERY & ICE CREAM,Queens,Bakery Products/Desserts,A,8,2024-10-03
RAINHAS,Queens,Brazilian,B,23,2025-04-10
RAJ'S INDIAN KITCHEN,Queens,Indian,A,13,2024-05-13
RAJ'S INDIAN KITCHEN,Queens,Indian,A,12,2025-08-28
RAJ'S INDIAN KITCHEN,Queens,Indian,A,13,2022-12-06
RALPH'S FAMOUS ITALIAN ICES & ICE CREAM,Queens,Frozen Desserts,A,4,2026-06-09
RALPH'S II DELI,Queens,Sandwiches,A,5,2023-04-10
RALPHS'S COFFEE SHOP & DINER,Queens,Latin American,A,13,2024-03-18
RALPHS'S COFFEE SHOP & DINER,Queens,Latin American,B,20,2022-09-29
RALPHS'S COFFEE SHOP & DINER,Queens,Latin American,B,14,2023-02-15
RANDY'S,Queens,Chinese,A,7,2023-10-18
RANGLA PUNJAB,Queens,Indian,B,22,2024-03-01
RASTA SHACK ISLAND SPICE,Queens,Other,B,27,2024-09-06
REBAR BY THE BRIDGE,Queens,American,A,8,2022-12-29
REBAR BY THE BRIDGE,Queens,American,C,31,2024-12-30
RED CHILLI,Queens,Indian,B,27,2025-03-20
RED CUP CAFÉ,Queens,American,B,24,2026-06-22
RED CUP CAFÉ,Queens,American,C,37,2023-08-04
RED HOUSE,Queens,Chinese,B,26,2025-09-17
RED LOTUS BAKERY & CAFE,Queens,Chinese,A,13,2024-12-13
RED MANGO,Queens,"Juice, Smoothies, Fruit Salads",B,22,2023-10-10
RED MANGO,Queens,Frozen Desserts,C,33,2023-12-05
RED PANDA,Queens,Asian/Asian Fusion,C,38,2026-04-16
RED RABBIT LLC,Queens,American,A,12,2024-08-15
RED RIBBON BAKESHOP,Queens,Filipino,A,12,2024-08-02
RED SORGHUM,Queens,Chinese,C,31,2024-04-25
REGO BAGELS,Queens,American,A,9,2022-12-01
REGO PARK BEST PIZZA & FRIED CHICKEN,Queens,Pizza,A,12,2024-03-08
REGO PARK COFFEE SHOP,Queens,American,B,24,2023-10-17
RELAX LOUNGE,Queens,Eastern European,C,38,2025-08-15
RENAISSANCE,Queens,American,B,23,2023-01-20
RESIDENCE INN & SPRINGHILL SUITES,Queens,American,A,13,2025-03-05
RESIDENCE INN & SPRINGHILL SUITES,Queens,American,A,13,2023-08-16
RESTAURANTE Y ANTOJITOS GUATELINDA,Queens,Spanish,A,9,2025-01-22
RESTAURANTE Y ANTOJITOS GUATELINDA,Queens,Spanish,B,20,2024-02-14
REYES ANTOJITOS DOMINICANOS,Queens,Spanish,A,10,2026-04-10
RHYTHMS ON THE ROCK,Queens,Caribbean,C,38,2025-06-18
RIB SHACK,Queens,Soul Food,A,13,2025-05-05
RIB SHACK,Queens,Soul Food,C,29,2024-11-14
RIB SHACK,Queens,Soul Food,C,36,2026-07-09
RICE BOY,Queens,Korean,A,13,2025-12-17
RICHIE'S PLACE,Queens,American,A,13,2025-02-12
RICKY'S CAFE,Queens,American,A,13,2024-06-07
RICKY'S CAFE,Queens,American,A,9,2026-06-02
RICKY'S HALAL PIZZA,Queens,Pizza,B,23,2026-01-06
RICO CHIMI,Queens,Spanish,B,18,2026-03-24
RICO CHIMI,Queens,Spanish,B,20,2023-04-04
RICO'S CHICKEN,Queens,Chicken,B,20,2023-01-10
RICURAS PAISAS BAKERY RESTAURANT,Queens,Latin American,C,28,2025-04-03
RIKO,Queens,Peruvian,A,12,2024-08-22
RINCON LATINO,Queens,Latin American,A,13,2025-11-28
RINCON LATINO,Queens,Latin American,B,27,2024-03-14
RINCON LATINO,Queens,Latin American,C,31,2025-05-06
RINCON MELANIA,Queens,Latin American,A,12,2025-01-10
RINCON SALVADORENO,Queens,Latin American,B,27,2024-04-22
RINCON SALVADORENO,Queens,Latin American,B,27,2026-05-13
RINCON SALVADORENO,Queens,Latin American,C,37,2025-05-05
RINCONCITO DE LOS SABORES #4,Queens,Mexican,A,8,2026-07-21
RINCONCITO DE LOS SABORES #4,Queens,Mexican,B,26,2025-05-27
RINCONCITO DE LOS SABORES 2,Queens,Spanish,A,9,2025-08-18
RIO DE LA PLATA BAKERY,Queens,Bakery Products/Desserts,A,13,2025-02-07
RIO DE LA PLATA BAKERY,Queens,Bakery Products/Desserts,C,30,2024-02-08
RIVIERA,Queens,American,A,13,2026-08-14
RIVIERA MAYA,Queens,Peruvian,B,21,2023-10-11
RIVIERA RISTORANTE,Queens,Italian,A,10,2024-10-16
RIVIERA V  RISTORANTE,Queens,Pizza,C,30,2025-10-17
RIZZO'S FINE PIZZA,Queens,Pizza,B,27,2023-01-26
ROAST & CO.,Queens,Chicken,A,10,2024-10-03
ROCCO'S ITALIAN SAUSAGES & CHEESE STEAKS,Queens,American,A,10,2025-03-04
ROCKAWAY BEACH BAZAAR LLC,Queens,American,B,26,2024-09-09
ROCKAWAY FISH & SOUL,Queens,Soul Food,C,48,2023-10-05
ROCKAWAY PLAZA,Queens,American,A,7,2025-11-14
ROCKAWAY TIKI BAR,Queens,Asian/Asian Fusion,B,26,2026-08-12
ROGERS,Queens,American,C,33,2025-02-03
ROGNER CAFE & LOUNGE,Queens,American,B,15,2025-05-01
ROLLY KIMBAB,Queens,Korean,A,12,2024-11-13
ROLLY KIMBAB,Queens,Korean,A,13,2025-06-05
ROLLY KIMBAB,Queens,Korean,C,35,2026-05-07
ROMA VIEW CATERING,Queens,American,B,19,2025-06-17
ROMANIAN GARDEN,Queens,Eastern European,A,13,2026-07-29
ROMANTICOS,Queens,Bottled Beverages,C,32,2024-12-10
ROMEO'S PIZZA AND PASTA,Queens,Italian,A,12,2024-09-05
ROMEO'S PIZZA AND PASTA,Queens,Italian,A,12,2023-06-21
ROMEO'S PIZZA AND PASTA,Queens,Italian,A,12,2026-04-06
ROMEO'S PIZZERIA,Queens,Pizza,A,13,2022-12-15
RONG HUA CHINESE RESTAURANT,Queens,Chinese,A,13,2023-04-03
RONGWANG RESTAURANT,Queens,Chinese,A,7,2025-09-17
RONGWANG RESTAURANT,Queens,Chinese,B,18,2023-09-06
RONGWANG RESTAURANT,Queens,Chinese,C,39,2024-08-05
RONI LIRA BROTHERS PIZZA,Queens,American,B,27,2025-04-30
RONI LIRA BROTHERS PIZZA,Queens,American,C,34,2024-11-27
ROOSEVELT BBQ,Queens,Barbecue,B,18,2025-02-24
ROS NIYOM,Queens,Thai,A,12,2023-07-31
ROSA  PIZZA,Queens,Pizza,A,11,2026-03-25
ROSA'S PIZZA,Queens,Pizza,B,23,2025-12-10
ROSA'S PIZZA & PASTA,Queens,Pizza,B,22,2025-02-20
ROSA'S PIZZA & PASTA,Queens,Pizza,B,25,2024-12-10
ROSARIO'S,Queens,Italian,A,4,2023-10-05
ROSE CAFE/KENNEDY FRIED CHICKEN,Queens,American,B,26,2025-01-07
ROTANA LOUNGE,Queens,Middle Eastern,B,19,2024-02-20
ROTI BOTI,Queens,Pakistani,A,9,2025-09-24
ROTI BOTI,Queens,Pakistani,C,49,2025-01-31
ROVE,Queens,American,A,7,2024-12-06
ROY'S PUB,Queens,American,B,26,2024-12-10
ROYAL DELIGHT CAFE,Queens,American,C,42,2024-08-15
ROYAL PIZZERIA,Queens,Pizza,A,13,2024-11-15
ROYAL PIZZERIA,Queens,Pizza,B,24,2026-04-15
ROYAL QUEEN,Queens,Chinese,B,21,2025-10-17
ROYAL QUEEN,Queens,Chinese,C,38,2024-04-11
ROYAL QUEEN,Queens,Chinese,C,51,2024-05-09
ROYAL QUEEN,Queens,Chinese,C,33,2025-09-18
RUDY'S DELI,Queens,Latin American,A,12,2025-06-16
RUMA'S KITCHEN,Queens,Bangladeshi,C,53,2024-12-17
RUMBA Y SAZON,Queens,Latin American,C,29,2024-11-27
RUTA OAXACA,Queens,Mexican,C,39,2026-07-22
RUYI LANZHOU NOODLE & BUBBLE TEA,Queens,Chinese,B,27,2026-04-29
RUYI LANZHOU NOODLE & BUBBLE TEA,Queens,Chinese,C,30,2025-03-10
RUYI LANZHOU NOODLE & BUBBLE TEA,Queens,Chinese,C,0,2025-10-20
RYRY'S KITCHEN @ JAMAICA FOOD MARKET,Queens,Caribbean,B,26,2026-03-17
S & L HIGH GRADE,Queens,Vegan,C,53,2025-04-14
S & L HIGH GRADE,Queens,Vegan,C,54,2025-09-09
S G SOUTHERN RESTAURANT,Queens,American,C,28,2026-07-18
S.M.R RESTAURANT SERVICES,Queens,American,C,39,2024-02-16
S.R. DELI GROCERY,Queens,Mexican,A,13,2024-08-29
SAANG THAI,Queens,Thai,B,22,2024-05-16
SABAY THAI,Queens,Thai,B,26,2025-07-08
SABO WEST INDIAN,Queens,Caribbean,B,25,2026-02-05
SABOR ECUATORIANO BAKERY,Queens,Latin American,B,21,2025-07-18
SABOR HISPANO,Queens,Latin American,B,26,2023-04-18
SABOR PERUANO III,Queens,Peruvian,A,10,2026-04-22
SABOR PERUANO IV,Queens,Peruvian,B,27,2023-08-30
SABOR RESTAURANT & BAKERY,Queens,Latin American,A,12,2024-10-04
SABOR RESTAURANT & BAKERY,Queens,Latin American,A,13,2025-03-18
SABORES LATINOS,Queens,Latin American,B,27,2025-10-10
SABORES LATINOS,Queens,Latin American,B,25,2024-04-06
SABROSURA MEXICANA,Queens,Mexican,A,12,2026-06-09
SABRY'S SEAFOOD,Queens,Seafood,A,10,2024-02-20
SAFFRON,Queens,Indian,A,12,2022-08-31
SAGAR CHINESE,Queens,Asian/Asian Fusion,A,13,2024-02-20
SAGAR CHINESE,Queens,Chinese,C,38,2023-03-29
SAGAR RESTAURANT,Queens,Bangladeshi,B,27,2026-01-30
SAGAR RESTAURANT,Queens,Bangladeshi,C,44,2025-07-16
SAGWA NAMOO,Queens,Korean,A,11,2019-03-25
SAKURA,Queens,Japanese,A,13,2024-12-12
SAKURA,Queens,Japanese,A,12,2026-03-26
SAL Y PIMIENTA,Queens,Latin American,C,61,2025-02-20
SALERNO PIZZA,Queens,Mexican,B,19,2026-06-08
SALUD ES VIDA (HEBALIFE),Queens,"Juice, Smoothies, Fruit Salads",B,22,2023-08-11
SALUTE,Queens,Jewish/Kosher,A,12,2026-09-01
SAM LEE KITCHEN,Queens,Chinese,A,13,2026-09-14
SAMARIA PIZZA,Queens,Pizza,A,7,2023-04-25
SAMBA BBQ,Queens,Brazilian,A,11,2024-11-22
SAMBAK SAMBABJIP,Queens,Korean,B,27,2025-10-03
SAMBAK SAMBABJIP,Queens,Korean,C,65,2023-05-11
SAMI'S KABAB HOUSE,Queens,Afghan,B,19,2024-12-12
SAN AROY THAI KITCHEN,Queens,Thai,B,27,2025-02-10
SAN CAFFE,Queens,Bakery Products/Desserts,C,35,2022-06-15
SAN REMO PIZZERIA,Queens,Pizza,A,10,2024-10-07
SAN SOO KAP SAN,Queens,Korean,B,22,2026-03-21
SAN WEI,Queens,Chinese/Japanese,B,26,2025-07-23
SANDRO'S LATIN FOOD,Queens,Latin American,B,26,2025-02-13
SANDWICH BAR,Queens,Sandwiches,B,25,2023-03-28
SANFORDS,Queens,New American,A,12,2025-12-15
SANFORDS,Queens,New American,A,10,2024-08-26
SANTA CHIARA CAFFE,Queens,Italian,A,12,2023-07-31
SAPPS,Queens,Japanese,A,7,2024-04-22
SARAN ROM,Queens,Thai,A,13,2025-07-14
SARILING  ATIN,Queens,Filipino,B,27,2025-01-27
SARKU JAPAN,Queens,Japanese,A,12,2026-09-09
SARKU JAPAN,Queens,Japanese,A,11,2025-04-04
SARKU JAPAN,Queens,Japanese,B,25,2025-11-19
SARKU JAPAN,Queens,Japanese,C,34,2023-10-16
SARKU JAPAN TERIYAKI & SUSHI EXPRESS,Queens,Japanese,B,27,2025-09-03
SATAY HOUSE,Queens,Asian/Asian Fusion,B,20,2023-09-07
SATGURU SWEETS & CATERING,Queens,Indian,A,12,2025-03-03
SATI'S ROTI SHOP,Queens,Caribbean,A,12,2022-11-23
SATORI BURGERS,Queens,Latin American,B,27,2024-03-04
SAYRAS WINE BAR,Queens,American,A,4,2025-11-12
SAYRAS WINE BAR,Queens,American,A,13,2024-05-31
SAZON LA COMUCHITA,Queens,Latin American,B,27,2025-12-16
SEBA SEBA,Queens,Latin American,A,12,2024-08-23
SEBA SEBA,Queens,Latin American,A,8,2026-01-07
SECRET KITCHEN,Queens,Chinese,B,24,2023-01-31
SECRET KITCHEN,Queens,Chinese,B,23,2026-01-15
SECRET KITCHEN,Queens,Chinese,C,29,2024-08-19
SEOUL TOFU,Queens,Korean,A,13,2024-10-24
SEOUL TTUKBAEGI,Queens,Korean,C,35,2023-12-18
SERANO BAKERY,Queens,Greek,A,12,2026-03-23
SERBIAN ASSOCIATION OF NEW YORK,Queens,Eastern European,A,13,2025-03-26
SERBIAN ASSOCIATION OF NEW YORK,Queens,Eastern European,A,12,2026-08-25
SERGIO'S PIZZA & DELI,Queens,American,A,11,2025-08-12
SERIE 56 SPORT BAR,Queens,Latin American,B,26,2025-12-18
SERVICE BAR 5,Queens,American,A,5,2025-08-18
SEVA INDIAN CUISINE,Queens,Indian,A,12,2026-07-15
SHAH'S EXPRESS / CASTLE CHICKEN,Queens,Chicken,A,12,2025-08-25
SHAH'S HALAL FOOD,Queens,Pizza,A,13,2026-07-27
SHAHI KITCHEN,Queens,Bangladeshi,B,20,2025-08-26
SHAJI BBQ,Queens,Chinese,B,21,2024-02-29
SHAKE SHACK,Queens,Hamburgers,A,11,2024-01-26
SHAKE SHACK,Queens,Hamburgers,A,6,2026-01-08
SHANGHAI YOU GARDEN,Queens,Chinese,B,22,2023-11-02
SHANGHAI YOU GARDEN,Queens,Chinese,C,51,2024-09-19
SHASHLICHNAYA/ SEZAM,Queens,Jewish/Kosher,B,24,2022-12-01
SHAWARMA SPOT,Queens,Mediterranean,B,28,2023-08-02
SHAWARMA SPOT,Queens,Mediterranean,B,17,2025-05-07
SHAWARMANIA,Queens,Middle Eastern,A,9,2023-05-30
SHAXIAN DELICACIES,Queens,Chinese,B,27,2025-07-23
SHENG MARY BAKERY,Queens,Bakery Products/Desserts,B,27,2025-05-05
SHENG MARY BAKERY,Queens,Bakery Products/Desserts,B,27,2024-08-28
SHENG MARY BAKERY,Queens,Bakery Products/Desserts,C,34,2023-08-16
SHERIFF STREET LOUNGE,Queens,Caribbean,B,17,2025-01-29
SHERLYN'S BAKERY,Queens,Bakery Products/Desserts,B,15,2025-09-29
SHERO CAKES,Queens,Asian/Asian Fusion,B,26,2025-10-22
SHIMEN RESTAURANT,Queens,Chinese,C,43,2025-11-10
SHIRAZI KARAHI HOUSE,Queens,Indian,B,20,2022-11-01
SHIRAZI KARAHI HOUSE,Queens,Indian,C,30,2025-09-30
SHIRAZI KARAHI HOUSE,Queens,Indian,C,59,2025-02-11
SHIVRAM'S,Queens,Caribbean,B,27,2025-06-04
SHOGUN HIBACHI & SUSHI BAR,Queens,Japanese,B,24,2025-01-10
SHOGUN JAPANESE RESTAURANT,Queens,Japanese,B,19,2025-02-06
SHOGUN JAPANESE RESTAURANT,Queens,Japanese,C,28,2025-10-06
SHOO LOONG KAN,Queens,Chinese,A,13,2025-03-28
SHOW PALACE GENTLEMEN'S CLUB,Queens,American,A,10,2024-06-28
SHUN WANG,Queens,Chinese,B,26,2025-12-31
SHUN WANG,Queens,Chinese,C,60,2024-08-20
SHUN WANG,Queens,Chinese,C,33,2025-08-06
SHUN WON FLUSHING,Queens,Chinese,B,22,2026-01-20
SHUN WON FLUSHING,Queens,Chinese,C,42,2025-08-11
SHUN WON FLUSHING,Queens,Chinese,C,3,2024-08-23
SIAM THAI RESTAURANT,Queens,Thai,C,30,2023-10-26
SIIPS BUBBLE,Queens,Chinese/Japanese,A,9,2025-01-06
SIIPS BUBBLE,Queens,Chinese/Japanese,C,38,2022-12-29
SILKS,Queens,Bottled Beverages,A,10,2017-12-07
SILKY KITCHEN,Queens,Chinese,A,9,2024-09-24
SILKY KITCHEN,Queens,Chinese,A,12,2026-06-22
SILVER SPOON DINER,Queens,American,A,9,2023-02-16
SILVER SPOON DINER,Queens,American,B,27,2024-10-17
SILVER SPOON RESTAURANT,Queens,Caribbean,A,13,2026-09-01
SILVER STAR ROTI SHOP,Queens,Caribbean,A,12,2024-05-30
SILVER STAR ROTI SHOP,Queens,Caribbean,A,12,2026-04-09
SILVER'S CRUST,Queens,Caribbean,C,33,2026-02-09
SIMPLY Q,Queens,Korean,A,5,2026-08-06
SING SHENG KITCHEN,Queens,Chinese,A,12,2024-03-16
SING SHENG KITCHEN,Queens,Chinese,B,17,2025-07-09
SINGAS FAMOUS PIZZA,Queens,Pizza,B,14,2023-01-23
SINGH'S ROTI SHOP & BAR,Queens,Caribbean,B,15,2025-04-24
SINGH'S ROTI SHOP & BAR,Queens,Caribbean,B,21,2024-07-18
SINGSING CHICKEN & KARAOKE,Queens,Chicken,A,13,2025-07-15
SISSY MCGINTY'S,Queens,Irish,A,7,2026-04-09
SKINNY'S CANTINA,Queens,Mexican,A,13,2026-09-11
SLDR BURGER BAR,Queens,Hamburgers,B,22,2025-09-17
SLICE,Queens,Pizza,C,30,2024-11-25
SLICE BROADWAY,Queens,Pizza,A,11,2023-06-12
SLICE BROADWAY,Queens,Pizza,B,27,2025-06-30
SLICE BROADWAY,Queens,Pizza,C,47,2025-01-27
SMART 3 CAFE,Queens,Bangladeshi,B,27,2024-08-26
SMART 3 CAFE,Queens,Bangladeshi,C,52,2025-09-22
SMART 3 CAFE,Queens,Bangladeshi,C,36,2026-07-21
SMASHBURGER,Queens,Hamburgers,A,12,2024-10-09
SNOWDONIA,Queens,English,A,11,2022-04-28
SO POONG JANCHI,Queens,Korean,B,22,2025-04-03
SOBOL,Queens,"Juice, Smoothies, Fruit Salads",A,9,2026-09-01
SOBREMESA,Queens,Mexican,B,24,2023-07-31
SODAM,Queens,Korean,B,23,2024-02-12
SOFI'S DELI & GRILL,Queens,Latin American,C,35,2026-06-22
SOFRA MEDITERRANEAN GRILL,Queens,Mediterranean,C,43,2024-08-15
SOFTBITE,Queens,Japanese,A,12,2026-06-22
SOGONGDONG TOFU & BBQ,Queens,Korean,A,13,2026-01-31
SOLID STATE,Queens,American,A,9,2025-12-08
SOMUNNAN SUSHI,Queens,Korean,A,7,2025-03-31
SONAMU HOUSE,Queens,Korean,A,10,2024-03-11
SONEROS,Queens,Peruvian,B,24,2025-01-27
SONIC,Queens,Hamburgers,A,8,2026-01-13
SONIC,Queens,Hamburgers,A,6,2024-06-25
SONIC,Queens,Hamburgers,A,12,2026-08-05
SONRIE A LA FAMILIA,Queens,"Juice, Smoothies, Fruit Salads",A,4,2024-05-17
SOUL CITY RESTAURANT,Queens,Soul Food,A,13,2025-12-01
SOUTH BEACH OF NEW YORK,Queens,Greek,A,2,2023-01-12
SOUTH CONDUIT JERK RESTAURANT,Queens,Caribbean,B,18,2026-04-14
SOY & SAKE (GATE 5),Queens,Asian/Asian Fusion,A,12,2026-08-12
SPICE ON A SLICE,Queens,American,A,10,2025-09-25
SPICY NEPAL,Queens,Asian/Asian Fusion,B,20,2025-02-18
SPICY TIBET,Queens,Asian/Asian Fusion,B,25,2025-02-05
SPICY TIBET,Queens,Asian/Asian Fusion,B,26,2023-11-15
SPIN BAGEL,Queens,Bagels/Pretzels,A,11,2026-05-07
SPIRIT & BELL,Queens,Other,A,2,2024-05-22
SPOLINI'S,Queens,Italian,B,21,2025-01-31
SPOT DESSERT BAR,Queens,Bakery Products/Desserts,A,13,2026-03-19
SPOT DESSERT BAR,Queens,Bakery Products/Desserts,B,27,2024-11-19
SPRING FOOD SPOT,Queens,American,A,9,2024-07-08
SPRING FOOD SPOT,Queens,American,B,16,2023-02-21
SPRING GARDENS RESTAURANT,Queens,Caribbean,C,41,2025-07-11
SPRING GARDENS RESTAURANT,Queens,Caribbean,C,30,2025-10-29
SPRING THAI FUSION & BAR,Queens,Thai,A,11,2026-01-06
SPRING THAI FUSION & BAR,Queens,Thai,C,0,2023-10-20
SPRINGFIELD DINER,Queens,American,A,7,2026-01-12
SPRINGFIELD LITTLE DUMPLING,Queens,Chinese,B,26,2023-05-10
SPY C CUISINE,Queens,Chinese,C,39,2023-12-19
SR 101 MEAT SHOP,Queens,Indian,B,23,2024-08-29
SR 101 MEAT SHOP,Queens,Indian,C,28,2026-02-19
SR 101 MEAT SHOP,Queens,Indian,C,31,2025-08-18
ST JOHN'S UNIVERSITY MARILLAC HALL,Queens,American,A,7,2026-04-13
ST JOHN'S UNIVERSITY MONTGORIS,Queens,American,A,13,2024-05-13
STACKED SANDWICH SHOP,Queens,Sandwiches,A,13,2025-09-03
STAR KABAB RESTAURANT,Queens,Bangladeshi,B,25,2025-08-11
STAR KABAB RESTAURANT,Queens,Bangladeshi,C,2,2023-08-24
STAR OF SIAM THAI KITCHEN,Queens,Thai,A,13,2025-01-14
STARBUCKS,Queens,Coffee/Tea,A,4,2026-07-20
STARBUCKS,Queens,Coffee/Tea,A,2,2026-04-06
STARBUCKS,Queens,Coffee/Tea,A,7,2025-09-09
STARBUCKS,Queens,Coffee/Tea,A,4,2024-12-26
STARBUCKS,Queens,Coffee/Tea,A,12,2026-08-20
STARBUCKS,Queens,Coffee/Tea,A,3,2026-07-28
STARBUCKS,Queens,Coffee/Tea,A,13,2026-03-25
STARBUCKS,Queens,Coffee/Tea,A,13,2025-09-25
STARBUCKS,Queens,Coffee/Tea,A,4,2026-02-06
STARBUCKS,Queens,Coffee/Tea,A,2,2023-03-14
STARBUCKS,Queens,Coffee/Tea,A,7,2025-01-29
STARBUCKS,Queens,Coffee/Tea,A,12,2025-08-13
STARBUCKS,Queens,Coffee/Tea,A,7,2023-11-27
STARBUCKS,Queens,Coffee/Tea,A,10,2024-03-22
STARBUCKS,Queens,Coffee/Tea,A,13,2024-04-12
STARBUCKS #63280,Queens,Coffee/Tea,A,5,2025-09-10
STARBUCKS (GATE 3),Queens,Coffee/Tea,A,0,2024-08-28
STARBUCKS COFFEE,Queens,Coffee/Tea,A,4,2026-02-05
STARBUCKS COFFEE,Queens,Coffee/Tea,A,9,2025-05-22
STARBUCKS COFFEE COMPANY,Queens,Coffee/Tea,A,7,2026-08-17
STARBUCKS COFFEE COMPANY,Queens,Coffee/Tea,A,8,2024-06-18
STATION BAR,Queens,Irish,A,12,2026-06-26
STATION BAR,Queens,Irish,A,9,2024-05-13
STELLA'S COFFEE SHOP,Queens,American,B,22,2026-06-08
STELLAR POKHARA,Queens,Asian/Asian Fusion,A,12,2025-12-02
STEPHANIE'S MEXICAN BAKERY,Queens,Mexican,B,27,2024-11-12
STIX KOSHER RESTAURANT,Queens,Middle Eastern,B,18,2025-11-13
STOP & ENJOY,Queens,Sandwiches,A,13,2024-09-03
STOP INN RESTAURANT & CAFE,Queens,American,A,13,2025-10-27
STOP INN RESTAURANT & CAFE,Queens,American,B,15,2024-08-12
SUBWAY,Queens,Sandwiches,A,12,2025-05-20
SUBWAY,Queens,Sandwiches,A,7,2025-04-01
SUBWAY,Queens,Sandwiches,A,4,2024-09-03
SUBWAY,Queens,Sandwiches,A,13,2025-07-03
SUBWAY,Queens,Sandwiches,A,10,2025-02-26
SUBWAY,Queens,Sandwiches,A,8,2023-10-26
SUBWAY,Queens,Sandwiches,A,11,2023-11-03
SUBWAY,Queens,Sandwiches,A,12,2026-05-03
SUBWAY,Queens,Sandwiches,A,10,2024-03-04
SUBWAY,Queens,Sandwiches,A,12,2024-11-04
SUBWAY,Queens,Sandwiches,A,5,2025-10-10
SUBWAY,Queens,Sandwiches,A,12,2023-09-25
SUBWAY,Queens,Sandwiches,A,5,2026-07-01
SUBWAY,Queens,Sandwiches,A,12,2026-02-09
SUBWAY,Queens,Sandwiches,A,9,2024-11-22
SUBWAY,Queens,Sandwiches,A,8,2024-05-09
SUBWAY,Queens,Sandwiches,A,12,2024-11-06
SUBWAY,Queens,Sandwiches,A,13,2026-05-21
SUBWAY,Queens,American,A,13,2024-05-17
SUBWAY,Queens,Sandwiches,B,21,2024-01-24
SUBWAY,Queens,Sandwiches,B,19,2026-05-22
SUBWAY,Queens,Sandwiches,B,16,2024-12-26
SUBWAY,Queens,Sandwiches,C,32,2025-02-06
SUBWAY / STAR MINI MART,Queens,Sandwiches,A,4,2025-01-27
SUMMER,Queens,Southeast Asian,B,14,2023-01-23
SUNBERI,Queens,Frozen Desserts,A,4,2026-02-19
SUNDAES BEST,Queens,Frozen Desserts,A,12,2026-03-31
SUNGBOOKDONG BBQ,Queens,Korean,C,48,2024-11-25
SUNNYSIDE UP CAFE,Queens,Bagels/Pretzels,A,12,2026-06-11
SUNRISE,Queens,Chinese,B,19,2023-03-09
SUNRISE DINER,Queens,American,B,23,2024-05-16
SUNRISE KARAHI HOUSE,Queens,Pakistani,C,12,2023-01-18
SUNRISE KARAHI HOUSE,Queens,Pakistani,C,32,2025-04-15
SUNSHINE RESTAURANT,Queens,Indian,B,26,2024-11-12
SUNSWICK 35/35,Queens,American,B,17,2022-09-19
SUP THAI KITCHEN,Queens,Thai,A,2,2025-01-30
SUPER BOWL GAO,Queens,Chinese,B,23,2023-07-20
SUPER POLLO,Queens,Latin American,A,12,2026-02-17
SUPREME EMPANADAS,Queens,Other,A,12,2024-03-08
SURYA SWEETS & SNACKS,Queens,Vegetarian,A,13,2024-07-24
SUSANO'S PIZZERIA & RESTAURANT II,Queens,Pizza,A,10,2025-09-08
SUSANO'S PIZZERIA & RESTAURANT II,Queens,Pizza,A,12,2024-03-18
SUSHI 33,Queens,Japanese,A,10,2026-02-19
SUSHI 33,Queens,Japanese,A,13,2023-06-14
SUSHI AKIO,Queens,Japanese,A,11,2025-12-13
SUSHI FUSSION,Queens,Jewish/Kosher,A,12,2025-08-18
SUSHI ME,Queens,Japanese,A,9,2026-02-11
SUSHI ME,Queens,Japanese,A,12,2023-06-01
SUSHI ME,Queens,Japanese,A,12,2024-10-07
SUSHI ON ME,Queens,Japanese,A,13,2025-10-25
SUSHI ON ME,Queens,Japanese,C,46,2023-01-20
SUSHI TIME,Queens,Japanese,A,13,2026-03-26
SUSHI YOSHI / TSAOCAA,Queens,Japanese,B,21,2025-12-02
SUSHI YOU GARDEN,Queens,Japanese,A,12,2025-06-05
SUSHI YOU GARDEN,Queens,Japanese,A,13,2024-04-03
SWEET AFTON / SIDEKICK,Queens,New American,A,11,2025-02-07
SWEET AVENUE,Queens,American,A,7,2024-06-13
SWEET BAKERY,Queens,Bakery Products/Desserts,B,26,2023-06-28
SWEET BAKERY,Queens,Bakery Products/Desserts,C,31,2024-12-02
SWEET BAMBOO,Queens,Chinese,C,29,2025-05-20
SWEET BASIL THAI CUISINE,Queens,Thai,B,25,2022-12-06
SWEET CATS CAFE,Queens,Coffee/Tea,B,20,2025-08-04
SWEET HABIT,Queens,Coffee/Tea,A,7,2024-10-09
SWEET TREATS PASTRY SHOPPE,Queens,Bakery Products/Desserts,A,2,2024-06-25
SWEET WONTON HOUSE,Queens,Chinese,A,7,2026-04-20
SWEETLEAF COFFEE ROASTERS,Queens,Coffee/Tea,B,17,2023-10-02
SWEETORY,Queens,Coffee/Tea,B,24,2022-01-12
SWEETS BAKERY & CAFE,Queens,Chinese,B,21,2025-09-23
SWEETS BAKERY & CAFE,Queens,Chinese,B,27,2026-06-17
SWEETS BAKERY & CAFE,Queens,Chinese,C,32,2024-04-03
SYBIL'S BAKERY,Queens,Caribbean,A,13,2026-03-12
SYBIL'S BAKERY,Queens,Caribbean,A,13,2026-07-21
SYBIL'S BAKERY,Queens,Caribbean,C,36,2025-07-21
SZE'S GARDEN,Queens,Chinese,B,21,2024-03-11
SZECHUAN KITCHEN,Queens,Chinese,A,7,2026-08-14
SZECHUAN KITCHEN,Queens,Chinese,A,7,2024-11-21
SZECHUAN MOUNTAIN HOUSE,Queens,Chinese,B,26,2023-02-09
T & G FLAVORS,Queens,Caribbean,C,31,2025-06-26
T-SWIRL CREPE,Queens,Japanese,B,22,2024-04-25
T-SWIRL CREPE,Queens,Pancakes/Waffles,B,22,2023-10-30
T-SWIRL CREPE,Queens,Japanese,B,27,2025-05-08
TAAN THAI KITCHEN,Queens,Thai,A,9,2024-04-11
TABOO,Queens,Middle Eastern,A,13,2025-08-21
TACO BEL,Queens,Tex-Mex,A,12,2024-12-30
TACO BELL,Queens,Mexican,A,13,2026-02-13
TACO BELL,Queens,American,A,8,2026-04-24
TACO BELL,Queens,Tex-Mex,A,13,2025-08-11
TACO BELL,Queens,American,A,2,2024-08-08
TACO BELL,Queens,Tex-Mex,A,13,2026-08-26
TACO BELL,Queens,Tex-Mex,A,5,2026-01-28
TACO BELL,Queens,Tex-Mex,A,10,2025-07-21
TACO BELL,Queens,Tex-Mex,A,13,2023-09-22
TACO BELL,Queens,Tex-Mex,A,12,2023-02-01
TACO BELL,Queens,Tex-Mex,A,8,2026-05-01
TACO BELL,Queens,Tex-Mex,A,12,2022-12-08
TACO BELL,Queens,Tex-Mex,A,7,2025-12-26
TACO BELL,Queens,Tex-Mex,A,7,2026-06-04
TACO BELL,Queens,Tex-Mex,A,11,2024-08-28
TACO BELL,Queens,Tex-Mex,A,5,2024-05-13
TACO BELL,Queens,Tex-Mex,A,12,2025-09-02
TACO BELL,Queens,Tex-Mex,B,23,2025-06-11
TACO CITY CUISINE,Queens,Mexican,A,10,2023-03-22
TACO TODAY,Queens,Tex-Mex,A,9,2025-06-26
TACO VELOZ,Queens,Mexican,B,14,2023-06-22
TACOMBI,Queens,Mexican,A,11,2025-01-06
TACOMBI,Queens,Mexican,A,10,2026-08-31
TACOS EL GUERO,Queens,Mexican,A,13,2025-05-07
TACOS MEXICO,Queens,Mexican,B,27,2026-02-09
TACOS MEXICO,Queens,Mexican,C,36,2026-06-08
TACOS Y MAS,Queens,Tex-Mex,C,78,2026-04-22
TAGLIARE PIZZA DELTA TERMINAL,Queens,American,A,11,2018-06-21
TAGLIARE PIZZA DELTA TERMINAL,Queens,American,A,2,2019-05-16
TAGLIERE,Queens,Pizza,A,4,2017-06-08
TAI PAN BAKERY,Queens,Bakery Products/Desserts,A,9,2026-05-06
TAIWANESE CUISINE,Queens,Chinese,A,13,2024-12-18
TAIWANESE CUISINE,Queens,Chinese,A,12,2026-09-01
TALAVERA CAFE,Queens,Mexican,B,24,2024-04-26
TALK OF THE TRACK,Queens,American,B,20,2023-09-21
TAMARIND ISLAND,Queens,Caribbean,C,60,2024-03-22
TAMASHII BLUE RAMEN,Queens,Japanese,A,12,2023-04-06
TAMASHII BLUE RAMEN,Queens,Japanese,A,13,2025-01-17
TANDOORI FOOD & BAKERY,Queens,Jewish/Kosher,B,18,2025-09-10
TANDOORI HUT,Queens,Indian,B,27,2026-07-23
TANDOORI HUT,Queens,Indian,B,22,2024-08-29
TANDOORI PIZZA,Queens,Pizza,A,12,2025-03-12
TANDORICO,Queens,Bangladeshi,A,12,2024-02-20
TANDORICO,Queens,Bangladeshi,B,23,2026-04-27
TANDORICO,Queens,Bangladeshi,C,49,2025-07-22
TANG,Queens,Korean,B,27,2025-01-30
TAP NYC,Queens,Brazilian,B,24,2025-07-22
TAQUERIA COATZINGO,Queens,Mexican,B,24,2025-04-09
TAQUERIA COATZINGO,Queens,Mexican,C,51,2024-08-26
TAQUERIA KERMES,Queens,Spanish,A,12,2025-10-10
TAQUERIA PANTITLAN,Queens,Mexican,C,154,2024-05-09
TAQUERIA SANTA FE,Queens,Mexican,B,27,2023-10-31
TARROS BAR,Queens,Spanish,B,27,2024-09-24
TASTE GOOD,Queens,Southeast Asian,A,10,2022-05-06
TASTE GOOD,Queens,Southeast Asian,B,27,2025-04-24
TASTE GOOD,Queens,Southeast Asian,C,45,2024-08-15
TASTE OF CANTON,Queens,Chinese,A,9,2023-12-28
TASTE OF CANTON,Queens,Chinese,A,7,2025-11-20
TASTE OF CHINA,Queens,Chinese,A,7,2023-05-23
TASTE OF CHINA,Queens,Chinese,B,24,2025-12-03
TASTE OF DOLLY'S,Queens,Pizza,A,12,2023-03-28
TASTE OF GYRO,Queens,Greek,A,8,2025-05-27
TASTE OF ITALY,Queens,Pizza,A,13,2024-10-07
TASTE OF ITALY,Queens,Pizza,A,4,2026-03-11
TASTE OF PUNJAB,Queens,Indian,B,25,2024-12-10
TASTE OF THE TOWN,Queens,American,B,25,2024-03-15
TASTE OF URUMQI,Queens,Chinese,A,13,2026-03-14
TASTEE JERK,Queens,Caribbean,B,20,2025-06-23
TASTY COW 88 SZECHUAN CUISINE,Queens,Chinese,C,34,2025-07-18
TASTY HOME,Queens,Chinese,A,13,2026-04-04
TASTY HOME,Queens,Chinese,C,55,2025-03-31
TASTY THAI,Queens,Thai,B,27,2025-02-07
TASTY'S,Queens,American,B,24,2024-08-22
TAVERN 157,Queens,Asian/Asian Fusion,A,13,2024-06-26
TAVERNA KYCLADES,Queens,Greek,C,35,2025-03-10
TAZA HALAL EATS,Queens,American,B,23,2024-08-15
TBAAR,Queens,Coffee/Tea,A,12,2025-11-03
TBAAR,Queens,"Juice, Smoothies, Fruit Salads",A,6,2024-01-30
TD BIG J DELI CORP.,Queens,Latin American,B,16,2026-01-21
TEALICIOUSS,Queens,"Juice, Smoothies, Fruit Salads",B,22,2025-05-12
TEAPSY,Queens,Coffee/Tea,A,11,2024-09-19
TEAZZI TEA SHOP,Queens,Coffee/Tea,A,9,2023-10-10
TECOLOTE,Queens,Spanish,A,7,2024-10-15
TEMPLE CANTEEN,Queens,Indian,A,13,2025-12-10
TEMPLE CANTEEN,Queens,Indian,B,27,2023-01-25
TEN FULL,Queens,Chinese,A,12,2024-11-13
TEN SECONDS,Queens,Chinese,B,25,2025-08-20
TEPPANYAKI ONE,Queens,Japanese,A,10,2026-09-01
TERIYAKI 365,Queens,Chinese/Japanese,A,12,2025-08-14
TERIYAKI 365,Queens,Chinese/Japanese,B,27,2025-02-06
TERIYAKI ONE,Queens,Japanese,A,7,2023-11-29
TERIYAKI ONE,Queens,Japanese,A,12,2024-05-21
TERIYAKI R US,Queens,Japanese,A,7,2024-01-19
TERIYAKI R US,Queens,Japanese,B,26,2023-08-25
TERRACE ON THE PARK,Queens,American,B,27,2023-10-04
TEX'S CHICKEN & BURGERS,Queens,American,A,7,2026-04-09
TEX'S CHICKEN & BURGERS,Queens,Chicken,A,13,2025-12-02
TEX'S CHICKEN & BURGERS,Queens,Chicken,A,12,2025-12-18
TEXAS CHICKEN & BURGERS,Queens,Chicken,A,12,2025-05-29
TEXAS CHICKEN & BURGERS,Queens,Chicken,A,10,2025-09-26
TEXAS CHICKEN & BURGERS,Queens,Chicken,A,12,2023-11-06
TEXAS CHICKEN & BURGERS,Queens,Chicken,B,21,2025-08-06
TEXAS LONE STAR,Queens,Chicken,A,12,2024-07-15
THAI 101,Queens,Thai,A,13,2025-08-07
THAI DIVA CUISINE,Queens,Thai,C,33,2023-02-14
THAI SOCIAL,Queens,Thai,A,9,2025-06-05
THAI TREE,Queens,Thai,A,12,2023-10-24
THANK YOU DONUTS & CORN DOGS,Queens,Korean,B,16,2026-07-16
THE ALCOVE,Queens,Latin American,A,12,2025-08-07
THE ALCOVE,Queens,Latin American,A,13,2024-03-22
THE AVENUE,Queens,American,B,20,2025-01-08
THE BAD OLD DAYS,Queens,American,A,11,2022-10-24
THE BAGEL SPOT,Queens,Bagels/Pretzels,A,12,2024-04-29
THE BARN COFFEE SHOP,Queens,Coffee/Tea,A,12,2023-06-06
THE BARONESS,Queens,American,B,18,2024-11-22
THE BLARNEY BAR,Queens,American,A,12,2026-04-08
THE BUFFET,Queens,Asian/Asian Fusion,B,23,2026-01-27
THE CELTIC COVE,Queens,American,A,13,2026-04-22
THE CELTIC COVE,Queens,American,A,13,2024-10-08
THE CENTURION LOUNGE,Queens,American,A,12,2025-07-16
THE CHICKEN SHACK,Queens,Chicken,B,23,2024-05-08
THE CHICKEN SHACK,Queens,Chicken,B,23,2022-12-07
THE CHICKEN SHACK,Queens,Chicken,C,0,2025-09-03
THE CITY DINER,Queens,American,B,24,2025-10-16
THE COFFEE LAB,Queens,Coffee/Tea,A,13,2025-06-16
THE CORNER BAR,Queens,American,A,12,2024-10-22
THE CORNER SPOT,Queens,American,A,12,2025-02-10
THE CORNER SPOT,Queens,American,B,22,2026-01-28
THE COTTAGE TAVERN,Queens,Irish,B,24,2025-08-20
THE CRUS-Z FAMILY RESTAURANT,Queens,Mexican,B,15,2024-03-18
THE DART SPORTS BAR,Queens,American,B,19,2024-05-03
THE DEEP END,Queens,American,B,14,2025-08-15
THE DELUXE PARTY KTV,Queens,Chinese,C,32,2026-04-30
THE DINERBAR,Queens,American,B,19,2025-06-05
THE DOOR,Queens,Caribbean,A,12,2022-04-21
THE FREAKIN RICAN,Queens,Latin American,A,10,2025-04-17
THE GLOBE TAVERN,Queens,Irish,B,23,2026-02-02
THE HAAB MEXICAN CAFE,Queens,Mexican,B,21,2023-02-22
THE HALAL BROS NY,Queens,Middle Eastern,B,21,2024-12-07
THE HARBOR LIGHT PUB,Queens,American,A,12,2024-06-27
THE HILL'S CAFE,Queens,Coffee/Tea,A,13,2025-07-24
THE HUNTRESS,Queens,American,A,12,2024-03-20
THE INKAN,Queens,Peruvian,A,12,2025-10-14
THE IRISH ROVER,Queens,Irish,B,20,2026-04-27
THE JAR BAR,Queens,Irish,A,13,2024-03-06
THE JUICE JOINT,Queens,American,A,12,2025-09-26
THE KEEP,Queens,American,A,13,2024-10-13
THE KING OF TACO,Queens,Mexican,C,55,2025-12-14
THE LATIN CORNER,Queens,Spanish,B,23,2025-08-07
THE LAVISH BAR & LOUNGE,Queens,American,A,13,2022-11-10
THE LOCAL,Queens,American,A,12,2026-02-18
THE LOCAL PRESS,Queens,American,A,5,2023-06-21
THE LOWERY,Queens,American,A,12,2023-10-12
THE MAD DONKEY,Queens,American,A,10,2024-09-11
THE MELT SHOP,Queens,American,A,7,2025-07-16
THE MILLENNIUM RESTAURANT AND BAKERY,Queens,Creole,B,21,2023-01-04
THE MILLENNIUM RESTAURANT AND BAKERY,Queens,Creole,C,33,2024-11-14
THE OASIS CAFE,Queens,Coffee/Tea,B,21,2024-03-11
THE OASIS CAFE,Queens,Coffee/Tea,B,26,2025-08-07
THE ONE,Queens,American,B,20,2025-07-10
THE ORIGINAL AMERICAN CHICKEN,Queens,Chicken,A,7,2025-10-27
THE PALACE,Queens,Fusion,A,13,2025-12-02
THE PALM (B20,Queens,American,A,13,2024-02-07
THE QUIMBY,Queens,American,A,12,2026-07-23
THE QUIMBY,Queens,American,A,13,2025-07-03
THE ROCK,Queens,Latin American,A,11,2024-02-21
THE SENECA,Queens,American,A,13,2023-11-17
THE SENECA,Queens,American,B,17,2026-05-07
THE SKILLMAN,Queens,American,A,12,2025-10-02
THE SMILE OF THE BEYOND,Queens,Vegetarian,A,10,2026-07-09
THE SMOKE HOUSE,Queens,Caribbean,A,8,2024-04-01
THE STONEBRIDGE,Queens,American,A,13,2025-01-07
THE STONEBRIDGE,Queens,American,C,32,2024-03-21
THE SWEET SAP,Queens,Asian/Asian Fusion,A,10,2023-12-20
THE TACO PLACE,Queens,Tex-Mex,A,7,2025-09-04
THE TRESTLE,Queens,American,B,25,2025-01-24
THE WILD GOOSE,Queens,Irish,A,9,2024-10-16
THE WINDJAMMER,Queens,American,A,10,2022-10-12
THE WOLFHOUND,Queens,Irish,A,10,2026-05-22
THIRFT N SIP,Queens,Coffee/Tea,A,13,2026-09-12
THOMAS PIZZA,Queens,Pizza,B,26,2024-12-09
THONGLOR,Queens,Thai,C,30,2022-12-27
TIA JULIA RESTAURANT,Queens,Mexican,B,33,2023-08-14
TIANXIA ASIAN CUISINE,Queens,Chinese,C,47,2024-05-02
TIENDA MI LINDA GUATEMALA,Queens,Spanish,B,24,2025-02-03
TIENDA RINCON GUATEMALTECO,Queens,Latin American,B,23,2025-07-30
TIENDA VIEJA RESTAURANT,Queens,Spanish,A,4,2023-10-30
TIGER SUGAR,Queens,Coffee/Tea,A,10,2024-08-20
TIGER SUGAR,Queens,Coffee/Tea,A,13,2025-07-23
TIGER SUGAR,Queens,Coffee/Tea,A,12,2026-04-02
TIGER SUGAR,Queens,Coffee/Tea,B,17,2025-02-24
TIGER SUGAR,Queens,Coffee/Tea,B,25,2024-03-22
TIGER SUGAR,Queens,Coffee/Tea,B,15,2026-01-12
TIKKA GRILL,Queens,Pakistani,A,9,2024-01-31
TIKKA INDIAN GRILL,Queens,Indian,B,19,2022-12-19
TIKKA INDIAN GRILL,Queens,Indian,B,46,2023-05-10
TIKKA N TALK,Queens,Indian,A,11,2023-05-05
TIME TEQUILA BAR CAFE,Queens,Mexican,A,13,2026-05-29
TINA'S EXOTIC LOUNGE,Queens,Caribbean,B,20,2025-12-05
TIO BOLO'S PIZZA,Queens,Pizza,A,12,2025-06-02
TIPICO DOMINICANO,Queens,Latin American,A,13,2023-06-12
TIPSY SCOOP,Queens,Frozen Desserts,A,12,2026-05-23
TITAHS DELI GROCERY,Queens,Latin American,C,44,2024-03-14
TITO RAD'S GRILL,Queens,Filipino,B,25,2023-02-13
TKK FRIED CHICKEN,Queens,Chicken,A,12,2024-01-08
TO STEKI,Queens,Greek,A,12,2024-10-07
TO STEKI,Queens,Greek,A,9,2026-02-11
TO STEKI,Queens,Greek,B,21,2023-03-08
TOAST & ROAST,Queens,Bagels/Pretzels,A,11,2025-05-12
TODO SABORES BAR,Queens,Mexican,A,11,2024-09-17
TOMMY'S PIZZA & RESTAURANT,Queens,Italian,A,10,2026-03-05
TOMO JAPANESE CAFE,Queens,Japanese,A,12,2025-01-02
TOMONI,Queens,Japanese,A,12,2026-07-16
TONG SAM GYUP GOO YI,Queens,Korean,C,2,2023-03-20
TONG'S CAFE,Queens,Bakery Products/Desserts,B,24,2023-08-25
TONY'S PIZZA,Queens,Pizza,A,11,2024-06-24
TOP NOTCH SUSHI,Queens,Japanese,A,12,2025-02-11
TOP TASTY BAGEL,Queens,American,B,25,2025-07-23
TOP TASTY BAGEL,Queens,American,C,37,2024-03-20
TOPOS BOOKSTORE CAFE,Queens,Coffee/Tea,A,12,2024-12-06
TOPOS BOOKSTORE CAFE,Queens,Coffee/Tea,A,11,2023-11-17
TOPOS TOO,Queens,Coffee/Tea,A,13,2024-03-22
TORNADO CREPE,Queens,Pancakes/Waffles,A,10,2026-06-30
TORNADO CREPE,Queens,Pancakes/Waffles,C,50,2026-03-10
TOSKANA PIZZERIA,Queens,Pizza,A,12,2025-02-10
TOSOCCHON,Queens,Korean,B,27,2025-04-02
TOUS LES JOURS,Queens,Bakery Products/Desserts,A,12,2023-10-26
TOUS LES JOURS,Queens,Bakery Products/Desserts,A,12,2026-04-27
TOUS LES JOURS,Queens,Bakery Products/Desserts,B,20,2024-08-21
TOUS LES JOURS,Queens,Bakery Products/Desserts,B,27,2025-06-20
TOUS LES JOURS,Queens,Bakery Products/Desserts,B,22,2026-06-16
TOUS LES JOURS,Queens,Bakery Products/Desserts,B,24,2025-10-28
TOUS LES JOURS,Queens,Bakery Products/Desserts,C,53,2026-07-30
TOWN FOODS,Queens,Chinese,A,12,2026-01-03
TOYO,Queens,Japanese,A,12,2025-06-03
TOZTON,Queens,Latin American,A,11,2026-07-13
TOZTON,Queens,Latin American,B,25,2024-02-22
TOZTON,Queens,Latin American,C,9,2025-09-20
TRATTORIA 35,Queens,Italian,B,21,2025-02-18
TRES SABORES TAQUERIA,Queens,Mexican,B,18,2023-11-24
TRES SABORES TAQUERIA,Queens,Mexican,B,19,2025-05-08
TRINI KITCHEN SEAFOOD & GRILL,Queens,Caribbean,A,12,2025-04-30
TROPICAL JADE 1,Queens,Caribbean,C,44,2025-07-01
TROPICAL JADE 1,Queens,Caribbean,C,40,2024-12-17
TROPICAL JADE 2,Queens,Caribbean,B,24,2025-08-13
TROPICAL JADE 2,Queens,Caribbean,C,31,2024-03-14
TROPICAL JADE 3 ROTI EXPRESS,Queens,Caribbean,A,11,2023-03-14
TROPICAL JADE 3 ROTI EXPRESS,Queens,Caribbean,C,3,2022-12-01
TROPICAL JADE 4,Queens,Caribbean,B,23,2024-08-26
TROPICAL JADE 4,Queens,Caribbean,B,18,2026-01-02
TROPICAL JERK,Queens,Caribbean,B,22,2024-02-16
TROPICAL JERK,Queens,Caribbean,C,36,2025-06-26
TROPICAL RESTAURANT,Queens,Latin American,B,27,2025-01-09
TROPICAL RESTAURANT,Queens,Latin American,B,16,2023-09-18
TROPICAL RESTAURANT,Queens,Latin American,B,26,2025-10-02
TROPICAL RESTAURANT,Queens,Latin American,C,51,2023-02-14
TROPICAL RESTAURANT,Queens,Latin American,C,45,2024-11-12
TROPICAL RESTAURANT/GO NATURAL,Queens,Latin American,B,17,2024-09-25
TROPICAL RESTAURANT/GO NATURAL,Queens,Latin American,C,44,2026-04-27
TROPIX BAR & LOUNGE,Queens,American,A,13,2025-11-22
TROYKA / DA MIKELLE PALACE / MIKELLE CORNER,Queens,Jewish/Kosher,B,20,2023-05-01
TRUCK STOP KITCHEN,Queens,Caribbean,A,13,2026-03-23
TRUCK STOP KITCHEN,Queens,Caribbean,C,46,2025-10-17
TRUE COLORS,Queens,Latin American,A,12,2024-06-01
TRUE FLAVORS,Queens,Caribbean,C,45,2024-08-16
TRUTH,Queens,Asian/Asian Fusion,A,12,2024-09-19
TUFINO,Queens,Italian,B,27,2025-07-28
TUK TUK,Queens,Thai,A,13,2024-10-19
TULCINGO BAKERY,Queens,Mexican,B,25,2025-08-25
TULCINGO RESTAURANT,Queens,Mexican,C,40,2024-04-15
TULCINGO RESTAURANT,Queens,Mexican,C,45,2023-01-19
TURNPIKE BURGER GRILL,Queens,Jewish/Kosher,A,2,2024-11-04
TWA HOTEL FOOD COURT,Queens,American,A,10,2024-08-01
TWIST BAR & LOUNGE,Queens,Bottled Beverages,A,12,2024-09-28
TWO QUEENS CUISINE,Queens,Caribbean,B,15,2024-04-02
TYANG GELAY'S GRILL,Queens,Filipino,B,24,2025-08-29
TYANG GELAY'S GRILL,Queens,Filipino,C,40,2024-12-23
Tealicious,Queens,Coffee/Tea,A,12,2025-10-21
U BEST BAKERY,Queens,Bakery Products/Desserts,A,9,2026-04-28
U BEST BAKERY,Queens,Bakery Products/Desserts,C,64,2025-04-07
U-MI TEA,Queens,Chinese,B,23,2024-12-17
UCREW,Queens,Coffee/Tea,A,9,2023-10-17
UMA'S,Queens,Russian,A,10,2025-06-16
UMA'S,Queens,Russian,B,21,2023-10-12
UMI,Queens,Seafood,B,25,2025-07-09
UMI SUSHI,Queens,Japanese,A,12,2025-05-29
UMI SUSHI,Queens,Japanese,A,11,2023-10-31
UMI SUSHI,Queens,Japanese,A,12,2022-08-25
UN NUEVO PRICIPIO,Queens,"Juice, Smoothies, Fruit Salads",A,12,2026-06-10
UNCLE DRINK,Queens,"Juice, Smoothies, Fruit Salads",A,10,2025-12-16
UNFORGETTABLE LOUNGE,Queens,Bottled Beverages,B,22,2019-07-26
UNI BREAD,Queens,Bakery Products/Desserts,C,31,2023-03-16
UNIDENTIFIED FLYING CHICKEN,Queens,Korean,A,9,2024-04-04
UNIDENTIFIED FLYING CHICKEN,Queens,Korean,C,36,2025-05-12
UNITED AIRLINES RED CARPET CLUB,Queens,American,A,2,2023-04-18
UNITED MINERS S.C. RUDAR,Queens,Eastern European,B,24,2023-10-12
UNO CAFE & BILLIARDS,Queens,American,B,17,2025-08-18
UNO CHICAGO GRILL,Queens,American,B,20,2023-01-23
URBAN VEGAN ROOTS,Queens,Vegan,A,10,2023-06-26
URUBAMBA,Queens,Peruvian,B,26,2025-12-03
URUBAMBA,Queens,Peruvian,C,36,2023-02-22
URUBAMBA,Queens,Peruvian,C,38,2025-02-03
UYGHUR LAGMAN HOUSE,Queens,Asian/Asian Fusion,B,26,2025-10-09
UZ CORNER COFFEE SHOP,Queens,American,C,62,2020-02-14
V.I.PIZZA,Queens,Pizza,B,22,2024-04-17
VAN DAM KITCHEN & CATERERS,Queens,American,A,13,2026-09-14
VAN LEEUWEN ICE CREAM,Queens,Frozen Desserts,A,7,2025-03-04
VANESSA BAR & LOUNGE,Queens,American,C,41,2025-11-15
VANILLA CAFE,Queens,Bakery Products/Desserts,A,7,2026-03-11
VANILLA CAFE,Queens,Bakery Products/Desserts,A,10,2023-07-25
VANILLA CAFE,Queens,Latin American,A,13,2023-06-15
VERNON GRILLE,Queens,Greek,B,24,2023-01-30
VERONICA'S BAR,Queens,Irish,A,12,2026-09-03
VERONICA'S BAR,Queens,Irish,B,20,2025-03-28
VERSAILLES PALACE,Queens,Russian,A,10,2022-09-21
VESTA TRATTORIA & WINE BAR,Queens,Italian,A,13,2026-03-20
VIA TRENTA,Queens,Italian,A,12,2025-02-20
VICKI'S,Queens,Latin American,B,26,2025-07-23
VICKI'S,Queens,Latin American,B,22,2023-10-17
VICTOR'S COFFEE SHOP,Queens,Spanish,A,9,2023-11-17
VIDA ENERGETICA,Queens,"Juice, Smoothies, Fruit Salads",A,3,2024-12-11
VIDA LOUNGE,Queens,Latin American,B,21,2024-11-20
VIDA LOUNGE,Queens,Latin American,C,99,2026-04-23
VILLA ERASAMO,Queens,Italian,A,12,2024-07-16
VINCENT & ANDREA'S PIZZERIA,Queens,Pizza,B,26,2024-10-22
VINCENZOS PIZZARIA RESTAURANT,Queens,Pizza,B,24,2025-01-13
VINICIO'S,Queens,Latin American,B,23,2025-11-28
VINNIE'S PIZZERIA,Queens,Pizza,A,8,2024-11-07
VINNY'S PIZZERIA,Queens,Pizza,B,18,2026-07-11
VINNY'S PIZZERIA,Queens,Pizza,B,21,2024-08-26
VIP Grill,Queens,American,B,24,2023-09-14
VIP ONE (Near counter F of ITA airways),Queens,American,A,5,2026-08-12
VIRGIN ATLANTIC CLUB HOUSE,Queens,American,A,7,2025-05-28
VIVA JUAREZ,Queens,Mexican,A,9,2025-11-24
VIVA JUAREZ,Queens,Mexican,B,27,2023-01-19
VIVI BUBBLE TEA,Queens,Coffee/Tea,A,7,2026-04-29
VIVI BUBBLE TEA,Queens,Coffee/Tea,A,10,2026-02-25
WAGYU YAMA,Queens,Chinese,B,24,2025-09-02
WAH HING,Queens,Chinese,B,20,2025-10-09
WAI PO REN JIA,Queens,Chinese,A,4,2023-10-23
WAKE CUP ASTORIA,Queens,American,A,10,2024-11-13
WANG DA SHUN,Queens,Chinese,C,41,2023-08-31
WANG WANG QUEENS,Queens,Chinese,B,22,2025-02-04
WASABI POINT,Queens,Asian/Asian Fusion,B,16,2025-09-12
WATAWA,Queens,Japanese,A,13,2023-02-15
WE VILLAGE CORP,Queens,Korean,B,16,2025-08-26
WE VILLAGE CORP,Queens,Korean,C,35,2024-12-16
WEEKENDER BILLIARD & BAR,Queens,Asian/Asian Fusion,C,40,2025-02-10
WEN ZHOU FOOD INC.,Queens,Chinese,B,21,2023-08-14
WEN ZHOU FOOD INC.,Queens,Chinese,B,25,2024-08-12
WENDY TERIYAKI / SUSHI YOSHI,Queens,Japanese,A,9,2025-02-21
WENDY'S,Queens,Hamburgers,A,9,2023-04-18
WENDY'S,Queens,Hamburgers,A,12,2024-09-13
WENDY'S,Queens,American,A,12,2025-12-15
WENDY'S,Queens,Hamburgers,A,9,2024-02-15
WENDY'S,Queens,Hamburgers,A,10,2024-09-23
WENDYS,Queens,American,A,7,2026-07-27
WEST BAR & LOUNGE,Queens,Caribbean,A,11,2026-05-07
WHARF BAR AND GRILL,Queens,American,B,16,2024-07-22
WHAT A BAGEL CAFE,Queens,Bagels/Pretzels,B,17,2025-07-23
WHITE BEAR,Queens,Chinese,A,13,2023-04-27
WHITE CASTLE,Queens,Hamburgers,A,8,2023-12-12
WHITE CASTLE,Queens,Hamburgers,A,0,2026-01-08
WHITE CASTLE,Queens,Hamburgers,A,12,2025-11-07
WHITE RADISH,Queens,American,C,34,2025-02-06
WHITE RADISH,Queens,American,C,41,2025-10-15
WHITEPOINT DINER,Queens,American,A,12,2025-09-26
WHITESTONE BAGEL FACTORY,Queens,Sandwiches,A,11,2022-11-02
WILD ONION RESTAURANT & LOUNGE,Queens,Caribbean,B,25,2024-11-14
WILLOWS TAVERN,Queens,American,A,10,2024-03-19
WIN HOU,Queens,Chinese,B,17,2025-04-29
WINDSOR PARK PATIO GRILL (OPEN JUN-AUG ONLY),Queens,American,A,12,2026-06-17
WING YUM,Queens,Chinese,A,9,2024-08-05
WING YUM,Queens,Chinese,B,16,2022-12-27
WINGSTOP,Queens,Chicken,A,13,2023-11-15
WINGSTOP,Queens,Chicken,A,8,2026-08-21
WINGSTOP,Queens,Chicken,A,6,2025-12-16
WO KEE NOODLE,Queens,Chinese,C,50,2024-08-12
WON KBBQ (O2 BBQ),Queens,Korean,C,30,2024-01-18
WONDER PIG KBBQ,Queens,Korean,A,13,2024-10-04
WOODBINES,Queens,Irish,A,12,2025-11-19
WOODSIDE KITCHEN,Queens,Chinese,A,13,2023-07-27
"WORLD BEAN, VELOCITY BAR (EC2)",Queens,American,A,9,2022-08-11
Wingstop,Queens,Chicken,B,24,2026-05-12
XELA JU RESTAURANT,Queens,Spanish,C,45,2024-10-28
XI'AN FAMOUS FOODS,Queens,Asian/Asian Fusion,A,12,2023-09-25
XI'AN NOODLE FOOD,Queens,Chinese,C,29,2025-10-20
XI'AN NOODLE FOOD,Queens,Chinese,C,40,2025-04-17
XIN BAO,Queens,Chinese,B,26,2025-09-22
XIN WANG WANG,Queens,Chinese,A,13,2026-08-26
XING'S CHEF CHINESE FOOD,Queens,Chinese,A,12,2024-03-04
XINGYUE EATERY,Queens,Chinese,C,40,2023-10-05
XINYANG RESTAURANT,Queens,Chinese,B,33,2023-10-11
XINYANG RESTAURANT,Queens,Chinese,C,46,2025-10-09
XOXO KITCHEN & BAKERY,Queens,American,A,11,2024-11-12
XU CHU,Queens,Chinese,A,13,2026-05-19
Y SPACE BBQ,Queens,Japanese,B,21,2024-03-08
YAH SUH NYCE,Queens,Caribbean,A,12,2024-02-14
YAH SUH NYCE,Queens,Caribbean,C,3,2025-02-03
YANG SAO FRIED SKEWER,Queens,Chinese,A,13,2026-04-18
YANGDONGHIA NEW YORK INC,Queens,Chinese,C,28,2025-11-03
YANN NURY NYC,Queens,French,A,7,2023-03-15
YARDS BAR & GRILL,Queens,American,A,12,2024-03-12
YE GARDEN,Queens,Chinese,A,12,2025-08-26
YEDANG,Queens,Korean,A,10,2025-02-10
YEH'S BAKERY,Queens,Bakery Products/Desserts,C,30,2024-08-01
YELLOWSTONE SUSHI,Queens,Japanese,A,12,2023-06-05
YELLOWSTONE SUSHI,Queens,Japanese,A,13,2024-11-19
YERAS,Queens,Latin American,A,10,2025-10-18
YETNAL TONGDAK & JOKBAL,Queens,Korean,A,9,2023-12-29
YIP SZECHUAN RESTAURANT,Queens,Chinese,B,22,2025-01-15
YOFRESH YOGURT CAFE,Queens,Frozen Desserts,A,12,2026-02-17
YOGI'S RESTAURANT INC,Queens,Caribbean,A,5,2026-07-21
YOI SUSHI & RAMEN,Queens,Japanese,A,13,2026-01-28
YOLANDA'S DOMINICAN FOOD,Queens,Latin American,A,10,2026-02-11
YOUNG AND RICH NY,Queens,Chinese,B,25,2025-08-04
YOZ SHANGHAI,Queens,Chinese,A,13,2023-07-24
YSL BAKERY,Queens,Bakery Products/Desserts,A,9,2026-08-19
YSL BAKERY,Queens,Bakery Products/Desserts,B,20,2025-05-08
YSL BAKERY,Queens,Bakery Products/Desserts,B,27,2024-04-12
YUMMY A Chinese restaurant,Queens,Chinese,A,12,2026-03-04
YUMMY CHINESE,Queens,Chinese,A,10,2026-04-11
YUMMY TACO,Queens,Tex-Mex,A,13,2024-01-16
YUMMY TACO,Queens,Tex-Mex,A,9,2025-06-13
YUMMY YUMMY CHINESE,Queens,Chinese,A,10,2025-01-10
YUMMY YUMMY CHINESE,Queens,Chinese,B,26,2024-03-28
YUMPLING,Queens,Chinese,A,13,2024-01-03
YUMPLING,Queens,Chinese,A,10,2025-05-22
YUNNAN RICE NOODLE HOUSE,Queens,Chinese,C,61,2025-11-24
Yummy Kitchen,Queens,Chinese,B,16,2026-02-12
Yummy Kitchen,Queens,Chinese,C,32,2025-10-08
ZAO MEN QIAN HOT POT,Queens,Chinese,B,24,2025-03-13
ZEN,Queens,Caribbean,A,4,2025-04-09
ZEN FUSION CUISINE,Queens,Asian/Asian Fusion,C,35,2024-03-18
ZHANG LIANG HOT POT,Queens,Chinese,B,25,2024-01-29
ZHANG LIANG HOT POT,Queens,Chinese,C,38,2026-03-17
ZHONG YUE,Queens,Chinese,B,25,2025-09-26
ZHONG YUE,Queens,Chinese,C,41,2025-01-31
ZHONG YUE,Queens,Chinese,C,45,2025-05-20
ZHU JI DUMPLING HOUSE,Queens,Chinese,B,23,2023-12-04
ZHU JI DUMPLING HOUSE,Queens,Chinese,B,26,2025-09-17
ZHUMI BAKERY & RESTAURANT,Queens,Mexican,A,13,2025-07-30
ZIGGLE,Queens,Korean,A,11,2025-02-07
ZIGGLE,Queens,Korean,C,43,2023-09-21
ZIGGLE,Queens,Korean,C,34,2023-10-10
ZIO PEPE'S PIZZERIA,Queens,Pizza,B,25,2025-09-08
ZIRVE TURKISH GRILL,Queens,Turkish,C,44,2025-06-04
ZORBA'S DINER,Queens,Greek,B,22,2025-02-10
ZOU JI LAN ZHOU RAMEN,Queens,Chinese,A,13,2024-04-03
ZOU JI LAN ZHOU RAMEN,Queens,Chinese,B,15,2025-11-12
Zi Wei Xiao Chi,Queens,Chinese,A,7,2026-05-11
120 BAY CAFE/CARGO,Staten Island,American,B,19,2024-04-02
1468 HYLAN CAFE,Staten Island,Asian/Asian Fusion,A,9,2026-04-27
ABEY AFRICAN FOOD,Staten Island,African,A,7,2024-07-18
AL-AQSA RESTAURANT,Staten Island,Middle Eastern,A,9,2024-11-01
ALFONSO'S PASTRY SHOPPE,Staten Island,Bakery Products/Desserts,A,7,2023-10-11
ALFONSO'S PASTRY SHOPPE,Staten Island,Bakery Products/Desserts,A,7,2024-05-24
ALFONSO'S PASTRY SHOPPE,Staten Island,Bakery Products/Desserts,B,20,2023-01-25
ALFONSO'S PASTRY SHOPPE,Staten Island,Bakery Products/Desserts,C,2,2023-01-05
AMBROSINO'S PIZZERIA,Staten Island,Pizza,A,13,2024-07-25
AMBROSINOS PIZZERIA,Staten Island,Pizza,B,18,2023-11-02
AMC STATEN ISLAND 11,Staten Island,American,C,35,2022-12-19
ANDREW'S DINER,Staten Island,American,A,10,2026-04-29
ANDREW'S DINER,Staten Island,American,B,25,2024-02-23
ANGELINA'S RISTORANTE,Staten Island,Italian,A,13,2024-03-20
APPLEBEES NEIGHBORHOOD GRILL AND BAR,Staten Island,American,A,7,2025-01-30
ARIRANG HIBACHI STEAK HOUSE,Staten Island,Japanese,A,12,2024-10-18
ASA BOWLS,Staten Island,Japanese,B,22,2026-08-05
ASA BOWLS,Staten Island,Japanese,C,29,2025-07-01
ATLIXCO BAKERY & DELI,Staten Island,Mexican,A,10,2025-09-22
AVANTI'S PIZZERIA,Staten Island,Pizza,A,9,2024-02-07
AVANTI'S PIZZERIA,Staten Island,Pizza,A,13,2026-07-17
AVOCADO,Staten Island,Japanese,B,22,2026-06-29
AVOCADO MEXICAN GRILL & COFFEE,Staten Island,Mexican,B,17,2024-12-26
AVOCADO SUSHI,Staten Island,Japanese,A,11,2024-03-04
AVOCADO SUSHI,Staten Island,Asian/Asian Fusion,C,38,2025-02-26
AVOCADO SUSHI IIII,Staten Island,Japanese,B,14,2023-02-27
B & Y CATERING (Jewish Community Center),Staten Island,Jewish/Kosher,A,10,2026-04-14
BAGEL BISTRO & DINER,Staten Island,American,A,9,2026-04-24
BAGEL BISTRO & DINER,Staten Island,American,C,39,2026-02-06
BAGEL ON THE BLVD,Staten Island,Bagels/Pretzels,B,18,2024-08-12
BAGELS N BUNS,Staten Island,Sandwiches,A,11,2024-04-29
BAKE CULTURE,Staten Island,Bakery Products/Desserts,A,13,2024-01-29
BANH MI HOUSE,Staten Island,Sandwiches,A,13,2023-05-11
BANH MI HOUSE,Staten Island,Sandwiches,A,12,2026-01-27
BARIOS PIZZA & RESTAURANT,Staten Island,Pizza,A,5,2025-12-02
BARNES & NOBLE,Staten Island,American,A,7,2025-09-08
BASIL CUCINA & CATERING,Staten Island,Pizza,A,12,2024-09-19
BASILIO'S INN RESTAURANT,Staten Island,Italian,A,12,2025-10-24
BAYA BAR,Staten Island,"Juice, Smoothies, Fruit Salads",A,9,2025-12-11
BAYA BAR,Staten Island,"Juice, Smoothies, Fruit Salads",A,10,2025-02-04
BAYA BAR,Staten Island,"Juice, Smoothies, Fruit Salads",A,12,2023-08-09
BAYA BAR,Staten Island,"Juice, Smoothies, Fruit Salads",A,12,2023-06-15
BAYA BAR,Staten Island,"Juice, Smoothies, Fruit Salads",B,23,2026-02-20
BEANS & LEAVES,Staten Island,Coffee/Tea,A,2,2026-01-23
BELLA BEANS CAFE,Staten Island,Coffee/Tea,A,10,2023-12-04
BESO,Staten Island,Spanish,B,23,2025-11-12
BESOS RESTAURANT BAR & LOUNGE,Staten Island,Latin American,B,27,2022-12-15
BETTER GOURMET,Staten Island,Sandwiches/Salads/Mixed Buffet,A,10,2025-12-30
BETTER GOURMET,Staten Island,Sandwiches/Salads/Mixed Buffet,A,12,2023-06-05
BETTER GOURMET HEALTH KITCHEN,Staten Island,American,B,23,2022-09-22
BIBIMBAP HOUSE,Staten Island,Coffee/Tea,A,7,2024-05-15
BOCELLI'S,Staten Island,Italian,A,7,2025-04-16
BOTA,Staten Island,Other,A,13,2026-01-15
BOULEVARD LOUNGE,Staten Island,Mediterranean,A,13,2024-07-26
BROOKLYNS FINEST PIZZA & RESTAURANT,Staten Island,Pizza,C,54,2024-03-28
BROTHER PIZZA,Staten Island,Pizza,A,9,2024-07-29
BUBBAKOOS BURRITOS,Staten Island,Mexican,B,19,2024-03-20
BURGER KING,Staten Island,Hamburgers,A,13,2025-04-30
BURGER KING,Staten Island,Hamburgers,A,13,2025-05-13
BURGER KING,Staten Island,Hamburgers,C,40,2024-08-08
BURGER KING #27012,Staten Island,American,A,7,2026-06-24
CAFE BELLA VITA,Staten Island,Italian,A,4,2024-09-25
CAFE BELLA VITA,Staten Island,Italian,A,9,2026-06-22
CAFE CON PAN BAKERY,Staten Island,Mexican,A,13,2023-03-14
CAFE CON PAN BAKERY II,Staten Island,Bakery Products/Desserts,A,10,2026-05-15
CAFE CON PAN BAKERY II,Staten Island,Bakery Products/Desserts,B,23,2024-08-15
CAFE JULIET,Staten Island,Coffee/Tea,A,13,2024-03-06
CAMPANIA COAL FIRE PIZZA,Staten Island,Pizza,C,32,2025-09-16
CANLON'S RESTAURANT,Staten Island,Italian,A,12,2023-03-16
CANTINA MEXICANA,Staten Island,Mexican,A,13,2026-07-20
CARAVAN RESTAURANT & COFFEE SHOP,Staten Island,Asian/Asian Fusion,A,9,2026-02-26
CARLYLE GREEN POOL STAND,Staten Island,American,A,12,2022-07-26
CARVEL,Staten Island,Frozen Desserts,A,3,2023-11-01
CARVEL,Staten Island,Frozen Desserts,A,11,2024-07-29
CARVEL # 1429,Staten Island,Frozen Desserts,A,12,2024-01-16
CARVEL # 1429,Staten Island,Frozen Desserts,A,5,2022-12-22
CASA DEL MOLCAJETE,Staten Island,Mexican,A,11,2022-04-04
CAST IRON POT,Staten Island,Korean,A,10,2024-01-08
CHANG NOI THAI,Staten Island,Thai,B,16,2023-02-13
CHEF'S HONG II LI FAMILY RESTAURANT,Staten Island,Chinese,A,13,2025-05-08
CHEF'S HONG II LI FAMILY RESTAURANT,Staten Island,Chinese,B,18,2024-04-19
CHEN'S BROTHER CUISINE,Staten Island,Chinese,B,18,2026-02-11
CHEN'S BROTHER CUISINE,Staten Island,Chinese,B,27,2024-02-27
CHEN'S GARDEN,Staten Island,Chinese,A,13,2024-04-01
CHICK'N GO,Staten Island,Korean,B,26,2025-05-16
CHICK-FIL-A,Staten Island,Chicken,B,22,2023-09-20
CHIENG GARDEN KITCHEN,Staten Island,Chinese,B,27,2026-02-11
CHIENG GARDEN KITCHEN,Staten Island,Chinese,C,36,2024-08-20
CHILI'S GRILL & BAR,Staten Island,Tex-Mex,A,12,2024-04-29
CHILI'S GRILL & BAR,Staten Island,Tex-Mex,A,13,2025-08-29
CHINAR ON THE ISLAND,Staten Island,Mediterranean,A,13,2023-10-04
CINCO DE MAYO,Staten Island,Latin American,A,11,2026-07-13
CIRO PIZZA CAFE,Staten Island,Italian,B,27,2023-09-05
COFFEE & COLLECTIBLES,Staten Island,Bakery Products/Desserts,A,12,2026-05-22
COFFEE & COLLECTIBLES,Staten Island,Bakery Products/Desserts,B,24,2025-09-17
COLD STONE CREAMERY,Staten Island,Frozen Desserts,A,7,2026-04-14
COLONNADE DINER,Staten Island,American,A,10,2023-10-31
COMMONS CAFE,Staten Island,American,A,10,2025-12-17
CORNER CAFE,Staten Island,Eastern European,B,20,2025-11-19
CRAFT HOUSE,Staten Island,Barbecue,B,23,2025-10-02
CRUMBL COOKIES,Staten Island,Bakery Products/Desserts,B,21,2024-09-06
CRYSTAL ROOM,Staten Island,Italian,A,8,2024-10-05
CUCUMBER SUSHI & SALAD BAR,Staten Island,Japanese,A,12,2023-10-23
CUCUMBER SUSHI & SALAD BAR,Staten Island,Japanese,B,16,2022-11-23
CURRY LEAF,Staten Island,Asian/Asian Fusion,B,21,2018-06-20
CYBER CAFE,Staten Island,Coffee/Tea,A,5,2026-02-13
D & B RESTAURANT II,Staten Island,Chinese,A,11,2025-11-12
D & B RESTAURANT II,Staten Island,Chinese,A,12,2024-01-31
DELAFIELD PIZZA,Staten Island,Pizza,A,12,2024-02-06
DI DI,Staten Island,Chinese,B,27,2023-10-16
DI FARINA PIZZA,Staten Island,Pizza,A,7,2026-04-16
DISTRICT,Staten Island,American,A,12,2022-08-23
DOC HENNIGANS,Staten Island,American,A,13,2024-06-05
DOMENICO'S PIZZA,Staten Island,Pizza,A,8,2023-03-27
DOMENICO'S PIZZA,Staten Island,Pizza,B,21,2025-03-10
DOMINICAN FOOD,Staten Island,Latin American,C,34,2024-11-18
DOMINO'S,Staten Island,Pizza,A,3,2026-06-03
DOMINOS,Staten Island,Pizza,A,2,2024-12-04
DOMINOS,Staten Island,Pizza,B,18,2024-08-28
DONUT WORLD,Staten Island,Donuts,A,12,2023-10-27
DUFFY'S,Staten Island,American,B,20,2024-04-22
DUNKIN,Staten Island,Donuts,A,2,2024-06-18
DUNKIN,Staten Island,Donuts,A,7,2024-02-02
DUNKIN,Staten Island,Donuts,A,5,2026-04-10
DUNKIN,Staten Island,Donuts,A,12,2025-04-18
DUNKIN,Staten Island,American,A,4,2025-01-16
DUNKIN,Staten Island,Coffee/Tea,A,3,2026-07-29
DUNKIN,Staten Island,American,A,10,2024-01-03
DUNKIN,Staten Island,Donuts,A,11,2025-07-11
DUNKIN,Staten Island,Donuts,A,10,2025-12-09
DUNKIN,Staten Island,Donuts,A,12,2025-04-07
DUNKIN,Staten Island,Donuts,B,22,2026-06-09
DUNKIN,Staten Island,Coffee/Tea,B,21,2024-08-20
DUNKIN,Staten Island,Coffee/Tea,B,19,2025-05-07
DUNKIN,Staten Island,Donuts,B,19,2024-10-25
DUNKIN,Staten Island,Donuts,B,20,2026-04-29
DUNKIN,Staten Island,American,B,27,2023-05-10
DUNKIN,Staten Island,Donuts,C,53,2025-07-23
DUNKIN,Staten Island,Coffee/Tea,C,42,2025-09-16
DUNKIN DONUTS,Staten Island,Other,A,11,2026-04-17
DUNKIN DONUTS,Staten Island,Donuts,A,7,2024-01-25
DUNKIN',Staten Island,Donuts,A,12,2025-12-01
DUNKIN',Staten Island,Donuts,A,13,2025-07-08
DUNKIN' / BASKIN ROBBINS,Staten Island,Donuts,B,23,2025-09-10
"DUNKIN',' BASKIN ROBBINS",Staten Island,Donuts,A,10,2025-12-10
EAST PACIFIC,Staten Island,Asian/Asian Fusion,B,25,2023-11-20
EL PATRON RESTAURANT & LOUNGE,Staten Island,Mexican,B,18,2023-08-28
EL PATRON RESTAURANT & LOUNGE,Staten Island,Mexican,B,26,2026-03-25
EL PATRON RESTAURANT & LOUNGE II,Staten Island,Mexican,B,21,2023-04-19
EL POLLO II RESTAURANT,Staten Island,Spanish,B,20,2025-04-02
EL POLLO RESTAURANT AND BAR,Staten Island,Latin American,A,10,2023-12-08
EL SABOR A MI PERU,Staten Island,Peruvian,A,8,2025-05-06
EMPIRE EAST,Staten Island,Asian/Asian Fusion,A,11,2023-12-28
EMPIRE SZECHUAN GARDEN,Staten Island,Chinese,B,27,2024-08-19
EMPIRE SZECHUAN VILLAGE,Staten Island,Chinese,A,13,2023-10-23
EVE ULTRA LOUNGE,Staten Island,American,B,24,2018-09-29
FAMOUS NEW YORK PIZZA,Staten Island,Pizza,C,0,2024-11-26
FAMOUS NEW YORK PIZZA,Staten Island,Pizza,C,39,2023-08-23
FERRIS WHEEL YOGURT SMOOTHIES,Staten Island,American,B,20,2025-03-10
FERRIS WHEEL YOGURT SMOOTHIES,Staten Island,American,C,37,2024-06-14
FERRIS WHEEL YOGURT SMOOTHIES,Staten Island,American,C,38,2022-11-25
FILONCINO CAFE,Staten Island,Italian,A,10,2026-06-24
FINA'S FARM HOUSE,Staten Island,American,A,12,2022-10-04
FINA'S FARM HOUSE,Staten Island,American,C,30,2024-07-23
FISH NOODLE HOUSE,Staten Island,Chinese,A,9,2025-05-15
FISH NOODLE HOUSE,Staten Island,Chinese,A,13,2023-10-18
FOREST THAI CUISINE,Staten Island,Thai,B,19,2024-03-13
FORTUNE COOKIE,Staten Island,Chinese,B,20,2026-04-28
FROZEN D LITE,Staten Island,Frozen Desserts,A,9,2025-03-11
FUEL GRILL & JUICE BAR,Staten Island,"Juice, Smoothies, Fruit Salads",B,26,2026-03-06
FUSHIMI JAPANESE CUISINE,Staten Island,Japanese,C,51,2025-04-23
GINO'S PIZZA,Staten Island,Pizza,B,22,2023-12-14
GINZA JAPANESE RESTAURANT,Staten Island,Japanese,B,22,2025-08-06
GOLDEN DRAGON FUSION,Staten Island,Chinese,A,9,2025-08-06
GOLDEN PASTRY SHOP,Staten Island,Bakery Products/Desserts,A,7,2023-03-22
GONG CHA,Staten Island,Coffee/Tea,B,20,2026-03-11
GOOD TASTE,Staten Island,Chinese,A,13,2024-04-11
GOOD WOK RESTAURANT,Staten Island,Chinese,B,27,2025-03-05
GRAND SAHARA MEDITERRANEAN GRILL,Staten Island,Turkish,A,12,2024-12-19
GRANDE CAFFE,Staten Island,Coffee/Tea,C,38,2024-09-25
GREAT CHINA,Staten Island,Chinese,B,25,2025-02-13
GREEK XPRESS,Staten Island,Greek,A,5,2025-08-04
GUAC TIME MEXICAN GRILL,Staten Island,Mexican,B,27,2026-01-17
HAAGEN-DAZS,Staten Island,Frozen Desserts,A,6,2025-12-04
HAMPTON INN & SUITES,Staten Island,Continental,A,12,2024-08-02
HILLSIDE FARM TO BAGEL,Staten Island,Bakery Products/Desserts,A,10,2023-07-11
HILLSIDE FARM TO BAGEL,Staten Island,Bakery Products/Desserts,B,23,2024-08-20
HITTO RAMEN,Staten Island,Japanese,A,10,2025-12-17
HITTO RAMEN,Staten Island,Japanese,A,12,2024-01-04
HO BRAH TACOS,Staten Island,Mexican,B,14,2023-11-13
HOLTERMANN'S BAKERY,Staten Island,Bakery Products/Desserts,A,9,2022-08-31
HONG KONG KEI ONE,Staten Island,Chinese,B,24,2026-05-18
HONG KONG KEI ONE,Staten Island,Chinese,B,24,2023-07-07
HOUSE OF WINGS,Staten Island,Chicken,B,24,2026-07-27
HYATT BAGEL CAFE,Staten Island,Bagels/Pretzels,A,7,2023-08-14
HYLAN CURRY & GRILL,Staten Island,Indian,B,23,2025-07-22
IL SAPORE CAFE,Staten Island,Pizza,A,12,2024-02-09
IL SOGNO ITALIANO RISTORANTE,Staten Island,Italian,A,13,2022-12-13
INCA'S GRILL PERUVIAN KITCHEN,Staten Island,Peruvian,A,13,2022-12-08
INTOXX FITNESS,Staten Island,"Juice, Smoothies, Fruit Salads",A,10,2024-06-05
ISLAND CHATEAU,Staten Island,American,A,5,2023-10-06
ISLAND SOCIAL BAR & GRILL,Staten Island,American,A,7,2025-11-22
ISLAND SOFT PRETZEL STOP,Staten Island,American,A,13,2025-06-03
ISLAND SOFT PRETZEL STOP,Staten Island,American,B,23,2022-11-15
JAC MAO CHINESE CUISINE,Staten Island,Chinese,B,22,2024-12-30
JIMMY MAX RESTAURANT,Staten Island,American,B,21,2025-01-27
JODY'S CLUB,Staten Island,American,A,9,2024-12-14
JOE & PAT'S,Staten Island,Pizza,B,16,2022-12-05
JOYCE'S TAVERN,Staten Island,Irish,B,17,2023-01-26
JUSTINOS PIZZERIA,Staten Island,Pizza,B,20,2025-01-16
KFC,Staten Island,Chicken,B,20,2025-12-08
KRISPY KREME DOUGHNUTS,Staten Island,Donuts,A,13,2024-05-22
KUM FUNG KITCHEN,Staten Island,Chinese,A,13,2024-06-20
KUZINA THE GREEK KITCHEN,Staten Island,Greek,B,15,2023-09-18
LA BELLA PIZZA,Staten Island,Pizza,A,13,2023-04-11
LA CABANA RESTAURANT,Staten Island,Spanish,B,19,2024-09-25
LA CRIOLLA,Staten Island,Peruvian,A,10,2026-09-12
LA CUEVA (entrance on Dock Street),Staten Island,American,C,31,2019-06-27
LA FONTANA,Staten Island,Italian,B,23,2026-03-31
LA FORTUNA MEXICAN RESTAURANT,Staten Island,Mexican,A,9,2023-09-28
LA ROSA CHICKEN AND GRILL,Staten Island,Chicken,A,7,2024-04-22
LACEY'S BRIDGE TAVERN,Staten Island,American,B,27,2023-12-14
LAS CAZUELAS RESTAURANT,Staten Island,Spanish,A,13,2026-02-26
LAS CAZUELAS RESTAURANT,Staten Island,Spanish,C,41,2025-09-15
LE ROI LOUNGE,Staten Island,Middle Eastern,A,3,2023-08-30
LIL M BUBBLE TEA HOUSE,Staten Island,Coffee/Tea,A,5,2025-12-17
LION DANCE,Staten Island,Chinese,A,11,2026-07-07
LITTLE CAESARS,Staten Island,Pizza,A,7,2025-09-05
LOON CHUAN RESTAURANT,Staten Island,Chinese,A,12,2023-04-18
LOS CHARROS MEXICAN RESTAURANT,Staten Island,Mexican,B,18,2024-12-16
LUCKY GOURMET CHEF,Staten Island,Chinese,A,7,2025-12-04
LUK & BART HOMEMADE FOOD,Staten Island,Polish,A,10,2023-04-26
M & K SPANISH RESTAURANT,Staten Island,Spanish,A,11,2025-07-23
MAIN STREET COFFEE,Staten Island,Coffee/Tea,B,21,2025-08-13
MAIN STREET COFFEE,Staten Island,Coffee/Tea,B,27,2024-04-29
MANOR SUSHI,Staten Island,Japanese,A,12,2022-08-29
MARBELLA,Staten Island,Latin American,A,13,2023-11-16
MARINA CAFE,Staten Island,Italian,A,7,2023-01-23
MAX'S ES-CA RESTAURANT AND BAR,Staten Island,American,A,7,2023-12-07
MAYNILA ORIENTAL FOOD MARKET,Staten Island,Filipino,B,24,2024-11-23
MCDONALD'S,Staten Island,American,A,10,2024-05-03
MCDONALD'S,Staten Island,Hamburgers,A,11,2024-03-08
MCDONALD'S,Staten Island,Hamburgers,A,4,2025-09-29
MCDONALD'S,Staten Island,American,A,9,2023-03-30
MCDONALD'S,Staten Island,Hamburgers,A,10,2023-08-18
MEXICAN CANTINA,Staten Island,Mexican,B,27,2025-02-24
MEXICANO ARROLITO,Staten Island,Mexican,B,21,2025-09-29
MEXICANO ARROLITO,Staten Island,Mexican,B,15,2024-04-22
MEZCALEROS MEXICAN RESTAURANT,Staten Island,Mexican,A,9,2025-01-21
MIKE'S DAKOTA DINER,Staten Island,American,A,13,2025-12-18
MIKE'S PLACE,Staten Island,American,A,12,2024-03-22
MIKE'S PLACE,Staten Island,American,B,23,2024-10-03
MIKES OLYMPIC GRILL,Staten Island,American,B,19,2025-07-16
MIMMOS BRICK OVEN PIZZA,Staten Island,Pizza,B,22,2024-02-06
MONA'S CUISINE,Staten Island,Caribbean,A,12,2023-11-02
MOUNTAIN FUSION,Staten Island,Asian/Asian Fusion,B,21,2023-01-23
MOUNTAIN FUSION,Staten Island,Asian/Asian Fusion,B,27,2024-05-14
MR HIBACHI EXPRESS,Staten Island,Asian/Asian Fusion,B,23,2025-09-15
MR WEEK,Staten Island,Russian,B,19,2024-02-29
MR. RICE CHINESE RESTAURANT,Staten Island,Chinese,A,12,2024-05-01
MY PIZZA,Staten Island,Pizza,A,12,2024-06-17
MY PIZZA,Staten Island,Pizza,A,11,2026-04-06
NAPOLI PIZZA,Staten Island,Pizza,B,19,2024-04-15
NAPOLI PIZZERIA,Staten Island,Pizza,A,12,2025-12-06
NEW CHEF HONG KITCHEN,Staten Island,Chinese,A,7,2023-03-07
NEW CHEF HONG KITCHEN,Staten Island,Chinese,C,31,2024-10-04
NEW CHINA BUFFET,Staten Island,Chinese,C,33,2023-12-12
NEW CHINA BUFFET,Staten Island,Chinese,C,33,2025-05-05
NEW CHOI HEE,Staten Island,Chinese,A,11,2026-02-12
NEW GYRO KING,Staten Island,Mediterranean,A,12,2025-09-09
NEW WIN HING,Staten Island,Chinese,B,16,2026-07-22
NEW YUNG HONG,Staten Island,Chinese,A,13,2024-05-06
NONNA'S PIZZERIA,Staten Island,Pizza,A,2,2024-03-14
NORI SUSHI RESTAURANT,Staten Island,Japanese,B,26,2024-11-21
No. 1 CHINESE,Staten Island,Chinese,B,15,2024-04-26
O'NEILL'S RESTAURANT & BAR,Staten Island,Irish,B,20,2024-08-19
OHKAMI RAMEN,Staten Island,Japanese,A,12,2023-04-04
OISHII SUSHI,Staten Island,Japanese,B,16,2026-05-04
ON A ROLL,Staten Island,American,A,9,2025-11-24
OPERA CAFE,Staten Island,Turkish,A,12,2026-01-27
OUTBACK STEAKHOUSE,Staten Island,Steakhouse,A,11,2022-06-14
PAGE PLAZA DINER,Staten Island,American,A,13,2024-02-16
PAGE PLAZA DINER,Staten Island,American,B,24,2025-09-16
PALERMO PIZZERIA AND RESTAURANT,Staten Island,Pizza,A,13,2023-03-21
PANADERIA LA MIXTECA POBLANA & DELI,Staten Island,Mexican,B,19,2025-10-06
PANAJACHEL SOLOLA,Staten Island,Latin American,A,10,2026-03-20
PANDA GARDEN,Staten Island,Chinese,B,21,2024-03-11
PAPA JOHNS PIZZA,Staten Island,Pizza,C,32,2023-08-30
PAPA JOHNS PIZZA,Staten Island,Pizza,C,50,2022-10-26
PARADISE ISLAND RESTAURANT AND TIKI BAR,Staten Island,American,C,28,2025-05-08
PATRIZIAS OF TOTTENVILLE,Staten Island,Italian,B,26,2023-07-21
PATRIZIAS OF TOTTENVILLE,Staten Island,Italian,C,33,2025-10-09
PEKING TASTE,Staten Island,Chinese,A,10,2024-01-08
PEKING TASTE SI,Staten Island,Chinese,A,13,2025-12-17
PERK UP COFFEEHOUSE,Staten Island,Coffee/Tea,B,14,2026-02-12
PERKINS RESTAURANT & BAKERY,Staten Island,American,A,10,2023-11-16
PHO PLUS VIETNAMESE NOODLE,Staten Island,Asian/Asian Fusion,B,19,2025-11-10
PICCOLINO,Staten Island,Italian,A,9,2024-02-01
PIER 76,Staten Island,Pizza,C,28,2024-04-26
PIZZA MIA,Staten Island,Pizza,A,11,2025-09-17
PIZZERIA GIOVE,Staten Island,Italian,A,9,2023-03-16
PLANET WINGS,Staten Island,Chicken,A,8,2022-09-13
PLANET WINGS,Staten Island,Chicken,A,12,2023-11-27
PLAYA BOWLS,Staten Island,"Juice, Smoothies, Fruit Salads",A,6,2024-03-27
PLAYA BOWLS,Staten Island,"Juice, Smoothies, Fruit Salads",C,29,2025-10-09
PLAZA PIZZA,Staten Island,Pizza,B,22,2026-03-31
POPEYES,Staten Island,Chicken,A,13,2025-08-27
POPEYES,Staten Island,Chicken,A,13,2026-06-16
POPEYES,Staten Island,Chicken,A,6,2025-06-12
POPEYES,Staten Island,Chicken,B,19,2025-08-27
POPEYES,Staten Island,Chicken,C,30,2023-10-13
PRECIOUS ISLAND TEA SHOP,Staten Island,Chinese,B,24,2022-11-28
PRECIOUS ISLAND TEA SHOP,Staten Island,Chinese,B,22,2024-02-27
PRIME PIZZA KITCHEN,Staten Island,Pizza,A,12,2025-09-25
PRIMO PIZZERIA,Staten Island,Pizza,B,15,2024-09-04
PRIMO'S FAMOUS PIZZERIA,Staten Island,Pizza,C,39,2026-03-07
PRONTO PIZZA,Staten Island,Pizza,A,9,2024-11-12
PRONTO PIZZA PASTA,Staten Island,Pizza,B,25,2025-09-04
QDOBA MEXICAN EAT,Staten Island,Mexican,A,9,2023-01-31
QDOBA MEXICAN EATS,Staten Island,Mexican,B,19,2024-03-25
QUICK GRILL JAPAN,Staten Island,Japanese,B,22,2023-11-15
QUICK GRILL JAPAN,Staten Island,Japanese,C,38,2026-01-05
RALPHS ICES,Staten Island,Frozen Desserts,A,12,2024-04-04
RALPHS ICES,Staten Island,Frozen Desserts,A,13,2026-06-10
RAN VIET,Staten Island,Chinese,A,10,2025-12-20
RAN VIET,Staten Island,Asian/Asian Fusion,A,12,2025-08-12
RANDIWA,Staten Island,Indian,A,13,2023-10-10
REAL FRUIT BUBBLE TEA,Staten Island,Coffee/Tea,A,10,2025-12-18
REAL FRUIT BUBBLE TEA,Staten Island,Coffee/Tea,C,45,2025-08-27
RECUERDOS MEXICANOS,Staten Island,Mexican,C,28,2022-07-18
REDEMPTION COFFEE,Staten Island,Coffee/Tea,B,16,2024-10-24
RENATO'S PASTRY SHOP,Staten Island,Bakery Products/Desserts,A,11,2025-09-09
RENATO'S PASTRY SHOP,Staten Island,Bakery Products/Desserts,A,13,2023-09-06
RENATO'S PASTRY SHOP,Staten Island,Bakery Products/Desserts,B,27,2024-05-01
REYES DELI MEXICANA,Staten Island,Mexican,B,17,2025-07-09
REYES DELI MEXICANA,Staten Island,Mexican,B,27,2024-01-22
REYES DELI MEXICANA,Staten Island,Mexican,B,22,2025-01-31
RICHMOND BAGEL & GOURMET DELI,Staten Island,Sandwiches,B,24,2025-10-14
RICHMOND COUNTY COUNTRY CLUB,Staten Island,American,A,12,2026-03-11
RINCONCITO PAISA-COLOMBIAN BAKERY & RESTAURANT,Staten Island,Latin American,B,20,2023-01-19
RINCONCITO PAISA-COLOMBIAN BAKERY & RESTAURANT,Staten Island,Latin American,B,26,2024-03-18
RIVA CAFE NYC,Staten Island,Turkish,A,10,2025-04-07
ROADHOUSE RESTAURANT,Staten Island,Italian,A,7,2026-04-21
ROBERTO'S GOURMET KITCHEN,Staten Island,Italian,A,10,2026-06-23
RONNIE'S SANDWICH SHOPPE,Staten Island,Sandwiches,C,31,2024-08-23
ROPPONGI ROBATA SUSHI,Staten Island,Japanese,A,12,2026-06-10
ROSEBANK PIZZA,Staten Island,Pizza,B,21,2024-05-07
ROSSVILLE PIZZERIA,Staten Island,Pizza,A,12,2025-08-07
ROYAL CUCINA,Staten Island,American,A,13,2023-01-26
RUDDY AND DEAN,Staten Island,American,A,13,2025-05-05
RUDDY AND DEAN,Staten Island,American,B,22,2023-05-17
RUSTIC PIZZA AND PASTERIA,Staten Island,Pizza,A,13,2025-12-06
SAIKAI RAMEN,Staten Island,Asian/Asian Fusion,A,10,2026-01-07
SAKANA SUSHI & HIBACHI STEAKHOUSE,Staten Island,Steakhouse,C,46,2023-10-12
SALLY'S SOUTHERN,Staten Island,Barbecue,C,67,2023-08-07
SALVATORE AND LLOYD'S PIZZA,Staten Island,Pizza,A,8,2024-03-05
SAN JERONIMO RESTAURANT & BAKERY,Staten Island,Mexican,B,21,2024-12-16
SAPPORO SUSHI,Staten Island,Japanese,A,12,2023-07-05
SARKU JAPAN,Staten Island,Japanese,A,10,2025-12-08
SEPPE PIZZA BAR,Staten Island,Pizza,B,18,2023-08-28
SHAH'S HALAL FOOD,Staten Island,Middle Eastern,A,12,2026-04-13
SI CHINA COOK RESTAURANT,Staten Island,Chinese,B,22,2025-12-04
SI FISH & MORE,Staten Island,Soul Food,A,7,2025-02-04
SILVER LAKE GOLF COURSE- THE VERANDA CAFE,Staten Island,American,A,10,2026-07-07
SOBOL,Staten Island,"Juice, Smoothies, Fruit Salads",A,12,2025-12-26
SOFIA'S GUAC BAR,Staten Island,Mexican,B,22,2024-08-20
SOFIA'S TAQUERIA,Staten Island,Mexican,B,27,2024-03-14
SOFIA'S TAQUERIA,Staten Island,Tex-Mex,B,23,2024-11-14
SOUL FOOD STATION,Staten Island,Soul Food,C,59,2025-10-16
STARBUCKS,Staten Island,Coffee/Tea,A,5,2024-07-12
STARBUCKS,Staten Island,Coffee/Tea,A,10,2025-08-28
STARBUCKS,Staten Island,Coffee/Tea,A,11,2024-03-25
STARBUCKS COFFEE,Staten Island,Coffee/Tea,A,9,2023-01-19
STARBUCKS COFFEE,Staten Island,Coffee/Tea,A,12,2025-08-07
STARBUCKS COFFEE COMPANY,Staten Island,Coffee/Tea,A,5,2024-07-01
STARBUCKS COFFEE COMPANY,Staten Island,Coffee/Tea,A,9,2025-06-20
STARBUCKS COFFEE COMPANY,Staten Island,Coffee/Tea,A,10,2026-05-04
STATEN ISLAND FERRY HAWKS/TASTE OF SHAOLIN,Staten Island,Other,A,10,2025-08-10
STATUE OF LIBERTY DELI,Staten Island,American,A,2,2025-12-01
STATUE OF LIBERTY DELI,Staten Island,American,B,27,2024-03-01
STATUE OF LIBERTY DELI,Staten Island,American,C,37,2024-07-19
STATUE OF LIBERTY DELI,Staten Island,American,C,48,2023-01-24
SUBWAY,Staten Island,Sandwiches,A,8,2025-11-10
SUBWAY,Staten Island,Sandwiches,A,11,2023-10-13
SUBWAY,Staten Island,Sandwiches,B,23,2023-06-12
SUBWAY,Staten Island,Sandwiches,C,36,2025-09-10
TACO BELL,Staten Island,Tex-Mex,A,12,2025-03-20
"TACO BELL, PIATTINO, GREEN LEAFS",Staten Island,Tex-Mex,A,9,2023-08-17
"TACO BELL, PIATTINO, GREEN LEAFS",Staten Island,Tex-Mex,A,10,2025-11-10
"TACO BELL, PIATTINO, GREEN LEAFS",Staten Island,Tex-Mex,C,47,2025-05-21
TAQUERIA EL GALLO AZTECA,Staten Island,Mexican,A,10,2023-03-15
TASTE OF CHINA,Staten Island,Chinese,B,16,2026-03-31
TASTE OF CHINA,Staten Island,Chinese,B,25,2024-03-21
TASTE OF HONEY,Staten Island,American,A,10,2023-05-11
TERMINAL ONE,Staten Island,Polish,B,19,2025-07-02
TERRIBLE EDDIES,Staten Island,Sandwiches/Salads/Mixed Buffet,A,13,2026-07-28
THE BELVEDERE CLUB,Staten Island,Italian,A,9,2023-03-15
THE BURRITO BAR RESTAURANT,Staten Island,Mexican,A,9,2022-11-28
THE BURRITO SHOPPE AND SALAD JUNKIE,Staten Island,Mexican,C,33,2024-03-05
THE CAKE CHEF,Staten Island,Bakery Products/Desserts,A,13,2024-08-28
THE GRANT CITY TAVERN,Staten Island,American,A,13,2024-10-04
THE KETTLE BLACK,Staten Island,American,A,12,2024-04-15
THE KOVA,Staten Island,Coffee/Tea,A,11,2025-12-03
THE LOCAL,Staten Island,American,C,32,2023-10-17
THE NEW DINETTE,Staten Island,American,A,12,2024-08-16
THE PIZZA PARLOR,Staten Island,Pizza,A,10,2024-12-17
THE PIZZA PARLOR,Staten Island,Pizza,A,11,2024-07-24
THE WEST SHORE INN RESTAURANT,Staten Island,American,C,92,2023-09-18
TI AMO PIZZA,Staten Island,Pizza,A,13,2023-04-13
TIENDA VALENTINA'S RESTAURANTE,Staten Island,Mexican,A,12,2024-04-22
TIM HORTONS,Staten Island,Coffee/Tea,A,13,2025-08-12
TOMMY'S TAVERN & TAP,Staten Island,American,A,12,2024-03-19
TOWNE DELI & PIZZA,Staten Island,Pizza,A,7,2023-11-30
TOWNE DELI & PIZZA,Staten Island,Pizza,A,10,2024-12-24
TRACKSIDE BAR&GRILL,Staten Island,American,A,13,2023-12-28
TROPICAL SMOOTHIE CAFE,Staten Island,"Juice, Smoothies, Fruit Salads",A,10,2025-05-16
TU TIPICO DOMINICANO,Staten Island,Spanish,A,12,2025-12-08
TU TIPICO DOMINICANO,Staten Island,Spanish,B,21,2023-02-01
UMI SUSHI & SEAFOOD BUFFET,Staten Island,Asian/Asian Fusion,B,25,2026-07-21
VERDES ON FOREST,Staten Island,Pizza,C,31,2024-11-26
VILLAGE MARIA,Staten Island,Pizza,B,26,2024-04-11
WAGNER COLLEGE - HAWK'S NEST,Staten Island,American,A,11,2025-10-02
WAGNER COLLEGE - HAWK'S NEST,Staten Island,American,A,4,2024-03-25
WAGNER COLLEGE - MAIN DINING   HALL,Staten Island,American,A,11,2025-10-06
WENDY'S,Staten Island,Hamburgers,A,12,2022-12-19
WENDY'S,Staten Island,Hamburgers,A,9,2023-09-25
WENDY'S,Staten Island,Hamburgers,A,5,2025-09-08
WENDY'S,Staten Island,Hamburgers,B,23,2024-01-25
WENDY'S,Staten Island,Hamburgers,C,45,2025-08-07
WILD CRAB HOUSE,Staten Island,Cajun,A,12,2024-03-12
WOODROW DINER,Staten Island,American,B,19,2026-04-03
YA YA ROASTED,Staten Island,Chinese,B,17,2025-01-02
YOGURT CITY,Staten Island,Frozen Desserts,A,5,2023-12-18
YUM YUM CHINESE FOOD,Staten Island,Chinese,A,3,2023-06-12
Z-TWO DINER & LOUNGE,Staten Island,American,C,33,2025-10-03
ZZ'S PIZZA & GRILL,Staten Island,Pizza,B,23,2024-12-31
